DAY_OF_WEEK,FL_DATE,OP_UNIQUE_CARRIER,OP_CARRIER_AIRLINE_ID,TAIL_NUM,OP_CARRIER_FL_NUM,ORIGIN_AIRPORT_ID,ORIGIN,ORIGIN_CITY_NAME,ORIGIN_STATE_ABR,DEST_AIRPORT_ID,DEST,DEST_CITY_NAME,DEST_STATE_ABR,CRS_DEP_TIME,DEP_TIME,DEP_DELAY,CRS_ARR_TIME,ARR_TIME,ARR_DELAY,ARR_DELAY_NEW,ARR_DEL15,ARR_DELAY_GROUP,ARR_TIME_BLK,CANCELLED,CANCELLATION_CODE,DIVERTED,CRS_ELAPSED_TIME,ACTUAL_ELAPSED_TIME,AIR_TIME,DISTANCE,CARRIER_DELAY,WEATHER_DELAY,NAS_DELAY,SECURITY_DELAY,LATE_AIRCRAFT_DELAY
1,1/5/2026 12:00:00 AM,YX,20452,N420YX,4745,14576,ROC,"Rochester, NY",NY,13930,ORD,"Chicago, IL",IL,0515,0507,-8.00,0633,0614,-19.00,0.00,0.00,-2,0600-0659,0.00,,0.00,138.00,127.00,87.00,528.00,,,,,
4,1/8/2026 12:00:00 AM,DL,19790,N359NW,411,11433,DTW,"Detroit, MI",MI,14986,SRQ,"Sarasota/Bradenton, FL",FL,1013,1027,14.00,1309,1300,-9.00,0.00,0.00,-1,1300-1359,0.00,,0.00,176.00,153.00,136.00,1022.00,,,,,
4,1/29/2026 12:00:00 AM,UA,19977,N47370,1236,11292,DEN,"Denver, CO",CO,14107,PHX,"Phoenix, AZ",AZ,2055,2051,-4.00,2259,2240,-19.00,0.00,0.00,-2,2200-2259,0.00,,0.00,124.00,109.00,85.00,602.00,,,,,
5,1/16/2026 12:00:00 AM,YX,20452,N216JQ,5828,12339,IND,"Indianapolis, IN",IN,10721,BOS,"Boston, MA",MA,1135,1125,-10.00,1351,1333,-18.00,0.00,0.00,-2,1300-1359,0.00,,0.00,136.00,128.00,103.00,818.00,,,,,
2,1/27/2026 12:00:00 AM,OO,20304,N689CA,3960,15016,STL,"St. Louis, MO",MO,11433,DTW,"Detroit, MI",MI,1019,1120,61.00,1300,1343,43.00,43.00,1.00,2,1300-1359,0.00,,0.00,101.00,83.00,60.00,440.00,43.00,0.00,0.00,0.00,0.00
7,1/4/2026 12:00:00 AM,F9,20436,N640FR,2451,11057,CLT,"Charlotte, NC",NC,13204,MCO,"Orlando, FL",FL,2133,2157,24.00,2329,2349,20.00,20.00,1.00,1,2300-2359,0.00,,0.00,116.00,112.00,71.00,468.00,0.00,0.00,0.00,0.00,20.00
5,1/9/2026 12:00:00 AM,OO,20304,N134SY,5361,12266,IAH,"Houston, TX",TX,15370,TUL,"Tulsa, OK",OK,1200,1156,-4.00,1339,1315,-24.00,0.00,0.00,-2,1300-1359,0.00,,0.00,99.00,79.00,56.00,429.00,,,,,
5,1/16/2026 12:00:00 AM,DL,19790,N526DE,798,12478,JFK,"New York, NY",NY,14107,PHX,"Phoenix, AZ",AZ,1844,1844,0.00,2240,2210,-30.00,0.00,0.00,-2,2200-2259,0.00,,0.00,356.00,326.00,302.00,2153.00,,,,,
6,1/3/2026 12:00:00 AM,OO,20304,N85363,4768,13851,OKC,"Oklahoma City, OK",OK,11292,DEN,"Denver, CO",CO,1710,2016,186.00,1819,2105,166.00,166.00,1.00,11,1800-1859,0.00,,0.00,129.00,109.00,81.00,495.00,0.00,0.00,0.00,0.00,166.00
7,1/4/2026 12:00:00 AM,DL,19790,N990AT,1705,10397,ATL,"Atlanta, GA",GA,13851,OKC,"Oklahoma City, OK",OK,1218,1238,20.00,1336,1344,8.00,8.00,0.00,0,1300-1359,0.00,,0.00,138.00,126.00,113.00,761.00,,,,,
1,1/5/2026 12:00:00 AM,WN,19393,N8977G,544,13198,MCI,"Kansas City, MO",MO,14107,PHX,"Phoenix, AZ",AZ,1905,1901,-4.00,2100,2106,6.00,6.00,0.00,0,2100-2159,0.00,,0.00,175.00,185.00,166.00,1044.00,,,,,
2,1/13/2026 12:00:00 AM,WN,19393,N463WN,2519,14107,PHX,"Phoenix, AZ",AZ,10713,BOI,"Boise, ID",ID,1440,1447,7.00,1650,1649,-1.00,0.00,0.00,-1,1600-1659,0.00,,0.00,130.00,122.00,111.00,735.00,,,,,
5,1/30/2026 12:00:00 AM,WN,19393,N8676A,1973,12889,LAS,"Las Vegas, NV",NV,11109,COS,"Colorado Springs, CO",CO,1415,1414,-1.00,1705,1658,-7.00,0.00,0.00,-1,1700-1759,0.00,,0.00,110.00,104.00,86.00,604.00,,,,,
3,1/28/2026 12:00:00 AM,OH,20397,N559NN,5017,11298,DFW,"Dallas/Fort Worth, TX",TX,13277,MGM,"Montgomery, AL",AL,1059,1050,-9.00,1254,1242,-12.00,0.00,0.00,-1,1200-1259,0.00,,0.00,115.00,112.00,84.00,622.00,,,,,
3,1/21/2026 12:00:00 AM,OO,20304,N282SY,3880,14869,SLC,"Salt Lake City, UT",UT,12156,HLN,"Helena, MT",MT,1045,1040,-5.00,1227,1208,-19.00,0.00,0.00,-2,1200-1259,0.00,,0.00,102.00,88.00,68.00,402.00,,,,,
6,1/24/2026 12:00:00 AM,OO,20304,N461SW,5026,13930,ORD,"Chicago, IL",IL,12559,JST,"Johnstown, PA",PA,2125,,,0015,,,,,,0001-0559,1.00,B,0.00,110.00,,,487.00,,,,,
2,1/20/2026 12:00:00 AM,YX,20452,N245JQ,5856,10792,BUF,"Buffalo, NY",NY,12953,LGA,"New York, NY",NY,1037,1030,-7.00,1159,1141,-18.00,0.00,0.00,-2,1100-1159,0.00,,0.00,82.00,71.00,49.00,292.00,,,,,
6,1/10/2026 12:00:00 AM,DL,19790,N363DN,1376,14027,PBI,"West Palm Beach/Palm Beach, FL",FL,10397,ATL,"Atlanta, GA",GA,0600,0548,-12.00,0800,0727,-33.00,0.00,0.00,-2,0800-0859,0.00,,0.00,120.00,99.00,80.00,545.00,,,,,
5,1/23/2026 12:00:00 AM,DL,19790,N377DE,1087,14869,SLC,"Salt Lake City, UT",UT,12892,LAX,"Los Angeles, CA",CA,0745,0740,-5.00,0903,0846,-17.00,0.00,0.00,-2,0900-0959,0.00,,0.00,138.00,126.00,90.00,590.00,,,,,
3,1/7/2026 12:00:00 AM,WN,19393,N913WN,3221,14908,SNA,"Santa Ana, CA",CA,14831,SJC,"San Jose, CA",CA,0645,0634,-11.00,0820,0802,-18.00,0.00,0.00,-2,0800-0859,0.00,,0.00,95.00,88.00,58.00,342.00,,,,,
5,1/2/2026 12:00:00 AM,MQ,20398,N234JW,3572,11066,CMH,"Columbus, OH",OH,13930,ORD,"Chicago, IL",IL,0839,1054,135.00,0915,1107,112.00,112.00,1.00,7,0900-0959,0.00,,0.00,96.00,73.00,55.00,296.00,112.00,0.00,0.00,0.00,0.00
6,1/3/2026 12:00:00 AM,UA,19977,N37504,1655,13930,ORD,"Chicago, IL",IL,14683,SAT,"San Antonio, TX",TX,1941,2033,52.00,2254,2318,24.00,24.00,1.00,1,2200-2259,0.00,,0.00,193.00,165.00,132.00,1041.00,10.00,0.00,0.00,0.00,14.00
1,1/12/2026 12:00:00 AM,AA,19805,N816AW,1516,14689,SBA,"Santa Barbara, CA",CA,14107,PHX,"Phoenix, AZ",AZ,0600,0550,-10.00,0837,0823,-14.00,0.00,0.00,-1,0800-0859,0.00,,0.00,97.00,93.00,67.00,455.00,,,,,
4,1/1/2026 12:00:00 AM,DL,19790,N339NB,2872,10821,BWI,"Baltimore, MD",MD,13487,MSP,"Minneapolis, MN",MN,0600,0551,-9.00,0750,0755,5.00,5.00,0.00,0,0700-0759,0.00,,0.00,170.00,184.00,150.00,936.00,,,,,
3,1/14/2026 12:00:00 AM,MQ,20398,N214NN,3689,11298,DFW,"Dallas/Fort Worth, TX",TX,10140,ABQ,"Albuquerque, NM",NM,0850,0846,-4.00,0952,0949,-3.00,0.00,0.00,-1,0900-0959,0.00,,0.00,122.00,123.00,92.00,569.00,,,,,
5,1/23/2026 12:00:00 AM,F9,20436,,2890,11292,DEN,"Denver, CO",CO,10423,AUS,"Austin, TX",TX,2100,,,0016,,,,,,0001-0559,1.00,B,0.00,136.00,,,775.00,,,,,
1,1/19/2026 12:00:00 AM,WN,19393,N8520Q,2962,12892,LAX,"Los Angeles, CA",CA,12889,LAS,"Las Vegas, NV",NV,1645,1701,16.00,1755,1805,10.00,10.00,0.00,0,1700-1759,0.00,,0.00,70.00,64.00,41.00,236.00,,,,,
5,1/23/2026 12:00:00 AM,MQ,20398,N332JG,3615,14783,SGF,"Springfield, MO",MO,11298,DFW,"Dallas/Fort Worth, TX",TX,0800,0801,1.00,0950,0940,-10.00,0.00,0.00,-1,0900-0959,0.00,,0.00,110.00,99.00,74.00,364.00,,,,,
7,1/11/2026 12:00:00 AM,B6,20409,N547JB,2119,13933,ORH,"Worcester, MA",MA,11697,FLL,"Fort Lauderdale, FL",FL,1645,1634,-11.00,2009,2005,-4.00,0.00,0.00,-1,2000-2059,0.00,,0.00,204.00,211.00,194.00,1211.00,,,,,
7,1/18/2026 12:00:00 AM,AS,19930,N589AS,490,14679,SAN,"San Diego, CA",CA,10713,BOI,"Boise, ID",ID,2015,2007,-8.00,2342,2318,-24.00,0.00,0.00,-2,2300-2359,0.00,,0.00,147.00,131.00,108.00,749.00,,,,,
2,1/6/2026 12:00:00 AM,DL,19790,N938AT,1230,11433,DTW,"Detroit, MI",MI,13244,MEM,"Memphis, TN",TN,2010,2001,-9.00,2117,2053,-24.00,0.00,0.00,-2,2100-2159,0.00,,0.00,127.00,112.00,96.00,610.00,,,,,
5,1/2/2026 12:00:00 AM,AA,19805,N745VJ,2400,11298,DFW,"Dallas/Fort Worth, TX",TX,10423,AUS,"Austin, TX",TX,0810,0805,-5.00,0915,0909,-6.00,0.00,0.00,-1,0900-0959,0.00,,0.00,65.00,64.00,34.00,190.00,,,,,
2,1/20/2026 12:00:00 AM,DL,19790,N3743H,1273,11996,GSP,"Greer, SC",SC,10397,ATL,"Atlanta, GA",GA,1505,1456,-9.00,1606,1546,-20.00,0.00,0.00,-2,1600-1659,0.00,,0.00,61.00,50.00,33.00,153.00,,,,,
6,1/31/2026 12:00:00 AM,WN,19393,N7832A,3125,12191,HOU,"Houston, TX",TX,14683,SAT,"San Antonio, TX",TX,1430,1449,19.00,1530,1547,17.00,17.00,1.00,1,1500-1559,0.00,,0.00,60.00,58.00,38.00,192.00,17.00,0.00,0.00,0.00,0.00
3,1/7/2026 12:00:00 AM,OO,20304,N904EV,5027,13930,ORD,"Chicago, IL",IL,11471,EAU,"Eau Claire, WI",WI,1238,1635,237.00,1403,1811,248.00,248.00,1.00,12,1400-1459,0.00,,0.00,85.00,96.00,52.00,269.00,237.00,0.00,11.00,0.00,0.00
2,1/20/2026 12:00:00 AM,OO,20304,N533GJ,5358,13930,ORD,"Chicago, IL",IL,10874,CAK,"Akron, OH",OH,1448,1627,99.00,1725,1854,89.00,89.00,1.00,5,1700-1759,0.00,,0.00,97.00,87.00,54.00,344.00,0.00,0.00,0.00,0.00,89.00
7,1/18/2026 12:00:00 AM,MQ,20398,N762DT,3504,10469,AZO,"Kalamazoo, MI",MI,13930,ORD,"Chicago, IL",IL,1614,1604,-10.00,1640,1614,-26.00,0.00,0.00,-2,1600-1659,0.00,,0.00,86.00,70.00,32.00,122.00,,,,,
1,1/26/2026 12:00:00 AM,UA,19977,N37420,1164,14771,SFO,"San Francisco, CA",CA,12892,LAX,"Los Angeles, CA",CA,1052,1048,-4.00,1224,1238,14.00,14.00,0.00,0,1200-1259,0.00,,0.00,92.00,110.00,56.00,337.00,,,,,
5,1/9/2026 12:00:00 AM,AA,19805,N930AN,913,13871,OMA,"Omaha, NE",NE,11298,DFW,"Dallas/Fort Worth, TX",TX,1740,1754,14.00,1954,2012,18.00,18.00,1.00,1,1900-1959,0.00,,0.00,134.00,138.00,114.00,583.00,0.00,0.00,4.00,0.00,14.00
5,1/16/2026 12:00:00 AM,YX,20452,N130HQ,4794,14986,SRQ,"Sarasota/Bradenton, FL",FL,14100,PHL,"Philadelphia, PA",PA,1418,1417,-1.00,1704,1647,-17.00,0.00,0.00,-2,1700-1759,0.00,,0.00,166.00,150.00,126.00,957.00,,,,,
5,1/2/2026 12:00:00 AM,G4,20368,208NV,458,14908,SNA,"Santa Ana, CA",CA,11423,DSM,"Des Moines, IA",IA,0936,0936,0.00,1454,1451,-3.00,0.00,0.00,-1,1400-1459,0.00,,0.00,198.00,195.00,174.00,1428.00,,,,,
3,1/7/2026 12:00:00 AM,AA,19805,N938AN,3317,14027,PBI,"West Palm Beach/Palm Beach, FL",FL,12953,LGA,"New York, NY",NY,1250,1246,-4.00,1537,1526,-11.00,0.00,0.00,-1,1500-1559,0.00,,0.00,167.00,160.00,141.00,1035.00,,,,,
7,1/25/2026 12:00:00 AM,F9,20436,,2343,14492,RDU,"Raleigh/Durham, NC",NC,11298,DFW,"Dallas/Fort Worth, TX",TX,1635,,,1902,,,,,,1900-1959,1.00,B,0.00,207.00,,,1061.00,,,,,
1,1/5/2026 12:00:00 AM,OO,20304,N503SY,6418,13871,OMA,"Omaha, NE",NE,12892,LAX,"Los Angeles, CA",CA,1526,1531,5.00,1710,1715,5.00,5.00,0.00,0,1700-1759,0.00,,0.00,224.00,224.00,200.00,1330.00,,,,,
7,1/4/2026 12:00:00 AM,WN,19393,N8686A,2464,11259,DAL,"Dallas, TX",TX,13204,MCO,"Orlando, FL",FL,0825,0825,0.00,1155,1147,-8.00,0.00,0.00,-1,1100-1159,0.00,,0.00,150.00,142.00,119.00,973.00,,,,,
4,1/15/2026 12:00:00 AM,OO,20304,N263SY,4454,15041,SUN,"Sun Valley/Hailey/Ketchum, ID",ID,14869,SLC,"Salt Lake City, UT",UT,1530,1514,-16.00,1640,1617,-23.00,0.00,0.00,-2,1600-1659,0.00,,0.00,70.00,63.00,40.00,222.00,,,,,
2,1/20/2026 12:00:00 AM,DL,19790,N721TW,321,10721,BOS,"Boston, MA",MA,12892,LAX,"Los Angeles, CA",CA,1730,1725,-5.00,2122,2051,-31.00,0.00,0.00,-2,2100-2159,0.00,,0.00,412.00,386.00,361.00,2611.00,,,,,
1,1/12/2026 12:00:00 AM,AA,19805,N567UW,3122,14100,PHL,"Philadelphia, PA",PA,11298,DFW,"Dallas/Fort Worth, TX",TX,1535,1530,-5.00,1840,1830,-10.00,0.00,0.00,-1,1800-1859,0.00,,0.00,245.00,240.00,189.00,1303.00,,,,,
4,1/22/2026 12:00:00 AM,AS,19930,N208AS,942,13830,OGG,"Kahului, HI",HI,14771,SFO,"San Francisco, CA",CA,1150,1152,2.00,1850,1853,3.00,3.00,0.00,0,1800-1859,0.00,,0.00,300.00,301.00,287.00,2338.00,,,,,
6,1/24/2026 12:00:00 AM,WN,19393,N8727M,3033,15304,TPA,"Tampa, FL",FL,13495,MSY,"New Orleans, LA",LA,1325,1333,8.00,1415,1413,-2.00,0.00,0.00,-1,1400-1459,0.00,,0.00,110.00,100.00,83.00,487.00,,,,,
2,1/20/2026 12:00:00 AM,DL,19790,N329NW,2857,10397,ATL,"Atlanta, GA",GA,13230,MDT,"Harrisburg, PA",PA,1523,1533,10.00,1707,1708,1.00,1.00,0.00,0,1700-1759,0.00,,0.00,104.00,95.00,80.00,620.00,,,,,
4,1/29/2026 12:00:00 AM,WN,19393,N208WN,626,14908,SNA,"Santa Ana, CA",CA,12889,LAS,"Las Vegas, NV",NV,1840,1833,-7.00,1950,1930,-20.00,0.00,0.00,-2,1900-1959,0.00,,0.00,70.00,57.00,43.00,226.00,,,,,
1,1/5/2026 12:00:00 AM,G4,20368,320NV,1711,10620,BIL,"Billings, MT",MT,12889,LAS,"Las Vegas, NV",NV,1014,1005,-9.00,1121,1138,17.00,17.00,1.00,1,1100-1159,0.00,,0.00,127.00,153.00,129.00,754.00,0.00,0.00,17.00,0.00,0.00
1,1/26/2026 12:00:00 AM,OO,20304,N181SY,3332,14679,SAN,"San Diego, CA",CA,10423,AUS,"Austin, TX",TX,1417,1409,-8.00,1919,1900,-19.00,0.00,0.00,-2,1900-1959,0.00,,0.00,182.00,171.00,142.00,1164.00,,,,,
5,1/23/2026 12:00:00 AM,WN,19393,N8532S,3121,13232,MDW,"Chicago, IL",IL,15304,TPA,"Tampa, FL",FL,0750,0830,40.00,1130,1209,39.00,39.00,1.00,2,1100-1159,0.00,,0.00,160.00,159.00,128.00,997.00,39.00,0.00,0.00,0.00,0.00
3,1/7/2026 12:00:00 AM,OH,20397,N603NN,5067,11057,CLT,"Charlotte, NC",NC,10397,ATL,"Atlanta, GA",GA,1519,1518,-1.00,1644,1623,-21.00,0.00,0.00,-2,1600-1659,0.00,,0.00,85.00,65.00,41.00,226.00,,,,,
7,1/18/2026 12:00:00 AM,UA,19977,N39463,2311,12892,LAX,"Los Angeles, CA",CA,12266,IAH,"Houston, TX",TX,0040,0040,0.00,0552,0547,-5.00,0.00,0.00,-1,0001-0559,0.00,,0.00,192.00,187.00,161.00,1379.00,,,,,
3,1/14/2026 12:00:00 AM,WN,19393,N8602F,2131,11697,FLL,"Fort Lauderdale, FL",FL,10821,BWI,"Baltimore, MD",MD,1140,1136,-4.00,1415,1402,-13.00,0.00,0.00,-1,1400-1459,0.00,,0.00,155.00,146.00,128.00,925.00,,,,,
7,1/4/2026 12:00:00 AM,DL,19790,N841DN,1416,14027,PBI,"West Palm Beach/Palm Beach, FL",FL,11433,DTW,"Detroit, MI",MI,1809,1803,-6.00,2110,2121,11.00,11.00,0.00,0,2100-2159,0.00,,0.00,181.00,198.00,164.00,1086.00,,,,,
7,1/4/2026 12:00:00 AM,DL,19790,N945AT,1286,11433,DTW,"Detroit, MI",MI,10529,BDL,"Hartford, CT",CT,1442,1433,-9.00,1622,1604,-18.00,0.00,0.00,-2,1600-1659,0.00,,0.00,100.00,91.00,74.00,549.00,,,,,
2,1/27/2026 12:00:00 AM,AA,19805,N804AW,943,14635,RSW,"Fort Myers, FL",FL,11278,DCA,"Washington, DC",VA,0933,,,1159,,,,,,1100-1159,1.00,B,0.00,146.00,,,892.00,,,,,
2,1/20/2026 12:00:00 AM,OO,20304,N608SK,6238,15041,SUN,"Sun Valley/Hailey/Ketchum, ID",ID,14107,PHX,"Phoenix, AZ",AZ,0809,,,1039,,,,,,1000-1059,1.00,B,0.00,150.00,,,705.00,,,,,
7,1/18/2026 12:00:00 AM,UA,19977,N13227,2321,14057,PDX,"Portland, OR",OR,13930,ORD,"Chicago, IL",IL,1047,1043,-4.00,1648,1651,3.00,3.00,0.00,0,1600-1659,0.00,,0.00,241.00,248.00,199.00,1739.00,,,,,
7,1/4/2026 12:00:00 AM,WN,19393,N940WN,1945,10821,BWI,"Baltimore, MD",MD,15304,TPA,"Tampa, FL",FL,1835,1829,-6.00,2110,2047,-23.00,0.00,0.00,-2,2100-2159,0.00,,0.00,155.00,138.00,120.00,842.00,,,,,
5,1/9/2026 12:00:00 AM,NK,20416,N724NK,931,12953,LGA,"New York, NY",NY,11298,DFW,"Dallas/Fort Worth, TX",TX,2059,2055,-4.00,0020,0011,-9.00,0.00,0.00,-1,0001-0559,0.00,,0.00,261.00,256.00,227.00,1389.00,,,,,
7,1/4/2026 12:00:00 AM,UA,19977,N210UA,1735,13830,OGG,"Kahului, HI",HI,11292,DEN,"Denver, CO",CO,2030,2028,-2.00,0603,0521,-42.00,0.00,0.00,-2,0600-0659,0.00,,0.00,393.00,353.00,336.00,3302.00,,,,,
6,1/17/2026 12:00:00 AM,OH,20397,N610NN,5488,11057,CLT,"Charlotte, NC",NC,13360,MLB,"Melbourne, FL",FL,1535,1712,97.00,1726,1857,91.00,91.00,1.00,6,1700-1759,0.00,,0.00,111.00,105.00,79.00,490.00,35.00,0.00,0.00,0.00,56.00
6,1/24/2026 12:00:00 AM,MQ,20398,N309JR,3930,11986,GRR,"Grand Rapids, MI",MI,13303,MIA,"Miami, FL",FL,0547,0545,-2.00,0915,0922,7.00,7.00,0.00,0,0900-0959,0.00,,0.00,208.00,217.00,171.00,1214.00,,,,,
6,1/17/2026 12:00:00 AM,YX,20452,N125HQ,4670,12478,JFK,"New York, NY",NY,11042,CLE,"Cleveland, OH",OH,1330,1321,-9.00,1528,1623,55.00,55.00,1.00,3,1500-1559,0.00,,0.00,118.00,182.00,89.00,425.00,0.00,0.00,55.00,0.00,0.00
1,1/12/2026 12:00:00 AM,WN,19393,N481WN,1476,15304,TPA,"Tampa, FL",FL,10423,AUS,"Austin, TX",TX,1245,1243,-2.00,1440,1430,-10.00,0.00,0.00,-1,1400-1459,0.00,,0.00,175.00,167.00,138.00,928.00,,,,,
3,1/14/2026 12:00:00 AM,OH,20397,N595NN,5627,11278,DCA,"Washington, DC",VA,10397,ATL,"Atlanta, GA",GA,0615,0604,-11.00,0829,0752,-37.00,0.00,0.00,-2,0800-0859,0.00,,0.00,134.00,108.00,88.00,547.00,,,,,
6,1/24/2026 12:00:00 AM,DL,19790,N336DX,759,15304,TPA,"Tampa, FL",FL,10397,ATL,"Atlanta, GA",GA,1757,1746,-11.00,1944,1914,-30.00,0.00,0.00,-2,1900-1959,0.00,,0.00,107.00,88.00,68.00,406.00,,,,,
7,1/11/2026 12:00:00 AM,WN,19393,N8548P,206,11292,DEN,"Denver, CO",CO,14679,SAN,"San Diego, CA",CA,2045,2110,25.00,2220,2215,-5.00,0.00,0.00,-1,2200-2259,0.00,,0.00,155.00,125.00,110.00,853.00,,,,,
4,1/1/2026 12:00:00 AM,MQ,20398,N337MR,3356,10431,AVL,"Asheville, NC",NC,13303,MIA,"Miami, FL",FL,0600,0554,-6.00,0806,0746,-20.00,0.00,0.00,-2,0800-0859,0.00,,0.00,126.00,112.00,93.00,677.00,,,,,
7,1/4/2026 12:00:00 AM,OO,20304,N78361,5453,11292,DEN,"Denver, CO",CO,15412,TYS,"Knoxville, TN",TN,0955,0959,4.00,1500,1448,-12.00,0.00,0.00,-1,1500-1559,0.00,,0.00,185.00,169.00,132.00,1162.00,,,,,
7,1/11/2026 12:00:00 AM,F9,20436,N356FR,3983,14107,PHX,"Phoenix, AZ",AZ,12889,LAS,"Las Vegas, NV",NV,1003,0953,-10.00,1021,1012,-9.00,0.00,0.00,-1,1000-1059,0.00,,0.00,78.00,79.00,46.00,255.00,,,,,
5,1/2/2026 12:00:00 AM,AA,19805,N425AN,2849,14107,PHX,"Phoenix, AZ",AZ,11298,DFW,"Dallas/Fort Worth, TX",TX,1322,1329,7.00,1646,1642,-4.00,0.00,0.00,-1,1600-1659,0.00,,0.00,144.00,133.00,105.00,868.00,,,,,
2,1/20/2026 12:00:00 AM,UA,19977,N845UA,1594,11292,DEN,"Denver, CO",CO,14262,PSP,"Palm Springs, CA",CA,1345,1525,100.00,1509,1626,77.00,77.00,1.00,5,1500-1559,0.00,,0.00,144.00,121.00,103.00,776.00,29.00,0.00,0.00,0.00,48.00
5,1/16/2026 12:00:00 AM,MQ,20398,N266NN,4106,13377,MLU,"Monroe, LA",LA,11298,DFW,"Dallas/Fort Worth, TX",TX,0600,0552,-8.00,0737,0727,-10.00,0.00,0.00,-1,0700-0759,0.00,,0.00,97.00,95.00,65.00,293.00,,,,,
2,1/27/2026 12:00:00 AM,OO,20304,N170SY,3056,11638,FAT,"Fresno, CA",CA,14679,SAN,"San Diego, CA",CA,1504,1509,5.00,1626,1626,0.00,0.00,0.00,0,1600-1659,0.00,,0.00,82.00,77.00,58.00,314.00,,,,,
5,1/2/2026 12:00:00 AM,DL,19790,N717JL,2892,10397,ATL,"Atlanta, GA",GA,11066,CMH,"Columbus, OH",OH,1555,1550,-5.00,1726,1719,-7.00,0.00,0.00,-1,1700-1759,0.00,,0.00,91.00,89.00,68.00,447.00,,,,,
1,1/26/2026 12:00:00 AM,G4,20368,,246,10431,AVL,"Asheville, NC",NC,14112,PIE,"St. Petersburg, FL",FL,0800,,,0946,,,,,,0900-0959,1.00,B,0.00,106.00,,,519.00,,,,,
4,1/8/2026 12:00:00 AM,DL,19790,N535DN,808,15304,TPA,"Tampa, FL",FL,11433,DTW,"Detroit, MI",MI,0830,0829,-1.00,1119,1115,-4.00,0.00,0.00,-1,1100-1159,0.00,,0.00,169.00,166.00,133.00,983.00,,,,,
1,1/5/2026 12:00:00 AM,OO,20304,N713SK,6401,13264,MFR,"Medford, OR",OR,14107,PHX,"Phoenix, AZ",AZ,0520,0513,-7.00,0848,0834,-14.00,0.00,0.00,-1,0800-0859,0.00,,0.00,148.00,141.00,116.00,855.00,,,,,
3,1/21/2026 12:00:00 AM,DL,19790,N948DZ,2925,13931,ORF,"Norfolk, VA",VA,10397,ATL,"Atlanta, GA",GA,1536,1534,-2.00,1733,1732,-1.00,0.00,0.00,-1,1700-1759,0.00,,0.00,117.00,118.00,93.00,516.00,,,,,
1,1/5/2026 12:00:00 AM,NK,20416,N991NK,883,13204,MCO,"Orlando, FL",FL,11697,FLL,"Fort Lauderdale, FL",FL,1934,2103,89.00,2049,2213,84.00,84.00,1.00,5,2000-2059,0.00,,0.00,75.00,70.00,38.00,177.00,11.00,0.00,73.00,0.00,0.00
6,1/3/2026 12:00:00 AM,F9,20436,N708FR,1267,14869,SLC,"Salt Lake City, UT",UT,12892,LAX,"Los Angeles, CA",CA,0907,0858,-9.00,1013,0958,-15.00,0.00,0.00,-1,1000-1059,0.00,,0.00,126.00,120.00,99.00,590.00,,,,,
5,1/30/2026 12:00:00 AM,WN,19393,N941WN,2022,13204,MCO,"Orlando, FL",FL,15016,STL,"St. Louis, MO",MO,1415,1415,0.00,1600,1600,0.00,0.00,0.00,0,1600-1659,0.00,,0.00,165.00,165.00,138.00,882.00,,,,,
6,1/3/2026 12:00:00 AM,UA,19977,N37504,1733,13930,ORD,"Chicago, IL",IL,12451,JAX,"Jacksonville, FL",FL,1120,1114,-6.00,1453,1459,6.00,6.00,0.00,0,1400-1459,0.00,,0.00,153.00,165.00,123.00,864.00,,,,,
3,1/28/2026 12:00:00 AM,DL,19790,N820DX,485,12758,KOA,"Kona, HI",HI,14747,SEA,"Seattle, WA",WA,2045,2041,-4.00,0435,0418,-17.00,0.00,0.00,-2,0001-0559,0.00,,0.00,350.00,337.00,303.00,2688.00,,,,,
3,1/7/2026 12:00:00 AM,AA,19805,N454AL,1720,14100,PHL,"Philadelphia, PA",PA,13204,MCO,"Orlando, FL",FL,1902,1854,-8.00,2157,2120,-37.00,0.00,0.00,-2,2100-2159,0.00,,0.00,175.00,146.00,114.00,862.00,,,,,
2,1/20/2026 12:00:00 AM,UA,19977,N38727,1671,13930,ORD,"Chicago, IL",IL,13485,MSN,"Madison, WI",WI,1810,1814,4.00,1907,1946,39.00,39.00,1.00,2,1900-1959,0.00,,0.00,57.00,92.00,31.00,108.00,0.00,0.00,39.00,0.00,0.00
5,1/16/2026 12:00:00 AM,OO,20304,N945SW,5113,14543,RKS,"Rock Springs, WY",WY,11292,DEN,"Denver, CO",CO,1408,2340,572.00,1534,0041,547.00,547.00,1.00,12,1500-1559,0.00,,0.00,86.00,61.00,44.00,260.00,0.00,0.00,0.00,0.00,547.00
3,1/14/2026 12:00:00 AM,F9,20436,N389FR,2134,12892,LAX,"Los Angeles, CA",CA,14107,PHX,"Phoenix, AZ",AZ,1225,1215,-10.00,1455,1441,-14.00,0.00,0.00,-1,1400-1459,0.00,,0.00,90.00,86.00,63.00,370.00,,,,,
1,1/12/2026 12:00:00 AM,AA,19805,N951NN,1196,11618,EWR,"Newark, NJ",NJ,13303,MIA,"Miami, FL",FL,0521,0513,-8.00,0844,0813,-31.00,0.00,0.00,-2,0800-0859,0.00,,0.00,203.00,180.00,157.00,1085.00,,,,,
5,1/9/2026 12:00:00 AM,WN,19393,N7715E,2910,13796,OAK,"Oakland, CA",CA,10800,BUR,"Burbank, CA",CA,1320,1331,11.00,1435,1434,-1.00,0.00,0.00,-1,1400-1459,0.00,,0.00,75.00,63.00,52.00,325.00,,,,,
4,1/1/2026 12:00:00 AM,AA,19805,N343PN,1692,13303,MIA,"Miami, FL",FL,11618,EWR,"Newark, NJ",NJ,0840,0838,-2.00,1151,1156,5.00,5.00,0.00,0,1100-1159,0.00,,0.00,191.00,198.00,161.00,1085.00,,,,,
2,1/6/2026 12:00:00 AM,B6,20409,N624JB,1349,13296,MHT,"Manchester, NH",NH,14635,RSW,"Fort Myers, FL",FL,1525,1512,-13.00,1906,1841,-25.00,0.00,0.00,-2,1900-1959,0.00,,0.00,221.00,209.00,192.00,1271.00,,,,,
3,1/21/2026 12:00:00 AM,MQ,20398,N302RN,3487,11298,DFW,"Dallas/Fort Worth, TX",TX,12896,LBB,"Lubbock, TX",TX,0847,0841,-6.00,1005,1003,-2.00,0.00,0.00,-1,1000-1059,0.00,,0.00,78.00,82.00,50.00,282.00,,,,,
7,1/4/2026 12:00:00 AM,WN,19393,N8523W,3531,10140,ABQ,"Albuquerque, NM",NM,10693,BNA,"Nashville, TN",TN,1620,1637,17.00,2000,2000,0.00,0.00,0.00,0,2000-2059,0.00,,0.00,160.00,143.00,126.00,1123.00,,,,,
4,1/8/2026 12:00:00 AM,AA,19805,N673AW,2446,11057,CLT,"Charlotte, NC",NC,13342,MKE,"Milwaukee, WI",WI,2230,2248,18.00,2335,0020,45.00,45.00,1.00,3,2300-2359,0.00,,0.00,125.00,152.00,137.00,651.00,18.00,0.00,27.00,0.00,0.00
2,1/6/2026 12:00:00 AM,YX,20452,N222JQ,5827,12953,LGA,"New York, NY",NY,10721,BOS,"Boston, MA",MA,1300,1256,-4.00,1417,1410,-7.00,0.00,0.00,-1,1400-1459,0.00,,0.00,77.00,74.00,42.00,184.00,,,,,
5,1/2/2026 12:00:00 AM,DL,19790,N343DN,1432,10397,ATL,"Atlanta, GA",GA,12266,IAH,"Houston, TX",TX,0725,0718,-7.00,0849,0836,-13.00,0.00,0.00,-1,0800-0859,0.00,,0.00,144.00,138.00,110.00,689.00,,,,,
2,1/13/2026 12:00:00 AM,DL,19790,N892AT,2364,13871,OMA,"Omaha, NE",NE,10397,ATL,"Atlanta, GA",GA,1612,1606,-6.00,1939,1904,-35.00,0.00,0.00,-2,1900-1959,0.00,,0.00,147.00,118.00,102.00,821.00,,,,,
1,1/12/2026 12:00:00 AM,DL,19790,N870DN,2078,14771,SFO,"San Francisco, CA",CA,13487,MSP,"Minneapolis, MN",MN,1246,1237,-9.00,1835,1810,-25.00,0.00,0.00,-2,1800-1859,0.00,,0.00,229.00,213.00,195.00,1589.00,,,,,
4,1/1/2026 12:00:00 AM,WN,19393,N8327A,2746,12191,HOU,"Houston, TX",TX,12953,LGA,"New York, NY",NY,0645,0641,-4.00,1100,1059,-1.00,0.00,0.00,-1,1100-1159,0.00,,0.00,195.00,198.00,176.00,1428.00,,,,,
6,1/31/2026 12:00:00 AM,WN,19393,N255WN,544,14107,PHX,"Phoenix, AZ",AZ,14771,SFO,"San Francisco, CA",CA,0900,0858,-2.00,1015,0954,-21.00,0.00,0.00,-2,1000-1059,0.00,,0.00,135.00,116.00,98.00,651.00,,,,,
6,1/17/2026 12:00:00 AM,OO,20304,N82366,5572,11292,DEN,"Denver, CO",CO,14869,SLC,"Salt Lake City, UT",UT,1340,1337,-3.00,1526,1510,-16.00,0.00,0.00,-2,1500-1559,0.00,,0.00,106.00,93.00,63.00,391.00,,,,,
3,1/14/2026 12:00:00 AM,DL,19790,N387DN,468,10397,ATL,"Atlanta, GA",GA,12953,LGA,"New York, NY",NY,1930,1927,-3.00,2142,2123,-19.00,0.00,0.00,-2,2100-2159,0.00,,0.00,132.00,116.00,95.00,762.00,,,,,
5,1/16/2026 12:00:00 AM,AS,19930,N490AS,1038,12173,HNL,"Honolulu, HI",HI,12758,KOA,"Kona, HI",HI,0820,0819,-1.00,0909,0915,6.00,6.00,0.00,0,0900-0959,0.00,,0.00,49.00,56.00,31.00,163.00,,,,,
3,1/21/2026 12:00:00 AM,MQ,20398,N328DS,3675,10627,BIS,"Bismarck/Mandan, ND",ND,11298,DFW,"Dallas/Fort Worth, TX",TX,0616,0611,-5.00,0923,0913,-10.00,0.00,0.00,-1,0900-0959,0.00,,0.00,187.00,182.00,125.00,977.00,,,,,
7,1/4/2026 12:00:00 AM,OH,20397,N712PS,5470,10257,ALB,"Albany, NY",NY,11278,DCA,"Washington, DC",VA,1219,1213,-6.00,1353,1334,-19.00,0.00,0.00,-2,1300-1359,0.00,,0.00,94.00,81.00,58.00,318.00,,,,,
4,1/29/2026 12:00:00 AM,AA,19805,N324RA,2709,11298,DFW,"Dallas/Fort Worth, TX",TX,14262,PSP,"Palm Springs, CA",CA,2121,2122,1.00,2234,2230,-4.00,0.00,0.00,-1,2200-2259,0.00,,0.00,193.00,188.00,158.00,1126.00,,,,,
5,1/30/2026 12:00:00 AM,MQ,20398,N230NN,4076,12915,LCH,"Lake Charles, LA",LA,11298,DFW,"Dallas/Fort Worth, TX",TX,1452,1522,30.00,1623,1642,19.00,19.00,1.00,1,1600-1659,0.00,,0.00,91.00,80.00,54.00,295.00,3.00,0.00,0.00,0.00,16.00
2,1/20/2026 12:00:00 AM,MQ,20398,N200NN,3564,11057,CLT,"Charlotte, NC",NC,10408,ATW,"Appleton, WI",WI,2150,2144,-6.00,2321,2301,-20.00,0.00,0.00,-2,2300-2359,0.00,,0.00,151.00,137.00,116.00,742.00,,,,,
7,1/11/2026 12:00:00 AM,NK,20416,N970NK,1466,10397,ATL,"Atlanta, GA",GA,13204,MCO,"Orlando, FL",FL,1627,1621,-6.00,1800,1738,-22.00,0.00,0.00,-2,1800-1859,0.00,,0.00,93.00,77.00,62.00,404.00,,,,,
6,1/3/2026 12:00:00 AM,AA,19805,N662AW,1773,11057,CLT,"Charlotte, NC",NC,15304,TPA,"Tampa, FL",FL,2233,2232,-1.00,0020,0001,-19.00,0.00,0.00,-2,0001-0559,0.00,,0.00,107.00,89.00,72.00,507.00,,,,,
5,1/30/2026 12:00:00 AM,OO,20304,N706SK,4936,11298,DFW,"Dallas/Fort Worth, TX",TX,12191,HOU,"Houston, TX",TX,0710,0701,-9.00,0834,0810,-24.00,0.00,0.00,-2,0800-0859,0.00,,0.00,84.00,69.00,46.00,247.00,,,,,
5,1/23/2026 12:00:00 AM,B6,20409,N521JB,270,13204,MCO,"Orlando, FL",FL,14524,RIC,"Richmond, VA",VA,1243,1242,-1.00,1444,1446,2.00,2.00,0.00,0,1400-1459,0.00,,0.00,121.00,124.00,88.00,667.00,,,,,
6,1/3/2026 12:00:00 AM,YX,20452,N857RW,4481,12953,LGA,"New York, NY",NY,11066,CMH,"Columbus, OH",OH,1053,1046,-7.00,1249,1220,-29.00,0.00,0.00,-2,1200-1259,0.00,,0.00,116.00,94.00,75.00,479.00,,,,,
2,1/20/2026 12:00:00 AM,G4,20368,824NV,218,14761,SFB,"Sanford, FL",FL,10135,ABE,"Allentown/Bethlehem/Easton, PA",PA,0900,0850,-10.00,1127,1106,-21.00,0.00,0.00,-2,1100-1159,0.00,,0.00,147.00,136.00,117.00,882.00,,,,,
2,1/27/2026 12:00:00 AM,AA,19805,N840NN,558,10849,BZN,"Bozeman, MT",MT,13930,ORD,"Chicago, IL",IL,0700,0649,-11.00,1114,1034,-40.00,0.00,0.00,-2,1100-1159,0.00,,0.00,194.00,165.00,143.00,1185.00,,,,,
3,1/21/2026 12:00:00 AM,AA,19805,N306PB,1108,11433,DTW,"Detroit, MI",MI,11298,DFW,"Dallas/Fort Worth, TX",TX,1323,1329,6.00,1547,1605,18.00,18.00,1.00,1,1500-1559,0.00,,0.00,204.00,216.00,162.00,986.00,6.00,0.00,12.00,0.00,0.00
5,1/2/2026 12:00:00 AM,WN,19393,N7878A,1447,12889,LAS,"Las Vegas, NV",NV,14683,SAT,"San Antonio, TX",TX,1925,1956,31.00,2355,0020,25.00,25.00,1.00,1,2300-2359,0.00,,0.00,150.00,144.00,126.00,1069.00,3.00,0.00,0.00,0.00,22.00
5,1/30/2026 12:00:00 AM,UA,19977,N68821,2133,13930,ORD,"Chicago, IL",IL,11618,EWR,"Newark, NJ",NJ,1535,1637,62.00,1851,2015,84.00,84.00,1.00,5,1800-1859,0.00,,0.00,136.00,158.00,99.00,719.00,0.00,44.00,22.00,0.00,18.00
3,1/28/2026 12:00:00 AM,AA,19805,N316SE,3284,11298,DFW,"Dallas/Fort Worth, TX",TX,12953,LGA,"New York, NY",NY,1444,1632,108.00,1859,2101,122.00,122.00,1.00,8,1800-1859,0.00,,0.00,195.00,209.00,179.00,1389.00,24.00,0.00,14.00,0.00,84.00
7,1/18/2026 12:00:00 AM,YX,20452,N119HQ,4680,12478,JFK,"New York, NY",NY,13930,ORD,"Chicago, IL",IL,1230,1225,-5.00,1429,1412,-17.00,0.00,0.00,-2,1400-1459,0.00,,0.00,179.00,167.00,126.00,740.00,,,,,
1,1/26/2026 12:00:00 AM,DL,19790,N375NC,2538,14492,RDU,"Raleigh/Durham, NC",NC,13487,MSP,"Minneapolis, MN",MN,0600,,,0804,,,,,,0800-0859,1.00,B,0.00,184.00,,,980.00,,,,,
5,1/2/2026 12:00:00 AM,OH,20397,N589NN,5252,11298,DFW,"Dallas/Fort Worth, TX",TX,11267,DAY,"Dayton, OH",OH,0959,0955,-4.00,1326,1313,-13.00,0.00,0.00,-1,1300-1359,0.00,,0.00,147.00,138.00,115.00,861.00,,,,,
4,1/15/2026 12:00:00 AM,AA,19805,N105UW,1317,12953,LGA,"New York, NY",NY,11057,CLT,"Charlotte, NC",NC,1240,1240,0.00,1455,1439,-16.00,0.00,0.00,-2,1400-1459,0.00,,0.00,135.00,119.00,96.00,544.00,,,,,
6,1/31/2026 12:00:00 AM,MQ,20398,N226NN,4082,11057,CLT,"Charlotte, NC",NC,10721,BOS,"Boston, MA",MA,1602,,,1815,,,,,,1800-1859,1.00,B,0.00,133.00,,,728.00,,,,,
4,1/1/2026 12:00:00 AM,WN,19393,N8646B,481,14869,SLC,"Salt Lake City, UT",UT,13232,MDW,"Chicago, IL",IL,0805,0804,-1.00,1230,1146,-44.00,0.00,0.00,-2,1200-1259,0.00,,0.00,205.00,162.00,147.00,1259.00,,,,,
4,1/22/2026 12:00:00 AM,MQ,20398,N267NN,3952,14783,SGF,"Springfield, MO",MO,11298,DFW,"Dallas/Fort Worth, TX",TX,1245,1244,-1.00,1424,1421,-3.00,0.00,0.00,-1,1400-1459,0.00,,0.00,99.00,97.00,61.00,364.00,,,,,
1,1/26/2026 12:00:00 AM,AS,19930,N533AS,401,14107,PHX,"Phoenix, AZ",AZ,14747,SEA,"Seattle, WA",WA,1712,1706,-6.00,1930,1911,-19.00,0.00,0.00,-2,1900-1959,0.00,,0.00,198.00,185.00,167.00,1107.00,,,,,
6,1/10/2026 12:00:00 AM,WN,19393,N245WN,310,12889,LAS,"Las Vegas, NV",NV,12954,LGB,"Long Beach, CA",CA,0910,0908,-2.00,1020,1020,0.00,0.00,0.00,0,1000-1059,0.00,,0.00,70.00,72.00,40.00,231.00,,,,,
7,1/11/2026 12:00:00 AM,AS,19930,N253AK,316,14893,SMF,"Sacramento, CA",CA,14057,PDX,"Portland, OR",OR,1908,1919,11.00,2050,2053,3.00,3.00,0.00,0,2000-2059,0.00,,0.00,102.00,94.00,71.00,479.00,,,,,
6,1/10/2026 12:00:00 AM,AA,19805,N927UW,1534,13891,ONT,"Ontario, CA",CA,11298,DFW,"Dallas/Fort Worth, TX",TX,0716,0707,-9.00,1215,1236,21.00,21.00,1.00,1,1200-1259,0.00,,0.00,179.00,209.00,151.00,1188.00,0.00,0.00,21.00,0.00,0.00
2,1/20/2026 12:00:00 AM,AS,19930,N619AS,61,15991,YAK,"Yakutat, AK",AK,10926,CDV,"Cordova, AK",AK,1135,1127,-8.00,1233,1216,-17.00,0.00,0.00,-2,1200-1259,0.00,,0.00,58.00,49.00,37.00,213.00,,,,,
3,1/7/2026 12:00:00 AM,AA,19805,N713UW,1182,13198,MCI,"Kansas City, MO",MO,14107,PHX,"Phoenix, AZ",AZ,0800,0506,2706.00,1011,0651,2680.00,2680.00,1.00,12,1000-1059,0.00,,0.00,191.00,165.00,146.00,1044.00,1146.00,0.00,0.00,0.00,1534.00
7,1/4/2026 12:00:00 AM,WN,19393,N250WN,2202,13204,MCO,"Orlando, FL",FL,14524,RIC,"Richmond, VA",VA,2050,2214,84.00,2245,0012,87.00,87.00,1.00,5,2200-2259,0.00,,0.00,115.00,118.00,97.00,667.00,84.00,0.00,3.00,0.00,0.00
6,1/10/2026 12:00:00 AM,AS,19930,N590AS,9,11278,DCA,"Washington, DC",VA,14057,PDX,"Portland, OR",OR,1709,1713,4.00,2011,2017,6.00,6.00,0.00,0,2000-2059,0.00,,0.00,362.00,364.00,329.00,2350.00,,,,,
6,1/31/2026 12:00:00 AM,UA,19977,N37324,1082,13930,ORD,"Chicago, IL",IL,14122,PIT,"Pittsburgh, PA",PA,1407,1407,0.00,1644,1642,-2.00,0.00,0.00,-1,1600-1659,0.00,,0.00,97.00,95.00,74.00,413.00,,,,,
3,1/21/2026 12:00:00 AM,F9,20436,N635FR,3053,15304,TPA,"Tampa, FL",FL,10397,ATL,"Atlanta, GA",GA,0630,0619,-11.00,0818,0825,7.00,7.00,0.00,0,0800-0859,0.00,,0.00,108.00,126.00,66.00,406.00,,,,,
5,1/16/2026 12:00:00 AM,OO,20304,N719EV,4294,12335,IMT,"Iron Mountain/Kingsfd, MI",MI,11433,DTW,"Detroit, MI",MI,1745,2017,152.00,2018,2259,161.00,161.00,1.00,10,2000-2059,0.00,,0.00,93.00,102.00,56.00,344.00,0.00,152.00,9.00,0.00,0.00
5,1/9/2026 12:00:00 AM,AA,19805,N309UL,2861,14908,SNA,"Santa Ana, CA",CA,11298,DFW,"Dallas/Fort Worth, TX",TX,1515,1503,-12.00,2020,2007,-13.00,0.00,0.00,-1,2000-2059,0.00,,0.00,185.00,184.00,154.00,1205.00,,,,,
6,1/10/2026 12:00:00 AM,AA,19805,N836NN,847,11298,DFW,"Dallas/Fort Worth, TX",TX,14492,RDU,"Raleigh/Durham, NC",NC,0855,1209,194.00,1228,1526,178.00,178.00,1.00,11,1200-1259,0.00,,0.00,153.00,137.00,123.00,1061.00,8.00,0.00,0.00,0.00,170.00
4,1/22/2026 12:00:00 AM,OO,20304,N298SY,3693,14869,SLC,"Salt Lake City, UT",UT,10800,BUR,"Burbank, CA",CA,1500,1455,-5.00,1608,1554,-14.00,0.00,0.00,-1,1600-1659,0.00,,0.00,128.00,119.00,101.00,574.00,,,,,
7,1/25/2026 12:00:00 AM,YX,20452,N124HQ,4716,12339,IND,"Indianapolis, IN",IN,10721,BOS,"Boston, MA",MA,0700,0750,50.00,0920,1037,77.00,77.00,1.00,5,0900-0959,0.00,,0.00,140.00,167.00,98.00,818.00,0.00,50.00,27.00,0.00,0.00
6,1/31/2026 12:00:00 AM,DL,19790,N507DZ,709,12478,JFK,"New York, NY",NY,14679,SAN,"San Diego, CA",CA,1740,1734,-6.00,2105,2014,-51.00,0.00,0.00,-2,2100-2159,0.00,,0.00,385.00,340.00,313.00,2446.00,,,,,
4,1/15/2026 12:00:00 AM,WN,19393,N1809U,2063,11259,DAL,"Dallas, TX",TX,15016,STL,"St. Louis, MO",MO,1240,1237,-3.00,1420,1421,1.00,1.00,0.00,0,1400-1459,0.00,,0.00,100.00,104.00,85.00,546.00,,,,,
2,1/20/2026 12:00:00 AM,OO,20304,N906EV,5041,11292,DEN,"Denver, CO",CO,14543,RKS,"Rock Springs, WY",WY,2100,2053,-7.00,2215,2214,-1.00,0.00,0.00,-1,2200-2259,0.00,,0.00,75.00,81.00,46.00,260.00,,,,,
7,1/11/2026 12:00:00 AM,UA,19977,N37462,1295,10423,AUS,"Austin, TX",TX,11292,DEN,"Denver, CO",CO,1050,1040,-10.00,1216,1154,-22.00,0.00,0.00,-2,1200-1259,0.00,,0.00,146.00,134.00,111.00,775.00,,,,,
1,1/26/2026 12:00:00 AM,MQ,20398,N326CJ,3385,11298,DFW,"Dallas/Fort Worth, TX",TX,10868,CAE,"Columbia, SC",SC,1306,,,1623,,,,,,1600-1659,1.00,B,0.00,137.00,,,922.00,,,,,
2,1/27/2026 12:00:00 AM,UA,19977,N47298,1375,14107,PHX,"Phoenix, AZ",AZ,11618,EWR,"Newark, NJ",NJ,0028,0105,37.00,0700,0720,20.00,20.00,1.00,1,0700-0759,0.00,,0.00,272.00,255.00,230.00,2133.00,20.00,0.00,0.00,0.00,0.00
4,1/15/2026 12:00:00 AM,WN,19393,N8694E,43,11259,DAL,"Dallas, TX",TX,12191,HOU,"Houston, TX",TX,1700,1716,16.00,1815,1818,3.00,3.00,0.00,0,1800-1859,0.00,,0.00,75.00,62.00,44.00,239.00,,,,,
1,1/12/2026 12:00:00 AM,WN,19393,N290WN,2962,10599,BHM,"Birmingham, AL",AL,11292,DEN,"Denver, CO",CO,1030,1029,-1.00,1240,1218,-22.00,0.00,0.00,-2,1200-1259,0.00,,0.00,190.00,169.00,156.00,1083.00,,,,,
7,1/4/2026 12:00:00 AM,DL,19790,N997AT,1115,10397,ATL,"Atlanta, GA",GA,11259,DAL,"Dallas, TX",TX,1000,0955,-5.00,1124,1101,-23.00,0.00,0.00,-2,1100-1159,0.00,,0.00,144.00,126.00,109.00,721.00,,,,,
6,1/17/2026 12:00:00 AM,OH,20397,N574NN,5034,11057,CLT,"Charlotte, NC",NC,10874,CAK,"Akron, OH",OH,1040,1036,-4.00,1220,1212,-8.00,0.00,0.00,-1,1200-1259,0.00,,0.00,100.00,96.00,63.00,394.00,,,,,
3,1/28/2026 12:00:00 AM,UA,19977,N17359,563,13930,ORD,"Chicago, IL",IL,11618,EWR,"Newark, NJ",NJ,0710,0706,-4.00,1026,1013,-13.00,0.00,0.00,-1,1000-1059,0.00,,0.00,136.00,127.00,90.00,719.00,,,,,
5,1/16/2026 12:00:00 AM,OH,20397,N543EA,5163,11267,DAY,"Dayton, OH",OH,13930,ORD,"Chicago, IL",IL,1016,1014,-2.00,1051,1121,30.00,30.00,1.00,2,1000-1059,0.00,,0.00,95.00,127.00,59.00,240.00,0.00,0.00,30.00,0.00,0.00
3,1/7/2026 12:00:00 AM,YX,20452,N406YX,4492,10599,BHM,"Birmingham, AL",AL,11278,DCA,"Washington, DC",VA,0519,0511,-8.00,0823,0811,-12.00,0.00,0.00,-1,0800-0859,0.00,,0.00,124.00,120.00,87.00,653.00,,,,,
5,1/9/2026 12:00:00 AM,B6,20409,N597JB,2103,10529,BDL,"Hartford, CT",CT,14635,RSW,"Fort Myers, FL",FL,0839,0850,11.00,1202,1214,12.00,12.00,0.00,0,1200-1259,0.00,,0.00,203.00,204.00,173.00,1180.00,,,,,
5,1/30/2026 12:00:00 AM,AS,19930,N495AS,1068,12173,HNL,"Honolulu, HI",HI,12758,KOA,"Kona, HI",HI,1040,1036,-4.00,1129,1130,1.00,1.00,0.00,0,1100-1159,0.00,,0.00,49.00,54.00,29.00,163.00,,,,,
3,1/21/2026 12:00:00 AM,AA,19805,N923US,1661,11298,DFW,"Dallas/Fort Worth, TX",TX,14107,PHX,"Phoenix, AZ",AZ,1636,1733,57.00,1820,1906,46.00,46.00,1.00,3,1800-1859,0.00,,0.00,164.00,153.00,129.00,868.00,42.00,0.00,0.00,0.00,4.00
1,1/26/2026 12:00:00 AM,WN,19393,,1509,13244,MEM,"Memphis, TN",TN,12191,HOU,"Houston, TX",TX,0610,,,0800,,,,,,0800-0859,1.00,B,0.00,110.00,,,484.00,,,,,
2,1/13/2026 12:00:00 AM,WN,19393,N8714Q,25,11259,DAL,"Dallas, TX",TX,12191,HOU,"Houston, TX",TX,1230,1231,1.00,1345,1333,-12.00,0.00,0.00,-1,1300-1359,0.00,,0.00,75.00,62.00,45.00,239.00,,,,,
7,1/4/2026 12:00:00 AM,MQ,20398,N244NN,3815,11278,DCA,"Washington, DC",VA,14492,RDU,"Raleigh/Durham, NC",NC,1702,1701,-1.00,1827,1813,-14.00,0.00,0.00,-1,1800-1859,0.00,,0.00,85.00,72.00,41.00,227.00,,,,,
5,1/23/2026 12:00:00 AM,AA,19805,N157UW,2725,11057,CLT,"Charlotte, NC",NC,11298,DFW,"Dallas/Fort Worth, TX",TX,0854,0849,-5.00,1106,1103,-3.00,0.00,0.00,-1,1100-1159,0.00,,0.00,192.00,194.00,148.00,935.00,,,,,
2,1/13/2026 12:00:00 AM,AA,19805,N307TA,2733,15024,STT,"Charlotte Amalie, VI",VI,13303,MIA,"Miami, FL",FL,1647,1636,-11.00,1858,1846,-12.00,0.00,0.00,-1,1800-1859,0.00,,0.00,191.00,190.00,159.00,1107.00,,,,,
2,1/20/2026 12:00:00 AM,OH,20397,N575NN,5580,13577,MYR,"Myrtle Beach, SC",SC,11057,CLT,"Charlotte, NC",NC,1729,1718,-11.00,1842,1820,-22.00,0.00,0.00,-2,1800-1859,0.00,,0.00,73.00,62.00,37.00,157.00,,,,,
6,1/10/2026 12:00:00 AM,WN,19393,N7815L,2119,10693,BNA,"Nashville, TN",TN,11996,GSP,"Greer, SC",SC,1325,1318,-7.00,1535,1515,-20.00,0.00,0.00,-2,1500-1559,0.00,,0.00,70.00,57.00,44.00,265.00,,,,,
7,1/11/2026 12:00:00 AM,AS,19930,N551AS,769,14747,SEA,"Seattle, WA",WA,14570,RNO,"Reno, NV",NV,1129,1127,-2.00,1317,1304,-13.00,0.00,0.00,-1,1300-1359,0.00,,0.00,108.00,97.00,74.00,564.00,,,,,
1,1/26/2026 12:00:00 AM,NK,20416,N619NK,2062,11433,DTW,"Detroit, MI",MI,13204,MCO,"Orlando, FL",FL,1715,1806,51.00,2000,2037,37.00,37.00,1.00,2,2000-2059,0.00,,0.00,165.00,151.00,133.00,957.00,0.00,0.00,1.00,3.00,33.00
6,1/3/2026 12:00:00 AM,YX,20452,N119HQ,4353,13930,ORD,"Chicago, IL",IL,13495,MSY,"New Orleans, LA",LA,1345,1337,-8.00,1623,1612,-11.00,0.00,0.00,-1,1600-1659,0.00,,0.00,158.00,155.00,107.00,837.00,,,,,
1,1/5/2026 12:00:00 AM,WN,19393,N8966S,611,10423,AUS,"Austin, TX",TX,12892,LAX,"Los Angeles, CA",CA,1305,1307,2.00,1430,1428,-2.00,0.00,0.00,-1,1400-1459,0.00,,0.00,205.00,201.00,178.00,1242.00,,,,,
5,1/23/2026 12:00:00 AM,UA,19977,N75851,1464,12892,LAX,"Los Angeles, CA",CA,12264,IAD,"Washington, DC",VA,1325,1319,-6.00,2119,2048,-31.00,0.00,0.00,-2,2100-2159,0.00,,0.00,294.00,269.00,239.00,2288.00,,,,,
2,1/6/2026 12:00:00 AM,AA,19805,N357PV,1635,11057,CLT,"Charlotte, NC",NC,13487,MSP,"Minneapolis, MN",MN,1934,1934,0.00,2126,2123,-3.00,0.00,0.00,-1,2100-2159,0.00,,0.00,172.00,169.00,141.00,930.00,,,,,
1,1/5/2026 12:00:00 AM,G4,20368,299NV,227,10431,AVL,"Asheville, NC",NC,12264,IAD,"Washington, DC",VA,1332,1342,10.00,1501,1502,1.00,1.00,0.00,0,1500-1559,0.00,,0.00,89.00,80.00,66.00,371.00,,,,,
6,1/31/2026 12:00:00 AM,WN,19393,N948WN,4960,12889,LAS,"Las Vegas, NV",NV,15304,TPA,"Tampa, FL",FL,1530,1530,0.00,2235,2234,-1.00,0.00,0.00,-1,2200-2259,0.00,,0.00,245.00,244.00,221.00,1984.00,,,,,
1,1/12/2026 12:00:00 AM,B6,20409,N3152J,2377,12478,JFK,"New York, NY",NY,12451,JAX,"Jacksonville, FL",FL,1530,1540,10.00,1815,1806,-9.00,0.00,0.00,-1,1800-1859,0.00,,0.00,165.00,146.00,130.00,829.00,,,,,
4,1/1/2026 12:00:00 AM,DL,19790,N853DN,2664,10792,BUF,"Buffalo, NY",NY,10397,ATL,"Atlanta, GA",GA,0600,0623,23.00,0821,0812,-9.00,0.00,0.00,-1,0800-0859,0.00,,0.00,141.00,109.00,92.00,712.00,,,,,
5,1/2/2026 12:00:00 AM,UA,19977,N53441,414,10721,BOS,"Boston, MA",MA,11292,DEN,"Denver, CO",CO,1140,1136,-4.00,1433,1416,-17.00,0.00,0.00,-2,1400-1459,0.00,,0.00,293.00,280.00,257.00,1754.00,,,,,
1,1/5/2026 12:00:00 AM,MQ,20398,N306DD,3437,11066,CMH,"Columbus, OH",OH,13303,MIA,"Miami, FL",FL,1112,1125,13.00,1402,1354,-8.00,0.00,0.00,-1,1400-1459,0.00,,0.00,170.00,149.00,128.00,990.00,,,,,
3,1/7/2026 12:00:00 AM,AS,19930,N479AS,1111,12402,ITO,"Hilo, HI",HI,12173,HNL,"Honolulu, HI",HI,1944,2001,17.00,2040,2058,18.00,18.00,1.00,1,2000-2059,0.00,,0.00,56.00,57.00,39.00,216.00,10.00,0.00,0.00,0.00,8.00
3,1/14/2026 12:00:00 AM,NK,20416,N986NK,2206,14843,SJU,"San Juan, PR",PR,11298,DFW,"Dallas/Fort Worth, TX",TX,1944,1936,-8.00,2329,2300,-29.00,0.00,0.00,-2,2300-2359,0.00,,0.00,345.00,324.00,306.00,2165.00,,,,,
4,1/15/2026 12:00:00 AM,WN,19393,N8919K,2428,14107,PHX,"Phoenix, AZ",AZ,14771,SFO,"San Francisco, CA",CA,1035,1030,-5.00,1150,1132,-18.00,0.00,0.00,-2,1100-1159,0.00,,0.00,135.00,122.00,92.00,651.00,,,,,
4,1/29/2026 12:00:00 AM,AA,19805,N904AN,1631,14635,RSW,"Fort Myers, FL",FL,14100,PHL,"Philadelphia, PA",PA,0705,0659,-6.00,0946,0928,-18.00,0.00,0.00,-2,0900-0959,0.00,,0.00,161.00,149.00,135.00,993.00,,,,,
3,1/14/2026 12:00:00 AM,OH,20397,N570NN,5282,11278,DCA,"Washington, DC",VA,12197,HPN,"White Plains, NY",NY,0802,0753,-9.00,0929,0909,-20.00,0.00,0.00,-2,0900-0959,0.00,,0.00,87.00,76.00,52.00,234.00,,,,,
4,1/22/2026 12:00:00 AM,UA,19977,N77871,2348,14771,SFO,"San Francisco, CA",CA,11292,DEN,"Denver, CO",CO,0835,0839,4.00,1223,1232,9.00,9.00,0.00,0,1200-1259,0.00,,0.00,168.00,173.00,139.00,967.00,,,,,
7,1/4/2026 12:00:00 AM,F9,20436,N369FR,3210,10397,ATL,"Atlanta, GA",GA,14100,PHL,"Philadelphia, PA",PA,0901,0923,22.00,1108,1129,21.00,21.00,1.00,1,1100-1159,0.00,,0.00,127.00,126.00,96.00,666.00,21.00,0.00,0.00,0.00,0.00
3,1/28/2026 12:00:00 AM,WN,19393,N8965Q,2168,14869,SLC,"Salt Lake City, UT",UT,11259,DAL,"Dallas, TX",TX,1630,1640,10.00,2000,2023,23.00,23.00,1.00,1,2000-2059,0.00,,0.00,150.00,163.00,124.00,999.00,10.00,0.00,13.00,0.00,0.00
7,1/4/2026 12:00:00 AM,UA,19977,N807UA,1246,14262,PSP,"Palm Springs, CA",CA,11292,DEN,"Denver, CO",CO,1333,1606,153.00,1645,1948,183.00,183.00,1.00,12,1600-1659,0.00,,0.00,132.00,162.00,95.00,776.00,42.00,0.00,30.00,0.00,111.00
7,1/25/2026 12:00:00 AM,AA,19805,N919NN,1237,13930,ORD,"Chicago, IL",IL,15304,TPA,"Tampa, FL",FL,1500,1532,32.00,1849,1951,62.00,62.00,1.00,4,1800-1859,0.00,,0.00,169.00,199.00,143.00,1012.00,32.00,0.00,30.00,0.00,0.00
1,1/19/2026 12:00:00 AM,OO,20304,N300SY,3892,14252,PSC,"Pasco/Kennewick/Richland, WA",WA,14869,SLC,"Salt Lake City, UT",UT,1135,1153,18.00,1424,1429,5.00,5.00,0.00,0,1400-1459,0.00,,0.00,109.00,96.00,73.00,521.00,,,,,
1,1/12/2026 12:00:00 AM,B6,20409,N989JT,35,12478,JFK,"New York, NY",NY,14107,PHX,"Phoenix, AZ",AZ,0650,0641,-9.00,1030,1013,-17.00,0.00,0.00,-2,1000-1059,0.00,,0.00,340.00,332.00,299.00,2153.00,,,,,
2,1/20/2026 12:00:00 AM,AA,19805,N740UW,3102,15096,SYR,"Syracuse, NY",NY,11278,DCA,"Washington, DC",VA,1206,1345,99.00,1339,1455,76.00,76.00,1.00,5,1300-1359,0.00,,0.00,93.00,70.00,59.00,298.00,25.00,0.00,0.00,0.00,51.00
2,1/27/2026 12:00:00 AM,DL,19790,N717JL,424,12323,ILM,"Wilmington, NC",NC,10397,ATL,"Atlanta, GA",GA,0600,0553,-7.00,0745,0731,-14.00,0.00,0.00,-1,0700-0759,0.00,,0.00,105.00,98.00,71.00,377.00,,,,,
4,1/22/2026 12:00:00 AM,F9,20436,N668FR,4206,13891,ONT,"Ontario, CA",CA,12889,LAS,"Las Vegas, NV",NV,2048,2036,-12.00,2156,2139,-17.00,0.00,0.00,-2,2100-2159,0.00,,0.00,68.00,63.00,36.00,197.00,,,,,
2,1/6/2026 12:00:00 AM,AS,19930,N969AK,168,11630,FAI,"Fairbanks, AK",AK,14747,SEA,"Seattle, WA",WA,0235,0326,51.00,0720,0756,36.00,36.00,1.00,2,0700-0759,0.00,,0.00,225.00,210.00,181.00,1533.00,0.00,0.00,0.00,0.00,36.00
5,1/30/2026 12:00:00 AM,F9,20436,N366FR,4732,10397,ATL,"Atlanta, GA",GA,12478,JFK,"New York, NY",NY,0937,0933,-4.00,1158,1128,-30.00,0.00,0.00,-2,1100-1159,0.00,,0.00,141.00,115.00,96.00,760.00,,,,,
3,1/14/2026 12:00:00 AM,UA,19977,N67815,1511,11618,EWR,"Newark, NJ",NJ,13303,MIA,"Miami, FL",FL,1310,1312,2.00,1634,1638,4.00,4.00,0.00,0,1600-1659,0.00,,0.00,204.00,206.00,171.00,1085.00,,,,,
4,1/1/2026 12:00:00 AM,AS,19930,N512AS,606,14747,SEA,"Seattle, WA",WA,14107,PHX,"Phoenix, AZ",AZ,0848,0911,23.00,1241,1314,33.00,33.00,1.00,2,1200-1259,0.00,,0.00,173.00,183.00,149.00,1107.00,23.00,0.00,10.00,0.00,0.00
5,1/23/2026 12:00:00 AM,WN,19393,N954WN,1183,13158,MAF,"Midland/Odessa, TX",TX,11259,DAL,"Dallas, TX",TX,1440,1437,-3.00,1600,1548,-12.00,0.00,0.00,-1,1600-1659,0.00,,0.00,80.00,71.00,59.00,319.00,,,,,
5,1/2/2026 12:00:00 AM,OO,20304,N717EV,4296,16869,XWA,"Williston, ND",ND,13487,MSP,"Minneapolis, MN",MN,0553,,,0754,,,,,,0700-0759,1.00,B,0.00,121.00,,,553.00,,,,,
4,1/8/2026 12:00:00 AM,WN,19393,N8886C,4901,13204,MCO,"Orlando, FL",FL,13931,ORF,"Norfolk, VA",VA,1330,1330,0.00,1530,1526,-4.00,0.00,0.00,-1,1500-1559,0.00,,0.00,120.00,116.00,91.00,655.00,,,,,
4,1/22/2026 12:00:00 AM,F9,20436,N610FR,1052,12889,LAS,"Las Vegas, NV",NV,11298,DFW,"Dallas/Fort Worth, TX",TX,1159,1155,-4.00,1645,1623,-22.00,0.00,0.00,-2,1600-1659,0.00,,0.00,166.00,148.00,120.00,1055.00,,,,,
5,1/23/2026 12:00:00 AM,OO,20304,N268SY,3829,10397,ATL,"Atlanta, GA",GA,15919,XNA,"Fayetteville, AR",AR,1905,,,2004,,,,,,2000-2059,1.00,B,0.00,119.00,,,589.00,,,,,
6,1/3/2026 12:00:00 AM,OO,20304,N986SW,4698,10874,CAK,"Akron, OH",OH,13930,ORD,"Chicago, IL",IL,1744,1735,-9.00,1840,1809,-31.00,0.00,0.00,-2,1800-1859,0.00,,0.00,116.00,94.00,65.00,344.00,,,,,
2,1/27/2026 12:00:00 AM,AA,19805,N931NN,1576,12451,JAX,"Jacksonville, FL",FL,11057,CLT,"Charlotte, NC",NC,0600,,,0725,,,,,,0700-0759,1.00,B,0.00,85.00,,,328.00,,,,,
1,1/5/2026 12:00:00 AM,DL,19790,N125DU,2251,15376,TUS,"Tucson, AZ",AZ,14747,SEA,"Seattle, WA",WA,1455,1459,4.00,1723,1711,-12.00,0.00,0.00,-1,1700-1759,0.00,,0.00,208.00,192.00,163.00,1215.00,,,,,
7,1/18/2026 12:00:00 AM,F9,20436,N631FR,4871,12478,JFK,"New York, NY",NY,13204,MCO,"Orlando, FL",FL,0630,0615,-15.00,0947,0947,0.00,0.00,0.00,0,0900-0959,0.00,,0.00,197.00,212.00,170.00,944.00,,,,,
7,1/11/2026 12:00:00 AM,OH,20397,N537EA,5150,13296,MHT,"Manchester, NH",NH,11278,DCA,"Washington, DC",VA,1208,1212,4.00,1411,1407,-4.00,0.00,0.00,-1,1400-1459,0.00,,0.00,123.00,115.00,93.00,406.00,,,,,
3,1/21/2026 12:00:00 AM,DL,19790,N915DU,2498,10397,ATL,"Atlanta, GA",GA,11618,EWR,"Newark, NJ",NJ,1854,1903,9.00,2100,2116,16.00,16.00,1.00,1,2100-2159,0.00,,0.00,126.00,133.00,102.00,746.00,9.00,0.00,7.00,0.00,0.00
1,1/26/2026 12:00:00 AM,UA,19977,N76288,336,14908,SNA,"Santa Ana, CA",CA,14771,SFO,"San Francisco, CA",CA,0710,0703,-7.00,0852,0824,-28.00,0.00,0.00,-2,0800-0859,0.00,,0.00,102.00,81.00,59.00,372.00,,,,,
3,1/21/2026 12:00:00 AM,UA,19977,N24508,1996,13930,ORD,"Chicago, IL",IL,14843,SJU,"San Juan, PR",PR,0855,0853,-2.00,1540,1528,-12.00,0.00,0.00,-1,1500-1559,0.00,,0.00,285.00,275.00,240.00,2072.00,,,,,
6,1/3/2026 12:00:00 AM,YX,20452,N230JQ,5688,11193,CVG,"Cincinnati, OH",KY,12478,JFK,"New York, NY",NY,1617,1616,-1.00,1828,1810,-18.00,0.00,0.00,-2,1800-1859,0.00,,0.00,131.00,114.00,90.00,589.00,,,,,
2,1/6/2026 12:00:00 AM,F9,20436,N640FR,3293,10397,ATL,"Atlanta, GA",GA,11292,DEN,"Denver, CO",CO,1043,1050,7.00,1221,1225,4.00,4.00,0.00,0,1200-1259,0.00,,0.00,218.00,215.00,184.00,1199.00,,,,,
6,1/3/2026 12:00:00 AM,AA,19805,N309UL,2364,11298,DFW,"Dallas/Fort Worth, TX",TX,13930,ORD,"Chicago, IL",IL,1857,1859,2.00,2125,2119,-6.00,0.00,0.00,-1,2100-2159,0.00,,0.00,148.00,140.00,110.00,802.00,,,,,
5,1/30/2026 12:00:00 AM,NK,20416,N656NK,1633,13198,MCI,"Kansas City, MO",MO,12889,LAS,"Las Vegas, NV",NV,0700,0655,-5.00,0814,0734,-40.00,0.00,0.00,-2,0800-0859,0.00,,0.00,194.00,159.00,144.00,1139.00,,,,,
3,1/14/2026 12:00:00 AM,B6,20409,N3276J,1955,10721,BOS,"Boston, MA",MA,11278,DCA,"Washington, DC",VA,1240,1231,-9.00,1429,1406,-23.00,0.00,0.00,-2,1400-1459,0.00,,0.00,109.00,95.00,82.00,399.00,,,,,
7,1/18/2026 12:00:00 AM,DL,19790,N935AT,2574,14685,SAV,"Savannah, GA",GA,13487,MSP,"Minneapolis, MN",MN,1505,1506,1.00,1715,1707,-8.00,0.00,0.00,-1,1700-1759,0.00,,0.00,190.00,181.00,155.00,1092.00,,,,,
2,1/27/2026 12:00:00 AM,UA,19977,N18223,2645,14107,PHX,"Phoenix, AZ",AZ,12892,LAX,"Los Angeles, CA",CA,0900,0857,-3.00,0940,0934,-6.00,0.00,0.00,-1,0900-0959,0.00,,0.00,100.00,97.00,59.00,370.00,,,,,
1,1/5/2026 12:00:00 AM,MQ,20398,N281NN,4132,11278,DCA,"Washington, DC",VA,10792,BUF,"Buffalo, NY",NY,1523,1528,5.00,1652,1659,7.00,7.00,0.00,0,1600-1659,0.00,,0.00,89.00,91.00,58.00,296.00,,,,,
5,1/30/2026 12:00:00 AM,AS,19930,N236AK,1421,12266,IAH,"Houston, TX",TX,14057,PDX,"Portland, OR",OR,1755,1746,-9.00,2041,2041,0.00,0.00,0.00,0,2000-2059,0.00,,0.00,286.00,295.00,266.00,1825.00,,,,,
2,1/20/2026 12:00:00 AM,UA,19977,N889UA,2154,11292,DEN,"Denver, CO",CO,10800,BUR,"Burbank, CA",CA,1115,1112,-3.00,1256,1229,-27.00,0.00,0.00,-2,1200-1259,0.00,,0.00,161.00,137.00,122.00,850.00,,,,,
1,1/26/2026 12:00:00 AM,OO,20304,N631SY,5779,11292,DEN,"Denver, CO",CO,10372,ASE,"Aspen, CO",CO,1905,1923,18.00,2015,2010,-5.00,0.00,0.00,-1,2000-2059,0.00,,0.00,70.00,47.00,27.00,125.00,,,,,
5,1/16/2026 12:00:00 AM,WN,19393,N8751R,4457,10821,BWI,"Baltimore, MD",MD,10721,BOS,"Boston, MA",MA,2125,2139,14.00,2255,2257,2.00,2.00,0.00,0,2200-2259,0.00,,0.00,90.00,78.00,63.00,369.00,,,,,
7,1/18/2026 12:00:00 AM,UA,19977,N27267,555,10397,ATL,"Atlanta, GA",GA,11618,EWR,"Newark, NJ",NJ,1608,1722,74.00,1825,2006,101.00,101.00,1.00,6,1800-1859,0.00,,0.00,137.00,164.00,86.00,746.00,0.00,0.00,82.00,0.00,19.00
5,1/23/2026 12:00:00 AM,OO,20304,N163SY,5289,14771,SFO,"San Francisco, CA",CA,10140,ABQ,"Albuquerque, NM",NM,1827,1821,-6.00,2159,2144,-15.00,0.00,0.00,-1,2100-2159,0.00,,0.00,152.00,143.00,116.00,896.00,,,,,
5,1/2/2026 12:00:00 AM,WN,19393,N8880G,581,11540,ELP,"El Paso, TX",TX,11259,DAL,"Dallas, TX",TX,1235,1230,-5.00,1520,1501,-19.00,0.00,0.00,-2,1500-1559,0.00,,0.00,105.00,91.00,74.00,562.00,,,,,
7,1/11/2026 12:00:00 AM,AS,19930,N285AK,1315,12892,LAX,"Los Angeles, CA",CA,14057,PDX,"Portland, OR",OR,1415,1416,1.00,1649,1634,-15.00,0.00,0.00,-1,1600-1659,0.00,,0.00,154.00,138.00,117.00,833.00,,,,,
2,1/20/2026 12:00:00 AM,WN,19393,N8688J,2755,13232,MDW,"Chicago, IL",IL,14679,SAN,"San Diego, CA",CA,1950,1946,-4.00,2220,2210,-10.00,0.00,0.00,-1,2200-2259,0.00,,0.00,270.00,264.00,249.00,1728.00,,,,,
7,1/4/2026 12:00:00 AM,G4,20368,212NV,638,10620,BIL,"Billings, MT",MT,10466,AZA,"Phoenix, AZ",AZ,1955,1944,-11.00,2220,2218,-2.00,0.00,0.00,-1,2200-2259,0.00,,0.00,145.00,154.00,134.00,878.00,,,,,
1,1/12/2026 12:00:00 AM,UA,19977,N24211,486,11042,CLE,"Cleveland, OH",OH,11292,DEN,"Denver, CO",CO,1620,1615,-5.00,1756,1741,-15.00,0.00,0.00,-1,1700-1759,0.00,,0.00,216.00,206.00,166.00,1201.00,,,,,
6,1/3/2026 12:00:00 AM,WN,19393,N8923Q,1678,12889,LAS,"Las Vegas, NV",NV,12191,HOU,"Houston, TX",TX,1505,1517,12.00,2000,2005,5.00,5.00,0.00,0,2000-2059,0.00,,0.00,175.00,168.00,148.00,1235.00,,,,,
2,1/20/2026 12:00:00 AM,MQ,20398,N331SC,4258,10423,AUS,"Austin, TX",TX,13930,ORD,"Chicago, IL",IL,1542,1537,-5.00,1835,1821,-14.00,0.00,0.00,-1,1800-1859,0.00,,0.00,173.00,164.00,135.00,977.00,,,,,
4,1/29/2026 12:00:00 AM,F9,20436,N310FR,2287,13931,ORF,"Norfolk, VA",VA,13204,MCO,"Orlando, FL",FL,1601,1724,83.00,1817,1935,78.00,78.00,1.00,5,1800-1859,0.00,,0.00,136.00,131.00,110.00,655.00,60.00,0.00,0.00,0.00,18.00
2,1/27/2026 12:00:00 AM,AA,19805,N967NN,770,11298,DFW,"Dallas/Fort Worth, TX",TX,14570,RNO,"Reno, NV",NV,2020,2144,84.00,2159,2318,79.00,79.00,1.00,5,2100-2159,0.00,,0.00,219.00,214.00,189.00,1345.00,0.00,15.00,0.00,0.00,64.00
7,1/18/2026 12:00:00 AM,DL,19790,N114DU,3102,12266,IAH,"Houston, TX",TX,12478,JFK,"New York, NY",NY,1249,1244,-5.00,1725,1731,6.00,6.00,0.00,0,1700-1759,0.00,,0.00,216.00,227.00,189.00,1417.00,,,,,
7,1/11/2026 12:00:00 AM,YX,20452,N417YX,4396,11278,DCA,"Washington, DC",VA,12478,JFK,"New York, NY",NY,0610,0601,-9.00,0727,0724,-3.00,0.00,0.00,-1,0700-0759,0.00,,0.00,77.00,83.00,39.00,213.00,,,,,
6,1/10/2026 12:00:00 AM,DL,19790,N581NW,2841,13487,MSP,"Minneapolis, MN",MN,11697,FLL,"Fort Lauderdale, FL",FL,0745,0800,15.00,1230,1248,18.00,18.00,1.00,1,1200-1259,0.00,,0.00,225.00,228.00,194.00,1487.00,15.00,0.00,3.00,0.00,0.00
3,1/7/2026 12:00:00 AM,MQ,20398,N229NN,3452,12266,IAH,"Houston, TX",TX,13930,ORD,"Chicago, IL",IL,0800,0759,-1.00,1046,1043,-3.00,0.00,0.00,-1,1000-1059,0.00,,0.00,166.00,164.00,134.00,925.00,,,,,
3,1/14/2026 12:00:00 AM,WN,19393,N8649A,1884,15016,STL,"St. Louis, MO",MO,15304,TPA,"Tampa, FL",FL,1755,1747,-8.00,2110,2056,-14.00,0.00,0.00,-1,2100-2159,0.00,,0.00,135.00,129.00,117.00,869.00,,,,,
5,1/16/2026 12:00:00 AM,UA,19977,N77535,1256,11057,CLT,"Charlotte, NC",NC,11292,DEN,"Denver, CO",CO,0800,0758,-2.00,1000,0956,-4.00,0.00,0.00,-1,1000-1059,0.00,,0.00,240.00,238.00,205.00,1337.00,,,,,
6,1/17/2026 12:00:00 AM,OO,20304,N141SY,4640,12217,HSV,"Huntsville, AL",AL,11292,DEN,"Denver, CO",CO,0800,0753,-7.00,1033,1010,-23.00,0.00,0.00,-2,1000-1059,0.00,,0.00,213.00,197.00,165.00,1048.00,,,,,
1,1/5/2026 12:00:00 AM,DL,19790,N375DA,2085,13495,MSY,"New Orleans, LA",LA,12892,LAX,"Los Angeles, CA",CA,0615,0609,-6.00,0850,0823,-27.00,0.00,0.00,-2,0800-0859,0.00,,0.00,275.00,254.00,234.00,1671.00,,,,,
3,1/28/2026 12:00:00 AM,DL,19790,N974AT,2039,13930,ORD,"Chicago, IL",IL,11433,DTW,"Detroit, MI",MI,0650,0637,-13.00,0922,0900,-22.00,0.00,0.00,-2,0900-0959,0.00,,0.00,92.00,83.00,49.00,235.00,,,,,
4,1/22/2026 12:00:00 AM,DL,19790,N898DN,2033,11618,EWR,"Newark, NJ",NJ,14869,SLC,"Salt Lake City, UT",UT,1844,2300,256.00,2215,0230,255.00,255.00,1.00,12,2200-2259,0.00,,0.00,331.00,330.00,309.00,1969.00,255.00,0.00,0.00,0.00,0.00
2,1/20/2026 12:00:00 AM,WN,19393,N8822Q,615,10693,BNA,"Nashville, TN",TN,14635,RSW,"Fort Myers, FL",FL,1645,1638,-7.00,1950,1931,-19.00,0.00,0.00,-2,1900-1959,0.00,,0.00,125.00,113.00,96.00,722.00,,,,,
1,1/5/2026 12:00:00 AM,UA,19977,N489UA,1247,11292,DEN,"Denver, CO",CO,14057,PDX,"Portland, OR",OR,0800,0755,-5.00,1001,0944,-17.00,0.00,0.00,-2,1000-1059,0.00,,0.00,181.00,169.00,146.00,991.00,,,,,
1,1/12/2026 12:00:00 AM,AA,19805,N109NN,1197,10721,BOS,"Boston, MA",MA,12892,LAX,"Los Angeles, CA",CA,1720,1715,-5.00,2055,2007,-48.00,0.00,0.00,-2,2000-2059,0.00,,0.00,395.00,352.00,331.00,2611.00,,,,,
7,1/25/2026 12:00:00 AM,OO,20304,N279SY,3763,14831,SJC,"San Jose, CA",CA,14869,SLC,"Salt Lake City, UT",UT,0946,0952,6.00,1247,1241,-6.00,0.00,0.00,-1,1200-1259,0.00,,0.00,121.00,109.00,88.00,584.00,,,,,
2,1/20/2026 12:00:00 AM,DL,19790,N945AT,3168,10397,ATL,"Atlanta, GA",GA,14685,SAV,"Savannah, GA",GA,1602,1559,-3.00,1702,1653,-9.00,0.00,0.00,-1,1700-1759,0.00,,0.00,60.00,54.00,39.00,215.00,,,,,
5,1/2/2026 12:00:00 AM,OO,20304,N409SY,3467,14908,SNA,"Santa Ana, CA",CA,15023,STS,"Santa Rosa, CA",CA,1220,1218,-2.00,1411,1410,-1.00,0.00,0.00,-1,1400-1459,0.00,,0.00,111.00,112.00,80.00,433.00,,,,,
1,1/5/2026 12:00:00 AM,WN,19393,N8932Q,1310,14492,RDU,"Raleigh/Durham, NC",NC,10693,BNA,"Nashville, TN",TN,0610,0607,-3.00,0655,0645,-10.00,0.00,0.00,-1,0600-0659,0.00,,0.00,105.00,98.00,76.00,442.00,,,,,
1,1/5/2026 12:00:00 AM,WN,19393,N8920Q,1078,11292,DEN,"Denver, CO",CO,13342,MKE,"Milwaukee, WI",WI,2130,2130,0.00,0050,0033,-17.00,0.00,0.00,-2,0001-0559,0.00,,0.00,140.00,123.00,105.00,896.00,,,,,
7,1/25/2026 12:00:00 AM,YX,20452,,4765,14492,RDU,"Raleigh/Durham, NC",NC,12478,JFK,"New York, NY",NY,1256,,,1440,,,,,,1400-1459,1.00,B,0.00,104.00,,,427.00,,,,,
7,1/4/2026 12:00:00 AM,AA,19805,N973UY,1920,11057,CLT,"Charlotte, NC",NC,13891,ONT,"Ontario, CA",CA,1849,1849,0.00,2058,2107,9.00,9.00,0.00,0,2000-2059,0.00,,0.00,309.00,318.00,287.00,2078.00,,,,,
6,1/24/2026 12:00:00 AM,AA,19805,N710UW,2879,11624,EYW,"Key West, FL",FL,14100,PHL,"Philadelphia, PA",PA,1404,1435,31.00,1701,1720,19.00,19.00,1.00,1,1700-1759,0.00,,0.00,177.00,165.00,147.00,1122.00,18.00,0.00,0.00,0.00,1.00
5,1/9/2026 12:00:00 AM,AA,19805,N161AA,1476,14771,SFO,"San Francisco, CA",CA,11057,CLT,"Charlotte, NC",NC,2336,2329,-7.00,0731,0725,-6.00,0.00,0.00,-1,0700-0759,0.00,,0.00,295.00,296.00,271.00,2296.00,,,,,
2,1/20/2026 12:00:00 AM,AA,19805,N977NN,1852,13303,MIA,"Miami, FL",FL,11057,CLT,"Charlotte, NC",NC,1845,1941,56.00,2102,2149,47.00,47.00,1.00,3,2100-2159,0.00,,0.00,137.00,128.00,93.00,650.00,47.00,0.00,0.00,0.00,0.00
1,1/5/2026 12:00:00 AM,AA,19805,N158AN,1803,11057,CLT,"Charlotte, NC",NC,12323,ILM,"Wilmington, NC",NC,2050,2047,-3.00,2156,2142,-14.00,0.00,0.00,-1,2100-2159,0.00,,0.00,66.00,55.00,30.00,185.00,,,,,
1,1/19/2026 12:00:00 AM,WN,19393,N487WN,4915,12191,HOU,"Houston, TX",TX,13851,OKC,"Oklahoma City, OK",OK,1915,1923,8.00,2040,2043,3.00,3.00,0.00,0,2000-2059,0.00,,0.00,85.00,80.00,64.00,419.00,,,,,
2,1/13/2026 12:00:00 AM,WN,19393,N570WN,3705,14107,PHX,"Phoenix, AZ",AZ,11292,DEN,"Denver, CO",CO,1410,1404,-6.00,1555,1553,-2.00,0.00,0.00,-1,1500-1559,0.00,,0.00,105.00,109.00,93.00,602.00,,,,,
7,1/4/2026 12:00:00 AM,OO,20304,N255SY,3791,13487,MSP,"Minneapolis, MN",MN,13851,OKC,"Oklahoma City, OK",OK,1817,1814,-3.00,2038,2013,-25.00,0.00,0.00,-2,2000-2059,0.00,,0.00,141.00,119.00,97.00,694.00,,,,,
6,1/17/2026 12:00:00 AM,OO,20304,N872DC,6377,13158,MAF,"Midland/Odessa, TX",TX,11298,DFW,"Dallas/Fort Worth, TX",TX,0600,0554,-6.00,0728,0712,-16.00,0.00,0.00,-2,0700-0759,0.00,,0.00,88.00,78.00,49.00,309.00,,,,,
7,1/4/2026 12:00:00 AM,NK,20416,N961NK,1415,10423,AUS,"Austin, TX",TX,13204,MCO,"Orlando, FL",FL,0600,0616,16.00,0939,0938,-1.00,0.00,0.00,-1,0900-0959,0.00,,0.00,159.00,142.00,121.00,994.00,,,,,
1,1/19/2026 12:00:00 AM,OO,20304,N722EV,6358,11298,DFW,"Dallas/Fort Worth, TX",TX,11982,GRK,"Killeen, TX",TX,2130,2126,-4.00,2243,2238,-5.00,0.00,0.00,-1,2200-2259,0.00,,0.00,73.00,72.00,35.00,134.00,,,,,
6,1/17/2026 12:00:00 AM,MQ,20398,N319RG,3450,11298,DFW,"Dallas/Fort Worth, TX",TX,11637,FAR,"Fargo, ND",ND,1949,1945,-4.00,2230,2247,17.00,17.00,1.00,1,2200-2259,0.00,,0.00,161.00,182.00,154.00,967.00,0.00,0.00,17.00,0.00,0.00
2,1/27/2026 12:00:00 AM,AA,19805,N813AW,1242,12266,IAH,"Houston, TX",TX,14107,PHX,"Phoenix, AZ",AZ,0802,,,1014,,,,,,1000-1059,1.00,B,0.00,192.00,,,1009.00,,,,,
6,1/3/2026 12:00:00 AM,AA,19805,N663AW,2002,11298,DFW,"Dallas/Fort Worth, TX",TX,14193,PNS,"Pensacola, FL",FL,1239,1236,-3.00,1435,1420,-15.00,0.00,0.00,-1,1400-1459,0.00,,0.00,116.00,104.00,77.00,604.00,,,,,
6,1/24/2026 12:00:00 AM,B6,20409,N3242J,1555,10721,BOS,"Boston, MA",MA,11278,DCA,"Washington, DC",VA,0800,0800,0.00,0951,0938,-13.00,0.00,0.00,-1,0900-0959,0.00,,0.00,111.00,98.00,80.00,399.00,,,,,
4,1/8/2026 12:00:00 AM,UA,19977,N17730,2250,12266,IAH,"Houston, TX",TX,14683,SAT,"San Antonio, TX",TX,0730,0722,-8.00,0841,0836,-5.00,0.00,0.00,-1,0800-0859,0.00,,0.00,71.00,74.00,39.00,191.00,,,,,
5,1/30/2026 12:00:00 AM,YX,20452,N723YX,3628,12264,IAD,"Washington, DC",VA,13931,ORF,"Norfolk, VA",VA,1740,1738,-2.00,1853,1837,-16.00,0.00,0.00,-2,1800-1859,0.00,,0.00,73.00,59.00,37.00,158.00,,,,,
4,1/1/2026 12:00:00 AM,MQ,20398,N220NN,3954,13303,MIA,"Miami, FL",FL,12266,IAH,"Houston, TX",TX,1159,1209,10.00,1403,1413,10.00,10.00,0.00,0,1400-1459,0.00,,0.00,184.00,184.00,140.00,964.00,,,,,
3,1/14/2026 12:00:00 AM,AS,19930,N491AS,1088,12173,HNL,"Honolulu, HI",HI,12758,KOA,"Kona, HI",HI,1215,1236,21.00,1306,1321,15.00,15.00,1.00,1,1300-1359,0.00,,0.00,51.00,45.00,28.00,163.00,0.00,0.00,0.00,0.00,15.00
1,1/12/2026 12:00:00 AM,OO,20304,N906EV,4692,13930,ORD,"Chicago, IL",IL,14696,SBN,"South Bend, IN",IN,1357,1353,-4.00,1606,1557,-9.00,0.00,0.00,-1,1600-1659,0.00,,0.00,69.00,64.00,24.00,84.00,,,,,
5,1/9/2026 12:00:00 AM,AA,19805,N572UW,1536,11298,DFW,"Dallas/Fort Worth, TX",TX,14893,SMF,"Sacramento, CA",CA,2140,2138,-2.00,2330,2307,-23.00,0.00,0.00,-2,2300-2359,0.00,,0.00,230.00,209.00,186.00,1431.00,,,,,
5,1/9/2026 12:00:00 AM,UA,19977,N57416,2206,12264,IAD,"Washington, DC",VA,13204,MCO,"Orlando, FL",FL,1245,1241,-4.00,1519,1507,-12.00,0.00,0.00,-1,1500-1559,0.00,,0.00,154.00,146.00,108.00,758.00,,,,,
1,1/12/2026 12:00:00 AM,MQ,20398,N337MR,3777,13303,MIA,"Miami, FL",FL,12197,HPN,"White Plains, NY",NY,1357,1348,-9.00,1700,1635,-25.00,0.00,0.00,-2,1700-1759,0.00,,0.00,183.00,167.00,147.00,1118.00,,,,,
6,1/3/2026 12:00:00 AM,WN,19393,N8644C,3442,13232,MDW,"Chicago, IL",IL,10423,AUS,"Austin, TX",TX,0800,0800,0.00,1050,1026,-24.00,0.00,0.00,-2,1000-1059,0.00,,0.00,170.00,146.00,127.00,972.00,,,,,
6,1/3/2026 12:00:00 AM,DL,19790,N873DN,953,14747,SEA,"Seattle, WA",WA,13487,MSP,"Minneapolis, MN",MN,0610,0600,-10.00,1130,1109,-21.00,0.00,0.00,-2,1100-1159,0.00,,0.00,200.00,189.00,163.00,1399.00,,,,,
4,1/8/2026 12:00:00 AM,F9,20436,N633FR,4316,12892,LAX,"Los Angeles, CA",CA,10397,ATL,"Atlanta, GA",GA,1359,1356,-3.00,2127,2059,-28.00,0.00,0.00,-2,2100-2159,0.00,,0.00,268.00,243.00,208.00,1947.00,,,,,
7,1/11/2026 12:00:00 AM,G4,20368,825NV,527,15919,XNA,"Fayetteville, AR",AR,11697,FLL,"Fort Lauderdale, FL",FL,1815,1853,38.00,2159,2226,27.00,27.00,1.00,1,2100-2159,0.00,,0.00,164.00,153.00,135.00,1092.00,0.00,0.00,0.00,0.00,27.00
6,1/24/2026 12:00:00 AM,AA,19805,N110UW,1014,11298,DFW,"Dallas/Fort Worth, TX",TX,15376,TUS,"Tucson, AZ",AZ,0835,,,1004,,,,,,1000-1059,1.00,B,0.00,149.00,,,813.00,,,,,
3,1/28/2026 12:00:00 AM,F9,20436,N721FR,3085,10721,BOS,"Boston, MA",MA,10397,ATL,"Atlanta, GA",GA,0600,0554,-6.00,0919,0957,38.00,38.00,1.00,2,0900-0959,0.00,,0.00,199.00,243.00,150.00,946.00,0.00,0.00,38.00,0.00,0.00
6,1/3/2026 12:00:00 AM,WN,19393,N8885Q,2556,13495,MSY,"New Orleans, LA",LA,13232,MDW,"Chicago, IL",IL,1215,1227,12.00,1430,1440,10.00,10.00,0.00,0,1400-1459,0.00,,0.00,135.00,133.00,118.00,825.00,,,,,
4,1/1/2026 12:00:00 AM,F9,20436,N716FR,4418,11540,ELP,"El Paso, TX",TX,11292,DEN,"Denver, CO",CO,1224,1209,-15.00,1423,1356,-27.00,0.00,0.00,-2,1400-1459,0.00,,0.00,119.00,107.00,79.00,563.00,,,,,
1,1/5/2026 12:00:00 AM,UA,19977,N469UA,2099,11986,GRR,"Grand Rapids, MI",MI,13930,ORD,"Chicago, IL",IL,0720,0721,1.00,0739,0739,0.00,0.00,0.00,0,0700-0759,0.00,,0.00,79.00,78.00,31.00,137.00,,,,,
1,1/26/2026 12:00:00 AM,OO,20304,N87364,5443,13198,MCI,"Kansas City, MO",MO,13930,ORD,"Chicago, IL",IL,1830,1839,9.00,2014,2039,25.00,25.00,1.00,1,2000-2059,0.00,,0.00,104.00,120.00,67.00,403.00,0.00,0.00,16.00,0.00,9.00
4,1/15/2026 12:00:00 AM,WN,19393,N8655D,1971,12278,ICT,"Wichita, KS",KS,11292,DEN,"Denver, CO",CO,0640,0630,-10.00,0720,0709,-11.00,0.00,0.00,-1,0700-0759,0.00,,0.00,100.00,99.00,73.00,420.00,,,,,
3,1/21/2026 12:00:00 AM,WN,19393,N8807L,1326,11697,FLL,"Fort Lauderdale, FL",FL,13204,MCO,"Orlando, FL",FL,1720,1715,-5.00,1830,1813,-17.00,0.00,0.00,-2,1800-1859,0.00,,0.00,70.00,58.00,36.00,177.00,,,,,
7,1/25/2026 12:00:00 AM,YX,20452,N730YX,3489,13930,ORD,"Chicago, IL",IL,10980,CHA,"Chattanooga, TN",TN,1750,1750,0.00,2044,2102,18.00,18.00,1.00,1,2000-2059,0.00,,0.00,114.00,132.00,86.00,501.00,0.00,0.00,18.00,0.00,0.00
1,1/19/2026 12:00:00 AM,UA,19977,N37538,1416,12266,IAH,"Houston, TX",TX,12889,LAS,"Las Vegas, NV",NV,1200,1157,-3.00,1332,1318,-14.00,0.00,0.00,-1,1300-1359,0.00,,0.00,212.00,201.00,176.00,1222.00,,,,,
6,1/3/2026 12:00:00 AM,UA,19977,N67845,1680,12892,LAX,"Los Angeles, CA",CA,12266,IAH,"Houston, TX",TX,1845,1841,-4.00,2359,2335,-24.00,0.00,0.00,-2,2300-2359,0.00,,0.00,194.00,174.00,155.00,1379.00,,,,,
3,1/28/2026 12:00:00 AM,WN,19393,N8668A,2287,12892,LAX,"Los Angeles, CA",CA,10423,AUS,"Austin, TX",TX,1410,1409,-1.00,1900,1843,-17.00,0.00,0.00,-2,1900-1959,0.00,,0.00,170.00,154.00,145.00,1242.00,,,,,
7,1/18/2026 12:00:00 AM,AS,19930,N729AL,680,14747,SEA,"Seattle, WA",WA,14771,SFO,"San Francisco, CA",CA,1336,1338,2.00,1550,1537,-13.00,0.00,0.00,-1,1500-1559,0.00,,0.00,134.00,119.00,95.00,679.00,,,,,
6,1/24/2026 12:00:00 AM,AA,19805,N843NN,2420,13303,MIA,"Miami, FL",FL,12889,LAS,"Las Vegas, NV",NV,1945,1946,1.00,2233,2218,-15.00,0.00,0.00,-1,2200-2259,0.00,,0.00,348.00,332.00,308.00,2174.00,,,,,
7,1/4/2026 12:00:00 AM,MQ,20398,N218NN,3637,11298,DFW,"Dallas/Fort Worth, TX",TX,12896,LBB,"Lubbock, TX",TX,1058,1104,6.00,1210,1210,0.00,0.00,0.00,0,1200-1259,0.00,,0.00,72.00,66.00,50.00,282.00,,,,,
3,1/28/2026 12:00:00 AM,UA,19977,N832UA,401,14771,SFO,"San Francisco, CA",CA,14570,RNO,"Reno, NV",NV,1101,1058,-3.00,1210,1155,-15.00,0.00,0.00,-1,1200-1259,0.00,,0.00,69.00,57.00,41.00,192.00,,,,,
4,1/29/2026 12:00:00 AM,MQ,20398,N770JM,3744,11049,CLL,"College Station/Bryan, TX",TX,11298,DFW,"Dallas/Fort Worth, TX",TX,1843,1842,-1.00,2004,1955,-9.00,0.00,0.00,-1,2000-2059,0.00,,0.00,81.00,73.00,41.00,164.00,,,,,
4,1/29/2026 12:00:00 AM,AS,19930,N431AS,172,10299,ANC,"Anchorage, AK",AK,14107,PHX,"Phoenix, AZ",AZ,2246,2243,-3.00,0618,0607,-11.00,0.00,0.00,-1,0600-0659,0.00,,0.00,332.00,324.00,308.00,2552.00,,,,,
2,1/6/2026 12:00:00 AM,WN,19393,N8520Q,2521,13204,MCO,"Orlando, FL",FL,10821,BWI,"Baltimore, MD",MD,0700,0703,3.00,0915,0924,9.00,9.00,0.00,0,0900-0959,0.00,,0.00,135.00,141.00,111.00,787.00,,,,,
2,1/27/2026 12:00:00 AM,OO,20304,N87380,5978,11292,DEN,"Denver, CO",CO,11638,FAT,"Fresno, CA",CA,1536,1534,-2.00,1723,1708,-15.00,0.00,0.00,-1,1700-1759,0.00,,0.00,167.00,154.00,127.00,844.00,,,,,
5,1/23/2026 12:00:00 AM,AS,19930,N926AK,23,12478,JFK,"New York, NY",NY,14747,SEA,"Seattle, WA",WA,1130,1130,0.00,1457,1505,8.00,8.00,0.00,0,1400-1459,0.00,,0.00,387.00,395.00,366.00,2422.00,,,,,
5,1/16/2026 12:00:00 AM,WN,19393,N8973S,459,10693,BNA,"Nashville, TN",TN,10821,BWI,"Baltimore, MD",MD,0545,0542,-3.00,0835,0812,-23.00,0.00,0.00,-2,0800-0859,0.00,,0.00,110.00,90.00,76.00,587.00,,,,,
7,1/18/2026 12:00:00 AM,DL,19790,N825DN,2217,13303,MIA,"Miami, FL",FL,10721,BOS,"Boston, MA",MA,2025,2125,60.00,2358,0102,64.00,64.00,1.00,4,2300-2359,0.00,,0.00,213.00,217.00,143.00,1258.00,0.00,0.00,4.00,0.00,60.00
7,1/25/2026 12:00:00 AM,UA,19977,N37267,1061,13930,ORD,"Chicago, IL",IL,10423,AUS,"Austin, TX",TX,0915,0927,12.00,1227,1424,117.00,117.00,1.00,7,1200-1259,0.00,,0.00,192.00,297.00,161.00,977.00,0.00,12.00,105.00,0.00,0.00
4,1/29/2026 12:00:00 AM,UA,19977,N474UA,2138,13930,ORD,"Chicago, IL",IL,11193,CVG,"Cincinnati, OH",KY,1420,1418,-2.00,1643,1641,-2.00,0.00,0.00,-1,1600-1659,0.00,,0.00,83.00,83.00,46.00,264.00,,,,,
6,1/24/2026 12:00:00 AM,B6,20409,N3123J,1297,12478,JFK,"New York, NY",NY,11292,DEN,"Denver, CO",CO,0755,0802,7.00,1036,1127,51.00,51.00,1.00,3,1000-1059,0.00,,0.00,281.00,325.00,277.00,1626.00,7.00,0.00,44.00,0.00,0.00
5,1/23/2026 12:00:00 AM,B6,20409,N517JB,85,10792,BUF,"Buffalo, NY",NY,13204,MCO,"Orlando, FL",FL,0800,0753,-7.00,1050,1102,12.00,12.00,0.00,0,1000-1059,0.00,,0.00,170.00,189.00,150.00,1011.00,,,,,
6,1/3/2026 12:00:00 AM,B6,20409,N3241J,984,14492,RDU,"Raleigh/Durham, NC",NC,10721,BOS,"Boston, MA",MA,0600,0555,-5.00,0758,0730,-28.00,0.00,0.00,-2,0700-0759,0.00,,0.00,118.00,95.00,79.00,612.00,,,,,
6,1/24/2026 12:00:00 AM,DL,19790,N360NW,2717,14683,SAT,"San Antonio, TX",TX,13487,MSP,"Minneapolis, MN",MN,0630,0620,-10.00,0920,0848,-32.00,0.00,0.00,-2,0900-0959,0.00,,0.00,170.00,148.00,130.00,1097.00,,,,,
2,1/20/2026 12:00:00 AM,AA,19805,N850NN,2172,13487,MSP,"Minneapolis, MN",MN,11298,DFW,"Dallas/Fort Worth, TX",TX,0957,0954,-3.00,1249,1232,-17.00,0.00,0.00,-2,1200-1259,0.00,,0.00,172.00,158.00,118.00,852.00,,,,,
1,1/12/2026 12:00:00 AM,OO,20304,N194SY,3323,12892,LAX,"Los Angeles, CA",CA,11603,EUG,"Eugene, OR",OR,2015,2002,-13.00,2244,2212,-32.00,0.00,0.00,-2,2200-2259,0.00,,0.00,149.00,130.00,111.00,748.00,,,,,
5,1/23/2026 12:00:00 AM,AS,19930,N298AK,357,11884,GEG,"Spokane, WA",WA,14747,SEA,"Seattle, WA",WA,1210,1218,8.00,1328,1315,-13.00,0.00,0.00,-1,1300-1359,0.00,,0.00,78.00,57.00,43.00,224.00,,,,,
4,1/1/2026 12:00:00 AM,NK,20416,N992NK,1154,11433,DTW,"Detroit, MI",MI,11618,EWR,"Newark, NJ",NJ,0510,0530,20.00,0656,0712,16.00,16.00,1.00,1,0600-0659,0.00,,0.00,106.00,102.00,64.00,488.00,16.00,0.00,0.00,0.00,0.00
2,1/13/2026 12:00:00 AM,AS,19930,N268AK,358,14057,PDX,"Portland, OR",OR,10721,BOS,"Boston, MA",MA,0700,0659,-1.00,1520,1501,-19.00,0.00,0.00,-2,1500-1559,0.00,,0.00,320.00,302.00,286.00,2537.00,,,,,
5,1/23/2026 12:00:00 AM,F9,20436,N668FR,3418,12889,LAS,"Las Vegas, NV",NV,14683,SAT,"San Antonio, TX",TX,0745,0737,-8.00,1225,1216,-9.00,0.00,0.00,-1,1200-1259,0.00,,0.00,160.00,159.00,133.00,1069.00,,,,,
5,1/2/2026 12:00:00 AM,AA,19805,N835AW,1829,14107,PHX,"Phoenix, AZ",AZ,14683,SAT,"San Antonio, TX",TX,2015,2027,12.00,2323,2328,5.00,5.00,0.00,0,2300-2359,0.00,,0.00,128.00,121.00,103.00,843.00,,,,,
3,1/21/2026 12:00:00 AM,WN,19393,N279WN,2372,12953,LGA,"New York, NY",NY,13232,MDW,"Chicago, IL",IL,1755,1742,-13.00,1930,1905,-25.00,0.00,0.00,-2,1900-1959,0.00,,0.00,155.00,143.00,125.00,725.00,,,,,
7,1/4/2026 12:00:00 AM,UA,19977,N45956,2434,11618,EWR,"Newark, NJ",NJ,12892,LAX,"Los Angeles, CA",CA,0600,0604,4.00,0908,0901,-7.00,0.00,0.00,-1,0900-0959,0.00,,0.00,368.00,357.00,326.00,2454.00,,,,,
3,1/7/2026 12:00:00 AM,OO,20304,N760EV,6453,14107,PHX,"Phoenix, AZ",AZ,11638,FAT,"Fresno, CA",CA,1454,1449,-5.00,1544,1541,-3.00,0.00,0.00,-1,1500-1559,0.00,,0.00,110.00,112.00,84.00,493.00,,,,,
5,1/23/2026 12:00:00 AM,OO,20304,N728SK,4979,14107,PHX,"Phoenix, AZ",AZ,11695,FLG,"Flagstaff, AZ",AZ,1637,1631,-6.00,1731,1730,-1.00,0.00,0.00,-1,1700-1759,0.00,,0.00,54.00,59.00,34.00,119.00,,,,,
7,1/18/2026 12:00:00 AM,AS,19930,N897AK,380,14747,SEA,"Seattle, WA",WA,14057,PDX,"Portland, OR",OR,1950,1949,-1.00,2047,2045,-2.00,0.00,0.00,-1,2000-2059,0.00,,0.00,57.00,56.00,26.00,129.00,,,,,
5,1/23/2026 12:00:00 AM,DL,19790,N307DU,1242,10423,AUS,"Austin, TX",TX,13487,MSP,"Minneapolis, MN",MN,0615,0609,-6.00,0904,1059,115.00,115.00,1.00,7,0900-0959,0.00,,0.00,169.00,290.00,136.00,1042.00,0.00,0.00,115.00,0.00,0.00
1,1/5/2026 12:00:00 AM,AS,19930,N955AK,209,14262,PSP,"Palm Springs, CA",CA,12478,JFK,"New York, NY",NY,1416,1422,6.00,2229,2200,-29.00,0.00,0.00,-2,2200-2259,0.00,,0.00,313.00,278.00,251.00,2378.00,,,,,
4,1/15/2026 12:00:00 AM,UA,19977,N33714,1334,13871,OMA,"Omaha, NE",NE,12266,IAH,"Houston, TX",TX,0815,0809,-6.00,1054,1017,-37.00,0.00,0.00,-2,1000-1059,0.00,,0.00,159.00,128.00,96.00,781.00,,,,,
1,1/19/2026 12:00:00 AM,AA,19805,N313VA,1208,10800,BUR,"Burbank, CA",CA,11298,DFW,"Dallas/Fort Worth, TX",TX,1314,1419,65.00,1820,1934,74.00,74.00,1.00,4,1800-1859,0.00,,0.00,186.00,195.00,144.00,1231.00,65.00,0.00,9.00,0.00,0.00
4,1/15/2026 12:00:00 AM,WN,19393,N8610A,994,15304,TPA,"Tampa, FL",FL,14679,SAN,"San Diego, CA",CA,1710,1744,34.00,1945,2143,,,,,1900-1959,0.00,,1.00,335.00,,,2087.00,,,,,
2,1/20/2026 12:00:00 AM,MQ,20398,N240NN,3777,13303,MIA,"Miami, FL",FL,12197,HPN,"White Plains, NY",NY,1357,1351,-6.00,1700,1627,-33.00,0.00,0.00,-2,1700-1759,0.00,,0.00,183.00,156.00,138.00,1118.00,,,,,
7,1/25/2026 12:00:00 AM,YX,20452,,4436,11278,DCA,"Washington, DC",VA,12953,LGA,"New York, NY",NY,1000,,,1119,,,,,,1100-1159,1.00,B,0.00,79.00,,,214.00,,,,,
5,1/9/2026 12:00:00 AM,UA,19977,N431UA,395,11292,DEN,"Denver, CO",CO,11109,COS,"Colorado Springs, CO",CO,1342,1340,-2.00,1434,1429,-5.00,0.00,0.00,-1,1400-1459,0.00,,0.00,52.00,49.00,24.00,73.00,,,,,
3,1/21/2026 12:00:00 AM,YX,20452,N224JQ,5669,12953,LGA,"New York, NY",NY,11066,CMH,"Columbus, OH",OH,1130,1120,-10.00,1328,1311,-17.00,0.00,0.00,-2,1300-1359,0.00,,0.00,118.00,111.00,85.00,479.00,,,,,
5,1/9/2026 12:00:00 AM,WN,19393,N8874Q,3199,10693,BNA,"Nashville, TN",TN,10423,AUS,"Austin, TX",TX,1030,1016,-14.00,1310,1300,-10.00,0.00,0.00,-1,1300-1359,0.00,,0.00,160.00,164.00,136.00,756.00,,,,,
3,1/7/2026 12:00:00 AM,AA,19805,N902NN,2438,12266,IAH,"Houston, TX",TX,11298,DFW,"Dallas/Fort Worth, TX",TX,1810,1810,0.00,1944,1936,-8.00,0.00,0.00,-1,1900-1959,0.00,,0.00,94.00,86.00,46.00,224.00,,,,,
2,1/27/2026 12:00:00 AM,B6,20409,N3280J,2334,14027,PBI,"West Palm Beach/Palm Beach, FL",FL,11278,DCA,"Washington, DC",VA,1745,,,2007,,,,,,2000-2059,1.00,B,0.00,142.00,,,857.00,,,,,
4,1/15/2026 12:00:00 AM,AS,19930,N589AS,268,10299,ANC,"Anchorage, AK",AK,14747,SEA,"Seattle, WA",WA,0505,0459,-6.00,0939,0915,-24.00,0.00,0.00,-2,0900-0959,0.00,,0.00,214.00,196.00,171.00,1448.00,,,,,
1,1/12/2026 12:00:00 AM,WN,19393,N8310C,3154,14107,PHX,"Phoenix, AZ",AZ,12191,HOU,"Houston, TX",TX,1425,1427,2.00,1750,1749,-1.00,0.00,0.00,-1,1700-1759,0.00,,0.00,145.00,142.00,130.00,1020.00,,,,,
5,1/2/2026 12:00:00 AM,OO,20304,N244LR,4815,14107,PHX,"Phoenix, AZ",AZ,14794,SGU,"St. George, UT",UT,2252,2245,-7.00,0014,2353,-21.00,0.00,0.00,-2,0001-0559,0.00,,0.00,82.00,68.00,42.00,262.00,,,,,
7,1/18/2026 12:00:00 AM,B6,20409,N556JB,514,11697,FLL,"Fort Lauderdale, FL",FL,12391,ISP,"Islip, NY",NY,0840,0835,-5.00,1133,1149,16.00,16.00,1.00,1,1100-1159,0.00,,0.00,173.00,194.00,131.00,1092.00,0.00,0.00,16.00,0.00,0.00
4,1/22/2026 12:00:00 AM,F9,20436,N619FR,3232,12889,LAS,"Las Vegas, NV",NV,11042,CLE,"Cleveland, OH",OH,1622,1621,-1.00,2329,2303,-26.00,0.00,0.00,-2,2300-2359,0.00,,0.00,247.00,222.00,194.00,1824.00,,,,,
5,1/23/2026 12:00:00 AM,AA,19805,N136AN,1051,11298,DFW,"Dallas/Fort Worth, TX",TX,10397,ATL,"Atlanta, GA",GA,1443,1443,0.00,1745,1739,-6.00,0.00,0.00,-1,1700-1759,0.00,,0.00,122.00,116.00,91.00,731.00,,,,,
2,1/6/2026 12:00:00 AM,UA,19977,N47570,1826,11618,EWR,"Newark, NJ",NJ,14679,SAN,"San Diego, CA",CA,0915,0915,0.00,1227,1243,16.00,16.00,1.00,1,1200-1259,0.00,,0.00,372.00,388.00,349.00,2425.00,0.00,0.00,16.00,0.00,0.00
7,1/18/2026 12:00:00 AM,G4,20368,262NV,2976,14986,SRQ,"Sarasota/Bradenton, FL",FL,10874,CAK,"Akron, OH",OH,0731,0728,-3.00,1000,0932,-28.00,0.00,0.00,-2,1000-1059,0.00,,0.00,149.00,124.00,111.00,934.00,,,,,
5,1/30/2026 12:00:00 AM,AA,19805,N139AN,1806,14107,PHX,"Phoenix, AZ",AZ,11298,DFW,"Dallas/Fort Worth, TX",TX,0500,0451,-9.00,0822,0805,-17.00,0.00,0.00,-2,0800-0859,0.00,,0.00,142.00,134.00,109.00,868.00,,,,,
2,1/6/2026 12:00:00 AM,OO,20304,N108SY,5974,11638,FAT,"Fresno, CA",CA,14771,SFO,"San Francisco, CA",CA,1422,1453,31.00,1535,1547,12.00,12.00,0.00,0,1500-1559,0.00,,0.00,73.00,54.00,30.00,158.00,,,,,
4,1/1/2026 12:00:00 AM,OH,20397,N636NN,5581,11042,CLE,"Cleveland, OH",OH,14100,PHL,"Philadelphia, PA",PA,1611,1731,80.00,1750,1856,66.00,66.00,1.00,4,1700-1759,0.00,,0.00,99.00,85.00,54.00,363.00,1.00,0.00,0.00,0.00,65.00
2,1/13/2026 12:00:00 AM,AS,19930,N298AK,612,14747,SEA,"Seattle, WA",WA,12889,LAS,"Las Vegas, NV",NV,1053,1058,5.00,1324,1323,-1.00,0.00,0.00,-1,1300-1359,0.00,,0.00,151.00,145.00,119.00,867.00,,,,,
4,1/8/2026 12:00:00 AM,DL,19790,N368DN,1433,13487,MSP,"Minneapolis, MN",MN,11433,DTW,"Detroit, MI",MI,0855,0846,-9.00,1145,1134,-11.00,0.00,0.00,-1,1100-1159,0.00,,0.00,110.00,108.00,72.00,528.00,,,,,
5,1/2/2026 12:00:00 AM,OO,20304,N960SW,5226,11292,DEN,"Denver, CO",CO,11122,CPR,"Casper, WY",WY,2104,2114,10.00,2225,2218,-7.00,0.00,0.00,-1,2200-2259,0.00,,0.00,81.00,64.00,42.00,230.00,,,,,
2,1/6/2026 12:00:00 AM,DL,19790,N396DN,2950,10821,BWI,"Baltimore, MD",MD,10397,ATL,"Atlanta, GA",GA,0600,0558,-2.00,0815,0757,-18.00,0.00,0.00,-2,0800-0859,0.00,,0.00,135.00,119.00,90.00,577.00,,,,,
1,1/12/2026 12:00:00 AM,OO,20304,N724EV,4283,10631,BJI,"Bemidji, MN",MN,13487,MSP,"Minneapolis, MN",MN,1512,1503,-9.00,1621,1550,-31.00,0.00,0.00,-2,1600-1659,0.00,,0.00,69.00,47.00,36.00,199.00,,,,,
1,1/12/2026 12:00:00 AM,OO,20304,N252SY,3676,10849,BZN,"Bozeman, MT",MT,14869,SLC,"Salt Lake City, UT",UT,1830,1813,-17.00,1956,1953,-3.00,0.00,0.00,-1,1900-1959,0.00,,0.00,86.00,100.00,59.00,347.00,,,,,
6,1/3/2026 12:00:00 AM,AA,19805,N153UW,855,11057,CLT,"Charlotte, NC",NC,15016,STL,"St. Louis, MO",MO,2256,2251,-5.00,2356,2332,-24.00,0.00,0.00,-2,2300-2359,0.00,,0.00,120.00,101.00,83.00,575.00,,,,,
2,1/27/2026 12:00:00 AM,AA,19805,N848NN,392,14635,RSW,"Fort Myers, FL",FL,13930,ORD,"Chicago, IL",IL,0628,,,0844,,,,,,0800-0859,1.00,B,0.00,196.00,,,1120.00,,,,,
4,1/29/2026 12:00:00 AM,DL,19790,N713TW,635,14771,SFO,"San Francisco, CA",CA,10397,ATL,"Atlanta, GA",GA,2130,2132,2.00,0502,0458,-4.00,0.00,0.00,-1,0001-0559,0.00,,0.00,272.00,266.00,247.00,2139.00,,,,,
5,1/2/2026 12:00:00 AM,WN,19393,N8648A,3882,11066,CMH,"Columbus, OH",OH,14107,PHX,"Phoenix, AZ",AZ,0510,0507,-3.00,0745,0742,-3.00,0.00,0.00,-1,0700-0759,0.00,,0.00,275.00,275.00,245.00,1670.00,,,,,
5,1/16/2026 12:00:00 AM,DL,19790,N936AT,1637,10397,ATL,"Atlanta, GA",GA,12278,ICT,"Wichita, KS",KS,0912,0910,-2.00,1036,1042,6.00,6.00,0.00,0,1000-1059,0.00,,0.00,144.00,152.00,128.00,782.00,,,,,
1,1/5/2026 12:00:00 AM,OO,20304,N896SK,4812,14794,SGU,"St. George, UT",UT,14107,PHX,"Phoenix, AZ",AZ,1215,1157,-18.00,1336,1307,-29.00,0.00,0.00,-2,1300-1359,0.00,,0.00,81.00,70.00,48.00,262.00,,,,,
6,1/31/2026 12:00:00 AM,OH,20397,N597NN,5500,14685,SAV,"Savannah, GA",GA,11057,CLT,"Charlotte, NC",NC,0700,,,0825,,,,,,0800-0859,1.00,B,0.00,85.00,,,213.00,,,,,
1,1/12/2026 12:00:00 AM,G4,20368,306NV,35,13244,MEM,"Memphis, TN",TN,12889,LAS,"Las Vegas, NV",NV,1321,1317,-4.00,1521,1433,-48.00,0.00,0.00,-2,1500-1559,0.00,,0.00,240.00,196.00,182.00,1416.00,,,,,
1,1/26/2026 12:00:00 AM,AS,19930,N480AS,1012,12173,HNL,"Honolulu, HI",HI,12402,ITO,"Hilo, HI",HI,0700,0736,36.00,0754,0839,45.00,45.00,1.00,3,0700-0759,0.00,,0.00,54.00,63.00,33.00,216.00,45.00,0.00,0.00,0.00,0.00
7,1/18/2026 12:00:00 AM,DL,19790,N930DZ,8802,12339,IND,"Indianapolis, IN",IN,13303,MIA,"Miami, FL",FL,0955,0946,-9.00,1241,1303,22.00,22.00,1.00,1,1200-1259,0.00,,0.00,166.00,197.00,152.00,1020.00,0.00,0.00,22.00,0.00,0.00
7,1/18/2026 12:00:00 AM,WN,19393,N224WN,1833,10693,BNA,"Nashville, TN",TN,12191,HOU,"Houston, TX",TX,1255,1254,-1.00,1520,1453,-27.00,0.00,0.00,-2,1500-1559,0.00,,0.00,145.00,119.00,104.00,670.00,,,,,
5,1/9/2026 12:00:00 AM,OO,20304,N85363,5212,11292,DEN,"Denver, CO",CO,11638,FAT,"Fresno, CA",CA,1139,1235,56.00,1333,1351,18.00,18.00,1.00,1,1300-1359,0.00,,0.00,174.00,136.00,112.00,844.00,18.00,0.00,0.00,0.00,0.00
1,1/19/2026 12:00:00 AM,AA,19805,N156AN,2426,14107,PHX,"Phoenix, AZ",AZ,12889,LAS,"Las Vegas, NV",NV,1132,1147,15.00,1150,1158,8.00,8.00,0.00,0,1100-1159,0.00,,0.00,78.00,71.00,44.00,255.00,,,,,
3,1/14/2026 12:00:00 AM,OH,20397,N591NN,5256,14100,PHL,"Philadelphia, PA",PA,12451,JAX,"Jacksonville, FL",FL,0915,0931,16.00,1149,1147,-2.00,0.00,0.00,-1,1100-1159,0.00,,0.00,154.00,136.00,117.00,742.00,,,,,
5,1/23/2026 12:00:00 AM,AS,19930,N388AS,804,12173,HNL,"Honolulu, HI",HI,12892,LAX,"Los Angeles, CA",CA,2138,2136,-2.00,0500,0447,-13.00,0.00,0.00,-1,0001-0559,0.00,,0.00,322.00,311.00,285.00,2556.00,,,,,
5,1/30/2026 12:00:00 AM,F9,20436,N238FR,1050,13303,MIA,"Miami, FL",FL,10821,BWI,"Baltimore, MD",MD,1431,1424,-7.00,1719,1703,-16.00,0.00,0.00,-2,1700-1759,0.00,,0.00,168.00,159.00,121.00,946.00,,,,,
3,1/14/2026 12:00:00 AM,OH,20397,N551NN,5459,11298,DFW,"Dallas/Fort Worth, TX",TX,11612,EVV,"Evansville, IN",IN,1301,1257,-4.00,1454,1438,-16.00,0.00,0.00,-2,1400-1459,0.00,,0.00,113.00,101.00,84.00,642.00,,,,,
4,1/29/2026 12:00:00 AM,OH,20397,N618NN,5312,11267,DAY,"Dayton, OH",OH,14100,PHL,"Philadelphia, PA",PA,0600,0555,-5.00,0746,0730,-16.00,0.00,0.00,-2,0700-0759,0.00,,0.00,106.00,95.00,67.00,477.00,,,,,
7,1/4/2026 12:00:00 AM,OH,20397,N637NN,5176,11057,CLT,"Charlotte, NC",NC,11252,DAB,"Daytona Beach, FL",FL,2120,2113,-7.00,2258,2239,-19.00,0.00,0.00,-2,2200-2259,0.00,,0.00,98.00,86.00,62.00,416.00,,,,,
2,1/20/2026 12:00:00 AM,MQ,20398,N210NN,3875,13930,ORD,"Chicago, IL",IL,11986,GRR,"Grand Rapids, MI",MI,0940,1028,48.00,1148,1223,35.00,35.00,1.00,2,1100-1159,0.00,,0.00,68.00,55.00,36.00,137.00,0.00,0.00,14.00,0.00,21.00
1,1/12/2026 12:00:00 AM,MQ,20398,N760MQ,3954,11203,CWA,"Mosinee, WI",WI,13930,ORD,"Chicago, IL",IL,0600,0557,-3.00,0738,0734,-4.00,0.00,0.00,-1,0700-0759,0.00,,0.00,98.00,97.00,51.00,213.00,,,,,
2,1/6/2026 12:00:00 AM,UA,19977,N44501,2343,14679,SAN,"San Diego, CA",CA,13930,ORD,"Chicago, IL",IL,0700,0657,-3.00,1313,1240,-33.00,0.00,0.00,-2,1300-1359,0.00,,0.00,253.00,223.00,193.00,1723.00,,,,,
1,1/19/2026 12:00:00 AM,AS,19930,N607AS,60,12819,KTN,"Ketchikan, AK",AK,14747,SEA,"Seattle, WA",WA,0912,0907,-5.00,1207,1207,0.00,0.00,0.00,0,1200-1259,0.00,,0.00,115.00,120.00,85.00,680.00,,,,,
3,1/28/2026 12:00:00 AM,MQ,20398,N766JM,3669,12896,LBB,"Lubbock, TX",TX,11298,DFW,"Dallas/Fort Worth, TX",TX,1241,1233,-8.00,1400,1352,-8.00,0.00,0.00,-1,1400-1459,0.00,,0.00,79.00,79.00,54.00,282.00,,,,,
2,1/27/2026 12:00:00 AM,DL,19790,N350NA,1275,14492,RDU,"Raleigh/Durham, NC",NC,15304,TPA,"Tampa, FL",FL,1806,1912,66.00,2000,2102,62.00,62.00,1.00,4,2000-2059,0.00,,0.00,114.00,110.00,96.00,587.00,0.00,0.00,0.00,0.00,62.00
5,1/2/2026 12:00:00 AM,OO,20304,N766SK,5000,11823,FWA,"Fort Wayne, IN",IN,13930,ORD,"Chicago, IL",IL,1859,1850,-9.00,1930,1902,-28.00,0.00,0.00,-2,1900-1959,0.00,,0.00,91.00,72.00,34.00,157.00,,,,,
5,1/30/2026 12:00:00 AM,MQ,20398,N247NN,3849,10821,BWI,"Baltimore, MD",MD,13930,ORD,"Chicago, IL",IL,0600,0557,-3.00,0730,0702,-28.00,0.00,0.00,-2,0700-0759,0.00,,0.00,150.00,125.00,105.00,622.00,,,,,
7,1/11/2026 12:00:00 AM,NK,20416,N732NK,107,13930,ORD,"Chicago, IL",IL,11618,EWR,"Newark, NJ",NJ,1638,1648,10.00,1946,1948,2.00,2.00,0.00,0,1900-1959,0.00,,0.00,128.00,120.00,92.00,719.00,,,,,
1,1/19/2026 12:00:00 AM,WN,19393,N487WN,2386,12892,LAX,"Los Angeles, CA",CA,11292,DEN,"Denver, CO",CO,0600,0556,-4.00,0930,0939,9.00,9.00,0.00,0,0900-0959,0.00,,0.00,150.00,163.00,112.00,862.00,,,,,
3,1/14/2026 12:00:00 AM,OO,20304,N312SY,3765,12280,IDA,"Idaho Falls, ID",ID,14869,SLC,"Salt Lake City, UT",UT,1315,1306,-9.00,1430,1418,-12.00,0.00,0.00,-1,1400-1459,0.00,,0.00,75.00,72.00,43.00,189.00,,,,,
3,1/28/2026 12:00:00 AM,B6,20409,N905JB,1303,10721,BOS,"Boston, MA",MA,14107,PHX,"Phoenix, AZ",AZ,1650,1646,-4.00,2049,2049,0.00,0.00,0.00,0,2000-2059,0.00,,0.00,359.00,363.00,331.00,2300.00,,,,,
5,1/2/2026 12:00:00 AM,UA,19977,N436UA,2237,12266,IAH,"Houston, TX",TX,12264,IAD,"Washington, DC",VA,1820,1831,11.00,2219,2227,8.00,8.00,0.00,0,2200-2259,0.00,,0.00,179.00,176.00,145.00,1190.00,,,,,
4,1/8/2026 12:00:00 AM,WN,19393,N8984L,3522,14831,SJC,"San Jose, CA",CA,11292,DEN,"Denver, CO",CO,0825,0820,-5.00,1155,1151,-4.00,0.00,0.00,-1,1100-1159,0.00,,0.00,150.00,151.00,128.00,948.00,,,,,
4,1/22/2026 12:00:00 AM,DL,19790,N137DU,317,12954,LGB,"Long Beach, CA",CA,14869,SLC,"Salt Lake City, UT",UT,0700,0654,-6.00,0957,0936,-21.00,0.00,0.00,-2,0900-0959,0.00,,0.00,117.00,102.00,81.00,588.00,,,,,
4,1/29/2026 12:00:00 AM,WN,19393,N8946L,1109,13198,MCI,"Kansas City, MO",MO,11697,FLL,"Fort Lauderdale, FL",FL,1550,1554,4.00,1945,1929,-16.00,0.00,0.00,-2,1900-1959,0.00,,0.00,175.00,155.00,143.00,1242.00,,,,,
4,1/22/2026 12:00:00 AM,DL,19790,N916DU,2070,14869,SLC,"Salt Lake City, UT",UT,11057,CLT,"Charlotte, NC",NC,1008,0959,-9.00,1600,1530,-30.00,0.00,0.00,-2,1600-1659,0.00,,0.00,232.00,211.00,187.00,1727.00,,,,,
4,1/8/2026 12:00:00 AM,UA,19977,N77022,285,14771,SFO,"San Francisco, CA",CA,11618,EWR,"Newark, NJ",NJ,2250,0147,177.00,0709,0947,158.00,158.00,1.00,10,0700-0759,0.00,,0.00,319.00,300.00,272.00,2565.00,158.00,0.00,0.00,0.00,0.00
7,1/11/2026 12:00:00 AM,DL,19790,N324NB,2164,11433,DTW,"Detroit, MI",MI,14492,RDU,"Raleigh/Durham, NC",NC,1011,1005,-6.00,1202,1141,-21.00,0.00,0.00,-2,1200-1259,0.00,,0.00,111.00,96.00,77.00,501.00,,,,,
4,1/15/2026 12:00:00 AM,DL,19790,N324DX,1495,10397,ATL,"Atlanta, GA",GA,14027,PBI,"West Palm Beach/Palm Beach, FL",FL,2230,2225,-5.00,0014,0024,10.00,10.00,0.00,0,0001-0559,0.00,,0.00,104.00,119.00,83.00,545.00,,,,,
1,1/19/2026 12:00:00 AM,WN,19393,N8817L,2856,12889,LAS,"Las Vegas, NV",NV,10821,BWI,"Baltimore, MD",MD,1045,1055,10.00,1815,1800,-15.00,0.00,0.00,-1,1800-1859,0.00,,0.00,270.00,245.00,221.00,2106.00,,,,,
5,1/9/2026 12:00:00 AM,YX,20452,N648RW,3452,12339,IND,"Indianapolis, IN",IN,13930,ORD,"Chicago, IL",IL,0905,0857,-8.00,0938,0913,-25.00,0.00,0.00,-2,0900-0959,0.00,,0.00,93.00,76.00,44.00,177.00,,,,,
7,1/18/2026 12:00:00 AM,UA,19977,N480UA,373,14771,SFO,"San Francisco, CA",CA,13891,ONT,"Ontario, CA",CA,1620,1619,-1.00,1743,1730,-13.00,0.00,0.00,-1,1700-1759,0.00,,0.00,83.00,71.00,57.00,363.00,,,,,
7,1/25/2026 12:00:00 AM,OO,20304,N135SY,5883,13264,MFR,"Medford, OR",OR,14771,SFO,"San Francisco, CA",CA,1825,1817,-8.00,2005,1926,-39.00,0.00,0.00,-2,2000-2059,0.00,,0.00,100.00,69.00,57.00,329.00,,,,,
6,1/31/2026 12:00:00 AM,OH,20397,,5323,14685,SAV,"Savannah, GA",GA,14100,PHL,"Philadelphia, PA",PA,1240,,,1439,,,,,,1400-1459,1.00,B,0.00,119.00,,,630.00,,,,,
5,1/9/2026 12:00:00 AM,YX,20452,N437YX,4583,14492,RDU,"Raleigh/Durham, NC",NC,13930,ORD,"Chicago, IL",IL,1635,1632,-3.00,1820,1758,-22.00,0.00,0.00,-2,1800-1859,0.00,,0.00,165.00,146.00,113.00,646.00,,,,,
4,1/1/2026 12:00:00 AM,DL,19790,N546DN,749,12892,LAX,"Los Angeles, CA",CA,15304,TPA,"Tampa, FL",FL,1053,1048,-5.00,1824,1812,-12.00,0.00,0.00,-1,1800-1859,0.00,,0.00,271.00,264.00,241.00,2158.00,,,,,
2,1/27/2026 12:00:00 AM,DL,19790,N371DN,2121,13487,MSP,"Minneapolis, MN",MN,14679,SAN,"San Diego, CA",CA,0850,0844,-6.00,1048,1020,-28.00,0.00,0.00,-2,1000-1059,0.00,,0.00,238.00,216.00,198.00,1532.00,,,,,
5,1/9/2026 12:00:00 AM,WN,19393,N7723E,4437,10693,BNA,"Nashville, TN",TN,11433,DTW,"Detroit, MI",MI,1820,1819,-1.00,2100,2040,-20.00,0.00,0.00,-2,2100-2159,0.00,,0.00,100.00,81.00,60.00,456.00,,,,,
3,1/21/2026 12:00:00 AM,OO,20304,N603UX,5712,15041,SUN,"Sun Valley/Hailey/Ketchum, ID",ID,11292,DEN,"Denver, CO",CO,0700,0652,-8.00,0914,0835,-39.00,0.00,0.00,-2,0900-0959,0.00,,0.00,134.00,103.00,72.00,557.00,,,,,
7,1/25/2026 12:00:00 AM,WN,19393,N8578Q,1873,14027,PBI,"West Palm Beach/Palm Beach, FL",FL,12391,ISP,"Islip, NY",NY,1240,,,1525,,,,,,1500-1559,1.00,B,0.00,165.00,,,1052.00,,,,,
7,1/25/2026 12:00:00 AM,WN,19393,N8912Q,1451,12206,HRL,"Harlingen/San Benito, TX",TX,10423,AUS,"Austin, TX",TX,0635,0632,-3.00,0750,0743,-7.00,0.00,0.00,-1,0700-0759,0.00,,0.00,75.00,71.00,46.00,273.00,,,,,
7,1/4/2026 12:00:00 AM,UA,19977,N57864,1431,12892,LAX,"Los Angeles, CA",CA,12173,HNL,"Honolulu, HI",HI,1315,1327,12.00,1729,1757,28.00,28.00,1.00,1,1700-1759,0.00,,0.00,374.00,390.00,347.00,2556.00,12.00,0.00,16.00,0.00,0.00
5,1/23/2026 12:00:00 AM,AS,19930,N480AS,1153,12173,HNL,"Honolulu, HI",HI,12982,LIH,"Lihue, HI",HI,1836,1837,1.00,1919,2015,56.00,56.00,1.00,3,1900-1959,0.00,,0.00,43.00,98.00,22.00,102.00,56.00,0.00,0.00,0.00,0.00
1,1/19/2026 12:00:00 AM,WN,19393,N8707P,1125,13796,OAK,"Oakland, CA",CA,12982,LIH,"Lihue, HI",HI,1230,1239,9.00,1625,1600,-25.00,0.00,0.00,-2,1600-1659,0.00,,0.00,355.00,321.00,305.00,2456.00,,,,,
5,1/16/2026 12:00:00 AM,DL,19790,N390DA,1436,10408,ATW,"Appleton, WI",WI,10397,ATL,"Atlanta, GA",GA,0520,0611,51.00,0857,1043,106.00,106.00,1.00,7,0800-0859,0.00,,0.00,157.00,212.00,100.00,765.00,0.00,51.00,55.00,0.00,0.00
5,1/30/2026 12:00:00 AM,AS,19930,N218AS,954,13830,OGG,"Kahului, HI",HI,14831,SJC,"San Jose, CA",CA,1415,1422,7.00,2117,2109,-8.00,0.00,0.00,-1,2100-2159,0.00,,0.00,302.00,287.00,268.00,2355.00,,,,,
6,1/24/2026 12:00:00 AM,UA,19977,N68843,2668,13303,MIA,"Miami, FL",FL,12264,IAD,"Washington, DC",VA,1825,1817,-8.00,2111,2052,-19.00,0.00,0.00,-2,2100-2159,0.00,,0.00,166.00,155.00,129.00,922.00,,,,,
5,1/9/2026 12:00:00 AM,YX,20452,N135HQ,4415,13930,ORD,"Chicago, IL",IL,13495,MSY,"New Orleans, LA",LA,1250,1315,25.00,1534,1607,33.00,33.00,1.00,2,1500-1559,0.00,,0.00,164.00,172.00,129.00,837.00,10.00,0.00,8.00,0.00,15.00
4,1/22/2026 12:00:00 AM,WN,19393,N8651A,3230,11259,DAL,"Dallas, TX",TX,12889,LAS,"Las Vegas, NV",NV,1305,1304,-1.00,1410,1401,-9.00,0.00,0.00,-1,1400-1459,0.00,,0.00,185.00,177.00,161.00,1067.00,,,,,
4,1/15/2026 12:00:00 AM,OO,20304,N741EV,6205,14107,PHX,"Phoenix, AZ",AZ,11921,GJT,"Grand Junction, CO",CO,1646,1639,-7.00,1819,1807,-12.00,0.00,0.00,-1,1800-1859,0.00,,0.00,93.00,88.00,63.00,438.00,,,,,
4,1/1/2026 12:00:00 AM,UA,19977,N37308,1027,14771,SFO,"San Francisco, CA",CA,12982,LIH,"Lihue, HI",HI,1040,1157,77.00,1448,1608,80.00,80.00,1.00,5,1400-1459,0.00,,0.00,368.00,371.00,338.00,2446.00,58.00,0.00,3.00,0.00,19.00
4,1/15/2026 12:00:00 AM,WN,19393,N8665D,153,10140,ABQ,"Albuquerque, NM",NM,14679,SAN,"San Diego, CA",CA,0700,0702,2.00,0800,0751,-9.00,0.00,0.00,-1,0800-0859,0.00,,0.00,120.00,109.00,87.00,628.00,,,,,
6,1/3/2026 12:00:00 AM,YX,20452,N732YX,3537,14122,PIT,"Pittsburgh, PA",PA,11618,EWR,"Newark, NJ",NJ,0715,0715,0.00,0857,0830,-27.00,0.00,0.00,-2,0800-0859,0.00,,0.00,102.00,75.00,53.00,319.00,,,,,
5,1/9/2026 12:00:00 AM,AA,19805,N933AM,1456,11298,DFW,"Dallas/Fort Worth, TX",TX,14869,SLC,"Salt Lake City, UT",UT,1331,1326,-5.00,1522,1508,-14.00,0.00,0.00,-1,1500-1559,0.00,,0.00,171.00,162.00,137.00,989.00,,,,,
7,1/4/2026 12:00:00 AM,WN,19393,N8647A,4442,15016,STL,"St. Louis, MO",MO,14679,SAN,"San Diego, CA",CA,0955,0959,4.00,1155,1142,-13.00,0.00,0.00,-1,1100-1159,0.00,,0.00,240.00,223.00,213.00,1557.00,,,,,
6,1/24/2026 12:00:00 AM,OH,20397,N558NN,5356,14100,PHL,"Philadelphia, PA",PA,10693,BNA,"Nashville, TN",TN,1242,,,1421,,,,,,1400-1459,1.00,B,0.00,159.00,,,675.00,,,,,
4,1/29/2026 12:00:00 AM,DL,19790,N369NB,909,12892,LAX,"Los Angeles, CA",CA,12339,IND,"Indianapolis, IN",IN,0910,0857,-13.00,1605,1544,-21.00,0.00,0.00,-2,1600-1659,0.00,,0.00,235.00,227.00,210.00,1814.00,,,,,
6,1/24/2026 12:00:00 AM,OO,20304,N130SY,5267,11292,DEN,"Denver, CO",CO,15919,XNA,"Fayetteville, AR",AR,0942,,,1249,,,,,,1200-1259,1.00,B,0.00,127.00,,,616.00,,,,,
4,1/8/2026 12:00:00 AM,WN,19393,N8914Q,699,10721,BOS,"Boston, MA",MA,13232,MDW,"Chicago, IL",IL,0530,0526,-4.00,0720,0714,-6.00,0.00,0.00,-1,0700-0759,0.00,,0.00,170.00,168.00,137.00,861.00,,,,,
6,1/31/2026 12:00:00 AM,WN,19393,N8689C,1593,14122,PIT,"Pittsburgh, PA",PA,14635,RSW,"Fort Myers, FL",FL,1155,1204,9.00,1435,1443,8.00,8.00,0.00,0,1400-1459,0.00,,0.00,160.00,159.00,143.00,966.00,,,,,
5,1/9/2026 12:00:00 AM,WN,19393,N8883Q,1938,11259,DAL,"Dallas, TX",TX,14492,RDU,"Raleigh/Durham, NC",NC,1430,1453,23.00,1800,1823,23.00,23.00,1.00,1,1800-1859,0.00,,0.00,150.00,150.00,126.00,1052.00,0.00,0.00,0.00,0.00,23.00
5,1/30/2026 12:00:00 AM,DL,19790,N894AT,3158,10397,ATL,"Atlanta, GA",GA,11057,CLT,"Charlotte, NC",NC,1704,1658,-6.00,1810,1807,-3.00,0.00,0.00,-1,1800-1859,0.00,,0.00,66.00,69.00,42.00,226.00,,,,,
7,1/4/2026 12:00:00 AM,MQ,20398,N790MK,3507,11203,CWA,"Mosinee, WI",WI,13930,ORD,"Chicago, IL",IL,1950,1940,-10.00,2124,2056,-28.00,0.00,0.00,-2,2100-2159,0.00,,0.00,94.00,76.00,47.00,213.00,,,,,
4,1/29/2026 12:00:00 AM,DL,19790,N109DU,572,13198,MCI,"Kansas City, MO",MO,12953,LGA,"New York, NY",NY,1210,1155,-15.00,1600,1537,-23.00,0.00,0.00,-2,1600-1659,0.00,,0.00,170.00,162.00,137.00,1107.00,,,,,
4,1/15/2026 12:00:00 AM,WN,19393,N453WN,1221,11540,ELP,"El Paso, TX",TX,12892,LAX,"Los Angeles, CA",CA,1705,1659,-6.00,1820,1754,-26.00,0.00,0.00,-2,1800-1859,0.00,,0.00,135.00,115.00,97.00,715.00,,,,,
6,1/24/2026 12:00:00 AM,MQ,20398,N337MR,4071,13303,MIA,"Miami, FL",FL,14986,SRQ,"Sarasota/Bradenton, FL",FL,2250,2251,1.00,2359,2356,-3.00,0.00,0.00,-1,2300-2359,0.00,,0.00,69.00,65.00,38.00,178.00,,,,,
5,1/2/2026 12:00:00 AM,NK,20416,N723NK,1153,11433,DTW,"Detroit, MI",MI,11697,FLL,"Fort Lauderdale, FL",FL,1840,1958,78.00,2150,2249,59.00,59.00,1.00,3,2100-2159,0.00,,0.00,190.00,171.00,151.00,1127.00,0.00,0.00,0.00,0.00,59.00
7,1/18/2026 12:00:00 AM,WN,19393,N8854Q,2246,10693,BNA,"Nashville, TN",TN,13232,MDW,"Chicago, IL",IL,1145,1224,39.00,1320,1348,28.00,28.00,1.00,1,1300-1359,0.00,,0.00,95.00,84.00,67.00,395.00,8.00,0.00,0.00,0.00,20.00
5,1/16/2026 12:00:00 AM,UA,19977,N47357,280,11292,DEN,"Denver, CO",CO,10299,ANC,"Anchorage, AK",AK,1918,1919,1.00,2315,2300,-15.00,0.00,0.00,-1,2300-2359,0.00,,0.00,357.00,341.00,321.00,2405.00,,,,,
3,1/7/2026 12:00:00 AM,WN,19393,N287WN,1541,12889,LAS,"Las Vegas, NV",NV,10821,BWI,"Baltimore, MD",MD,0535,0531,-4.00,1300,1244,-16.00,0.00,0.00,-2,1300-1359,0.00,,0.00,265.00,253.00,234.00,2106.00,,,,,
5,1/30/2026 12:00:00 AM,AA,19805,N755US,1330,11618,EWR,"Newark, NJ",NJ,11057,CLT,"Charlotte, NC",NC,1936,1928,-8.00,2147,2124,-23.00,0.00,0.00,-2,2100-2159,0.00,,0.00,131.00,116.00,88.00,529.00,,,,,
1,1/12/2026 12:00:00 AM,MQ,20398,N346BB,3853,11111,COU,"Columbia, MO",MO,11298,DFW,"Dallas/Fort Worth, TX",TX,1707,1655,-12.00,1913,1834,-39.00,0.00,0.00,-2,1900-1959,0.00,,0.00,126.00,99.00,69.00,490.00,,,,,
7,1/18/2026 12:00:00 AM,AA,19805,N191UW,1310,11433,DTW,"Detroit, MI",MI,14107,PHX,"Phoenix, AZ",AZ,0635,0627,-8.00,0921,0830,-51.00,0.00,0.00,-2,0900-0959,0.00,,0.00,286.00,243.00,225.00,1671.00,,,,,
6,1/17/2026 12:00:00 AM,AA,19805,N923US,1303,11298,DFW,"Dallas/Fort Worth, TX",TX,11057,CLT,"Charlotte, NC",NC,0834,0835,1.00,1202,1152,-10.00,0.00,0.00,-1,1200-1259,0.00,,0.00,148.00,137.00,109.00,935.00,,,,,
7,1/11/2026 12:00:00 AM,UA,19977,N794UA,1149,14771,SFO,"San Francisco, CA",CA,11618,EWR,"Newark, NJ",NJ,0700,0652,-8.00,1526,1506,-20.00,0.00,0.00,-2,1500-1559,0.00,,0.00,326.00,314.00,280.00,2565.00,,,,,
2,1/6/2026 12:00:00 AM,NK,20416,N619NK,2855,14683,SAT,"San Antonio, TX",TX,12892,LAX,"Los Angeles, CA",CA,0635,0644,9.00,0801,0747,-14.00,0.00,0.00,-1,0800-0859,0.00,,0.00,206.00,183.00,171.00,1211.00,,,,,
6,1/3/2026 12:00:00 AM,WN,19393,N8788L,4643,12191,HOU,"Houston, TX",TX,15016,STL,"St. Louis, MO",MO,1030,1032,2.00,1230,1221,-9.00,0.00,0.00,-1,1200-1259,0.00,,0.00,120.00,109.00,96.00,687.00,,,,,
6,1/3/2026 12:00:00 AM,DL,19790,N305DN,2429,10257,ALB,"Albany, NY",NY,10397,ATL,"Atlanta, GA",GA,0607,0606,-1.00,0900,0916,16.00,16.00,1.00,1,0900-0959,0.00,,0.00,173.00,190.00,136.00,853.00,0.00,0.00,16.00,0.00,0.00
1,1/19/2026 12:00:00 AM,OO,20304,N154SY,5511,14783,SGF,"Springfield, MO",MO,11292,DEN,"Denver, CO",CO,1326,1332,6.00,1455,1446,-9.00,0.00,0.00,-1,1400-1459,0.00,,0.00,149.00,134.00,115.00,637.00,,,,,
5,1/2/2026 12:00:00 AM,OO,20304,N161SY,5808,11292,DEN,"Denver, CO",CO,13851,OKC,"Oklahoma City, OK",OK,1338,1355,17.00,1629,1629,0.00,0.00,0.00,0,1600-1659,0.00,,0.00,111.00,94.00,69.00,495.00,,,,,
3,1/28/2026 12:00:00 AM,DL,19790,N697DL,1733,10397,ATL,"Atlanta, GA",GA,13204,MCO,"Orlando, FL",FL,2135,2130,-5.00,2304,2256,-8.00,0.00,0.00,-1,2300-2359,0.00,,0.00,89.00,86.00,57.00,404.00,,,,,
4,1/29/2026 12:00:00 AM,WN,19393,N427WN,488,12896,LBB,"Lubbock, TX",TX,11259,DAL,"Dallas, TX",TX,1215,1210,-5.00,1330,1317,-13.00,0.00,0.00,-1,1300-1359,0.00,,0.00,75.00,67.00,51.00,293.00,,,,,
4,1/8/2026 12:00:00 AM,OO,20304,N156SY,5586,13930,ORD,"Chicago, IL",IL,11637,FAR,"Fargo, ND",ND,1545,1539,-6.00,1801,1732,-29.00,0.00,0.00,-2,1800-1859,0.00,,0.00,136.00,113.00,80.00,557.00,,,,,
7,1/25/2026 12:00:00 AM,DL,19790,N874DN,2114,13487,MSP,"Minneapolis, MN",MN,12892,LAX,"Los Angeles, CA",CA,1439,1439,0.00,1649,1620,-29.00,0.00,0.00,-2,1600-1659,0.00,,0.00,250.00,221.00,206.00,1535.00,,,,,
4,1/22/2026 12:00:00 AM,AS,19930,N490AS,1120,12982,LIH,"Lihue, HI",HI,12758,KOA,"Kona, HI",HI,1705,1712,7.00,1757,1806,9.00,9.00,0.00,0,1700-1759,0.00,,0.00,52.00,54.00,42.00,263.00,,,,,
7,1/25/2026 12:00:00 AM,DL,19790,N553NW,1261,13303,MIA,"Miami, FL",FL,10397,ATL,"Atlanta, GA",GA,0815,0823,8.00,1018,1020,2.00,2.00,0.00,0,1000-1059,0.00,,0.00,123.00,117.00,92.00,594.00,,,,,
5,1/16/2026 12:00:00 AM,UA,19977,N62883,752,15304,TPA,"Tampa, FL",FL,13930,ORD,"Chicago, IL",IL,0936,0931,-5.00,1138,1212,34.00,34.00,1.00,2,1100-1159,0.00,,0.00,182.00,221.00,150.00,1012.00,0.00,0.00,34.00,0.00,0.00
4,1/22/2026 12:00:00 AM,OO,20304,N983SW,5290,14108,PIA,"Peoria, IL",IL,13930,ORD,"Chicago, IL",IL,1045,1208,83.00,1201,1315,74.00,74.00,1.00,4,1200-1259,0.00,,0.00,76.00,67.00,39.00,130.00,0.00,0.00,0.00,0.00,74.00
3,1/7/2026 12:00:00 AM,WN,19393,N442WN,2370,12953,LGA,"New York, NY",NY,13232,MDW,"Chicago, IL",IL,1155,1149,-6.00,1330,1258,-32.00,0.00,0.00,-2,1300-1359,0.00,,0.00,155.00,129.00,114.00,725.00,,,,,
4,1/15/2026 12:00:00 AM,AA,19805,N9026C,2684,11057,CLT,"Charlotte, NC",NC,15024,STT,"Charlotte Amalie, VI",VI,0832,0833,1.00,1310,1327,17.00,17.00,1.00,1,1300-1359,0.00,,0.00,218.00,234.00,218.00,1520.00,1.00,0.00,16.00,0.00,0.00
1,1/12/2026 12:00:00 AM,DL,19790,N934DZ,2338,10397,ATL,"Atlanta, GA",GA,13931,ORF,"Norfolk, VA",VA,2245,2239,-6.00,0016,0010,-6.00,0.00,0.00,-1,0001-0559,0.00,,0.00,91.00,91.00,72.00,516.00,,,,,
1,1/19/2026 12:00:00 AM,YX,20452,N234JQ,5847,12953,LGA,"New York, NY",NY,10693,BNA,"Nashville, TN",TN,1959,2010,11.00,2151,2229,38.00,38.00,1.00,2,2100-2159,0.00,,0.00,172.00,199.00,146.00,764.00,11.00,0.00,27.00,0.00,0.00
7,1/11/2026 12:00:00 AM,UA,19977,N47360,1591,11618,EWR,"Newark, NJ",NJ,12889,LAS,"Las Vegas, NV",NV,0600,0551,-9.00,0845,0804,-41.00,0.00,0.00,-2,0800-0859,0.00,,0.00,345.00,313.00,289.00,2227.00,,,,,
3,1/14/2026 12:00:00 AM,UA,19977,N843UA,1067,10397,ATL,"Atlanta, GA",GA,12266,IAH,"Houston, TX",TX,0920,0914,-6.00,1052,1035,-17.00,0.00,0.00,-2,1000-1059,0.00,,0.00,152.00,141.00,112.00,689.00,,,,,
6,1/31/2026 12:00:00 AM,MQ,20398,N222NS,3387,10747,BRO,"Brownsville, TX",TX,11298,DFW,"Dallas/Fort Worth, TX",TX,1053,1047,-6.00,1234,1226,-8.00,0.00,0.00,-1,1200-1259,0.00,,0.00,101.00,99.00,78.00,482.00,,,,,
6,1/3/2026 12:00:00 AM,DL,19790,N122DN,2031,13204,MCO,"Orlando, FL",FL,14869,SLC,"Salt Lake City, UT",UT,1110,1109,-1.00,1412,1423,11.00,11.00,0.00,0,1400-1459,0.00,,0.00,302.00,314.00,279.00,1931.00,,,,,
5,1/2/2026 12:00:00 AM,OH,20397,N575NN,5518,10781,BTR,"Baton Rouge, LA",LA,11057,CLT,"Charlotte, NC",NC,1634,1658,24.00,1940,1955,15.00,15.00,1.00,1,1900-1959,0.00,,0.00,126.00,117.00,85.00,675.00,6.00,0.00,0.00,0.00,9.00
1,1/19/2026 12:00:00 AM,DL,19790,N423DX,945,10397,ATL,"Atlanta, GA",GA,12889,LAS,"Las Vegas, NV",NV,0900,0857,-3.00,1035,1027,-8.00,0.00,0.00,-1,1000-1059,0.00,,0.00,275.00,270.00,247.00,1747.00,,,,,
5,1/16/2026 12:00:00 AM,B6,20409,N618JB,1153,12478,JFK,"New York, NY",NY,14027,PBI,"West Palm Beach/Palm Beach, FL",FL,0630,0624,-6.00,0934,0914,-20.00,0.00,0.00,-2,0900-0959,0.00,,0.00,184.00,170.00,143.00,1028.00,,,,,
7,1/18/2026 12:00:00 AM,AA,19805,N535UW,1957,14107,PHX,"Phoenix, AZ",AZ,11298,DFW,"Dallas/Fort Worth, TX",TX,0825,0816,-9.00,1149,1147,-2.00,0.00,0.00,-1,1100-1159,0.00,,0.00,144.00,151.00,114.00,868.00,,,,,
5,1/23/2026 12:00:00 AM,WN,19393,N8517F,3208,13198,MCI,"Kansas City, MO",MO,13495,MSY,"New Orleans, LA",LA,1400,1408,8.00,1555,1551,-4.00,0.00,0.00,-1,1500-1559,0.00,,0.00,115.00,103.00,94.00,690.00,,,,,
5,1/2/2026 12:00:00 AM,WN,19393,N253WN,4306,12892,LAX,"Los Angeles, CA",CA,12889,LAS,"Las Vegas, NV",NV,1935,2040,65.00,2045,2137,52.00,52.00,1.00,3,2000-2059,0.00,,0.00,70.00,57.00,38.00,236.00,10.00,0.00,0.00,0.00,42.00
7,1/25/2026 12:00:00 AM,AS,19930,N932AK,590,14747,SEA,"Seattle, WA",WA,14771,SFO,"San Francisco, CA",CA,1945,1945,0.00,2158,2201,3.00,3.00,0.00,0,2100-2159,0.00,,0.00,133.00,136.00,99.00,679.00,,,,,
4,1/15/2026 12:00:00 AM,YX,20452,N746YX,3488,11278,DCA,"Washington, DC",VA,13930,ORD,"Chicago, IL",IL,1900,1855,-5.00,2025,1958,-27.00,0.00,0.00,-2,2000-2059,0.00,,0.00,145.00,123.00,97.00,612.00,,,,,
6,1/3/2026 12:00:00 AM,AA,19805,N304UF,2887,13204,MCO,"Orlando, FL",FL,11278,DCA,"Washington, DC",VA,1918,0053,335.00,2128,0250,322.00,322.00,1.00,12,2100-2159,0.00,,0.00,130.00,117.00,99.00,759.00,48.00,0.00,0.00,0.00,274.00
2,1/27/2026 12:00:00 AM,DL,19790,N809NW,1658,13204,MCO,"Orlando, FL",FL,10397,ATL,"Atlanta, GA",GA,1210,1218,8.00,1354,1343,-11.00,0.00,0.00,-1,1300-1359,0.00,,0.00,104.00,85.00,67.00,404.00,,,,,
7,1/11/2026 12:00:00 AM,NK,20416,N732NK,108,11618,EWR,"Newark, NJ",NJ,13930,ORD,"Chicago, IL",IL,2105,2058,-7.00,2242,2225,-17.00,0.00,0.00,-2,2200-2259,0.00,,0.00,157.00,147.00,120.00,719.00,,,,,
2,1/6/2026 12:00:00 AM,UA,19977,N56859,2074,12892,LAX,"Los Angeles, CA",CA,12266,IAH,"Houston, TX",TX,0055,0234,99.00,0607,0735,88.00,88.00,1.00,5,0600-0659,0.00,,0.00,192.00,181.00,160.00,1379.00,12.00,0.00,0.00,0.00,76.00
7,1/4/2026 12:00:00 AM,WN,19393,N8672F,1683,12391,ISP,"Islip, NY",NY,10821,BWI,"Baltimore, MD",MD,1240,1239,-1.00,1355,1346,-9.00,0.00,0.00,-1,1300-1359,0.00,,0.00,75.00,67.00,57.00,220.00,,,,,
5,1/9/2026 12:00:00 AM,WN,19393,N8983Q,2573,10693,BNA,"Nashville, TN",TN,15016,STL,"St. Louis, MO",MO,1720,1718,-2.00,1845,1824,-21.00,0.00,0.00,-2,1800-1859,0.00,,0.00,85.00,66.00,47.00,272.00,,,,,
6,1/10/2026 12:00:00 AM,B6,20409,N3125J,1579,11278,DCA,"Washington, DC",VA,11697,FLL,"Fort Lauderdale, FL",FL,1555,1650,55.00,1846,1925,39.00,39.00,1.00,2,1800-1859,0.00,,0.00,171.00,155.00,133.00,899.00,1.00,0.00,0.00,0.00,38.00
4,1/22/2026 12:00:00 AM,DL,19790,N881DN,1659,14869,SLC,"Salt Lake City, UT",UT,12889,LAS,"Las Vegas, NV",NV,1135,1134,-1.00,1205,1158,-7.00,0.00,0.00,-1,1200-1259,0.00,,0.00,90.00,84.00,61.00,368.00,,,,,
7,1/11/2026 12:00:00 AM,WN,19393,N8764Q,2035,14027,PBI,"West Palm Beach/Palm Beach, FL",FL,13204,MCO,"Orlando, FL",FL,1750,1819,29.00,1850,1937,47.00,47.00,1.00,3,1800-1859,0.00,,0.00,60.00,78.00,37.00,141.00,11.00,0.00,18.00,0.00,18.00
2,1/27/2026 12:00:00 AM,OO,20304,N631SY,5779,11292,DEN,"Denver, CO",CO,10372,ASE,"Aspen, CO",CO,1905,1904,-1.00,2015,1956,-19.00,0.00,0.00,-2,2000-2059,0.00,,0.00,70.00,52.00,27.00,125.00,,,,,
4,1/15/2026 12:00:00 AM,DL,19790,N309DN,1459,10397,ATL,"Atlanta, GA",GA,11066,CMH,"Columbus, OH",OH,2231,2240,9.00,0001,0006,5.00,5.00,0.00,0,0001-0559,0.00,,0.00,90.00,86.00,67.00,447.00,,,,,
7,1/11/2026 12:00:00 AM,WN,19393,N8502Z,1981,14869,SLC,"Salt Lake City, UT",UT,10423,AUS,"Austin, TX",TX,1420,1416,-4.00,1755,1754,-1.00,0.00,0.00,-1,1700-1759,0.00,,0.00,155.00,158.00,142.00,1086.00,,,,,
1,1/12/2026 12:00:00 AM,OO,20304,N983SW,4691,11140,CRP,"Corpus Christi, TX",TX,12266,IAH,"Houston, TX",TX,0930,1150,140.00,1042,1249,127.00,127.00,1.00,8,1000-1059,0.00,,0.00,72.00,59.00,40.00,201.00,127.00,0.00,0.00,0.00,0.00
5,1/23/2026 12:00:00 AM,DL,19790,N341NB,1287,12892,LAX,"Los Angeles, CA",CA,12266,IAH,"Houston, TX",TX,1830,1925,55.00,2337,0019,42.00,42.00,1.00,2,2300-2359,0.00,,0.00,187.00,174.00,161.00,1379.00,18.00,0.00,0.00,0.00,24.00
6,1/24/2026 12:00:00 AM,WN,19393,N8610A,4969,11697,FLL,"Fort Lauderdale, FL",FL,11278,DCA,"Washington, DC",VA,1750,1751,1.00,2025,2008,-17.00,0.00,0.00,-2,2000-2059,0.00,,0.00,155.00,137.00,117.00,899.00,,,,,
3,1/21/2026 12:00:00 AM,WN,19393,N8638A,1418,11292,DEN,"Denver, CO",CO,10713,BOI,"Boise, ID",ID,2100,2054,-6.00,2310,2256,-14.00,0.00,0.00,-1,2300-2359,0.00,,0.00,130.00,122.00,106.00,649.00,,,,,
5,1/30/2026 12:00:00 AM,AS,19930,N490AS,1205,13830,OGG,"Kahului, HI",HI,12173,HNL,"Honolulu, HI",HI,1958,2008,10.00,2039,2052,13.00,13.00,0.00,0,2000-2059,0.00,,0.00,41.00,44.00,23.00,101.00,,,,,
1,1/26/2026 12:00:00 AM,AA,19805,N585UW,2150,14843,SJU,"San Juan, PR",PR,11057,CLT,"Charlotte, NC",NC,1549,,,1855,,,,,,1800-1859,1.00,B,0.00,246.00,,,1475.00,,,,,
5,1/16/2026 12:00:00 AM,WN,19393,N8778Q,3175,14893,SMF,"Sacramento, CA",CA,14107,PHX,"Phoenix, AZ",AZ,1245,1252,7.00,1535,1539,4.00,4.00,0.00,0,1500-1559,0.00,,0.00,110.00,107.00,89.00,647.00,,,,,
4,1/22/2026 12:00:00 AM,WN,19393,N8915Q,3015,10821,BWI,"Baltimore, MD",MD,14683,SAT,"San Antonio, TX",TX,1805,1801,-4.00,2110,2101,-9.00,0.00,0.00,-1,2100-2159,0.00,,0.00,245.00,240.00,220.00,1407.00,,,,,
5,1/30/2026 12:00:00 AM,OO,20304,N606SK,5010,13930,ORD,"Chicago, IL",IL,11042,CLE,"Cleveland, OH",OH,0800,0847,47.00,1030,1149,79.00,79.00,1.00,5,1000-1059,0.00,,0.00,90.00,122.00,51.00,316.00,0.00,47.00,32.00,0.00,0.00
5,1/23/2026 12:00:00 AM,DL,19790,N924AT,1325,10397,ATL,"Atlanta, GA",GA,15370,TUL,"Tulsa, OK",OK,1521,,,1628,,,,,,1600-1659,1.00,B,0.00,127.00,,,674.00,,,,,
7,1/25/2026 12:00:00 AM,MQ,20398,N274NN,3860,14698,SBP,"San Luis Obispo, CA",CA,14107,PHX,"Phoenix, AZ",AZ,1908,1903,-5.00,2150,2202,12.00,12.00,0.00,0,2100-2159,0.00,,0.00,102.00,119.00,76.00,509.00,,,,,
4,1/1/2026 12:00:00 AM,OO,20304,N283SY,4001,14747,SEA,"Seattle, WA",WA,14057,PDX,"Portland, OR",OR,1030,1033,3.00,1138,1129,-9.00,0.00,0.00,-1,1100-1159,0.00,,0.00,68.00,56.00,28.00,129.00,,,,,
4,1/15/2026 12:00:00 AM,WN,19393,N7827A,2312,12889,LAS,"Las Vegas, NV",NV,14747,SEA,"Seattle, WA",WA,0925,0923,-2.00,1215,1152,-23.00,0.00,0.00,-2,1200-1259,0.00,,0.00,170.00,149.00,129.00,867.00,,,,,
7,1/25/2026 12:00:00 AM,B6,20409,N3232J,2024,14027,PBI,"West Palm Beach/Palm Beach, FL",FL,11278,DCA,"Washington, DC",VA,0939,,,1200,,,,,,1200-1259,1.00,B,0.00,141.00,,,857.00,,,,,
1,1/19/2026 12:00:00 AM,DL,19790,N329NB,2030,11278,DCA,"Washington, DC",VA,11433,DTW,"Detroit, MI",MI,1943,1952,9.00,2130,2141,11.00,11.00,0.00,0,2100-2159,0.00,,0.00,107.00,109.00,70.00,405.00,,,,,
6,1/3/2026 12:00:00 AM,AA,19805,N406AN,1402,14107,PHX,"Phoenix, AZ",AZ,10721,BOS,"Boston, MA",MA,1628,1639,11.00,2319,2306,-13.00,0.00,0.00,-1,2300-2359,0.00,,0.00,291.00,267.00,251.00,2300.00,,,,,
1,1/5/2026 12:00:00 AM,WN,19393,N8810L,451,11292,DEN,"Denver, CO",CO,11057,CLT,"Charlotte, NC",NC,1300,1306,6.00,1805,1756,-9.00,0.00,0.00,-1,1800-1859,0.00,,0.00,185.00,170.00,145.00,1337.00,,,,,
1,1/12/2026 12:00:00 AM,OO,20304,N308SY,3703,14869,SLC,"Salt Lake City, UT",UT,13851,OKC,"Oklahoma City, OK",OK,2033,2031,-2.00,2354,0002,8.00,8.00,0.00,0,2300-2359,0.00,,0.00,141.00,151.00,121.00,866.00,,,,,
5,1/23/2026 12:00:00 AM,MQ,20398,N235NN,3778,11298,DFW,"Dallas/Fort Worth, TX",TX,10747,BRO,"Brownsville, TX",TX,0836,0831,-5.00,1021,1012,-9.00,0.00,0.00,-1,1000-1059,0.00,,0.00,105.00,101.00,77.00,482.00,,,,,
3,1/21/2026 12:00:00 AM,F9,20436,N702FR,3232,12889,LAS,"Las Vegas, NV",NV,11042,CLE,"Cleveland, OH",OH,1030,1018,-12.00,1739,1711,-28.00,0.00,0.00,-2,1700-1759,0.00,,0.00,249.00,233.00,207.00,1824.00,,,,,
6,1/10/2026 12:00:00 AM,OO,20304,N168SY,4669,13367,MLI,"Moline, IL",IL,11292,DEN,"Denver, CO",CO,0846,0841,-5.00,1035,1027,-8.00,0.00,0.00,-1,1000-1059,0.00,,0.00,169.00,166.00,112.00,751.00,,,,,
5,1/30/2026 12:00:00 AM,WN,19393,N871HK,1437,12173,HNL,"Honolulu, HI",HI,13830,OGG,"Kahului, HI",HI,0550,0546,-4.00,0635,0621,-14.00,0.00,0.00,-1,0600-0659,0.00,,0.00,45.00,35.00,21.00,101.00,,,,,
2,1/20/2026 12:00:00 AM,WN,19393,N8898L,2395,12889,LAS,"Las Vegas, NV",NV,13232,MDW,"Chicago, IL",IL,1715,1717,2.00,2240,2226,-14.00,0.00,0.00,-1,2200-2259,0.00,,0.00,205.00,189.00,173.00,1521.00,,,,,
2,1/27/2026 12:00:00 AM,OO,20304,N261SY,3712,14893,SMF,"Sacramento, CA",CA,12892,LAX,"Los Angeles, CA",CA,2035,2029,-6.00,2221,2159,-22.00,0.00,0.00,-2,2200-2259,0.00,,0.00,106.00,90.00,66.00,373.00,,,,,
5,1/30/2026 12:00:00 AM,AA,19805,N318UX,1208,10800,BUR,"Burbank, CA",CA,11298,DFW,"Dallas/Fort Worth, TX",TX,1314,1404,50.00,1820,1907,47.00,47.00,1.00,3,1800-1859,0.00,,0.00,186.00,183.00,159.00,1231.00,0.00,0.00,0.00,0.00,47.00
7,1/25/2026 12:00:00 AM,AA,19805,N709UW,1189,13303,MIA,"Miami, FL",FL,10693,BNA,"Nashville, TN",TN,0908,,,1039,,,,,,1000-1059,1.00,B,0.00,151.00,,,806.00,,,,,
6,1/3/2026 12:00:00 AM,AS,19930,N586AS,44,10551,BET,"Bethel, AK",AK,10299,ANC,"Anchorage, AK",AK,1303,1255,-8.00,1419,1405,-14.00,0.00,0.00,-1,1400-1459,0.00,,0.00,76.00,70.00,55.00,399.00,,,,,
6,1/3/2026 12:00:00 AM,AA,19805,N303UE,3157,13303,MIA,"Miami, FL",FL,14869,SLC,"Salt Lake City, UT",UT,1951,1943,-8.00,2332,2316,-16.00,0.00,0.00,-2,2300-2359,0.00,,0.00,341.00,333.00,296.00,2088.00,,,,,
1,1/5/2026 12:00:00 AM,DL,19790,N505DZ,335,14771,SFO,"San Francisco, CA",CA,11433,DTW,"Detroit, MI",MI,2254,0119,145.00,0629,0831,122.00,122.00,1.00,8,0600-0659,0.00,,0.00,275.00,252.00,219.00,2079.00,0.00,0.00,0.00,0.00,122.00
3,1/14/2026 12:00:00 AM,F9,20436,N316FR,3228,11292,DEN,"Denver, CO",CO,12266,IAH,"Houston, TX",TX,1915,1906,-9.00,2255,2217,-38.00,0.00,0.00,-2,2200-2259,0.00,,0.00,160.00,131.00,100.00,861.00,,,,,
4,1/29/2026 12:00:00 AM,WN,19393,N8534Z,26,12191,HOU,"Houston, TX",TX,11259,DAL,"Dallas, TX",TX,1230,1238,8.00,1340,1359,19.00,19.00,1.00,1,1300-1359,0.00,,0.00,70.00,81.00,44.00,239.00,8.00,0.00,11.00,0.00,0.00
5,1/16/2026 12:00:00 AM,WN,19393,N259WN,3254,14107,PHX,"Phoenix, AZ",AZ,12191,HOU,"Houston, TX",TX,1210,1211,1.00,1540,1533,-7.00,0.00,0.00,-1,1500-1559,0.00,,0.00,150.00,142.00,127.00,1020.00,,,,,
5,1/30/2026 12:00:00 AM,UA,19977,N839UA,1840,14457,RAP,"Rapid City, SD",SD,11292,DEN,"Denver, CO",CO,1440,1436,-4.00,1621,1553,-28.00,0.00,0.00,-2,1600-1659,0.00,,0.00,101.00,77.00,49.00,301.00,,,,,
4,1/29/2026 12:00:00 AM,UA,19977,N14554,2475,13204,MCO,"Orlando, FL",FL,13930,ORD,"Chicago, IL",IL,1230,1223,-7.00,1439,1422,-17.00,0.00,0.00,-2,1400-1459,0.00,,0.00,189.00,179.00,154.00,1005.00,,,,,
6,1/3/2026 12:00:00 AM,UA,19977,N66825,2163,14492,RDU,"Raleigh/Durham, NC",NC,12264,IAD,"Washington, DC",VA,1045,1042,-3.00,1155,1135,-20.00,0.00,0.00,-2,1100-1159,0.00,,0.00,70.00,53.00,37.00,225.00,,,,,
7,1/11/2026 12:00:00 AM,AA,19805,N944AN,2617,12264,IAD,"Washington, DC",VA,11298,DFW,"Dallas/Fort Worth, TX",TX,0600,0555,-5.00,0856,0812,-44.00,0.00,0.00,-2,0800-0859,0.00,,0.00,236.00,197.00,174.00,1172.00,,,,,
1,1/12/2026 12:00:00 AM,WN,19393,N8549Z,3546,14107,PHX,"Phoenix, AZ",AZ,12191,HOU,"Houston, TX",TX,1015,1012,-3.00,1345,1342,-3.00,0.00,0.00,-1,1300-1359,0.00,,0.00,150.00,150.00,128.00,1020.00,,,,,
6,1/10/2026 12:00:00 AM,AS,19930,N268AK,621,14747,SEA,"Seattle, WA",WA,14679,SAN,"San Diego, CA",CA,1241,1304,23.00,1529,1535,6.00,6.00,0.00,0,1500-1559,0.00,,0.00,168.00,151.00,136.00,1050.00,,,,,
2,1/27/2026 12:00:00 AM,WN,19393,N8937Q,2257,11292,DEN,"Denver, CO",CO,14869,SLC,"Salt Lake City, UT",UT,1005,0958,-7.00,1155,1148,-7.00,0.00,0.00,-1,1100-1159,0.00,,0.00,110.00,110.00,64.00,391.00,,,,,
3,1/14/2026 12:00:00 AM,WN,19393,N248WN,489,13487,MSP,"Minneapolis, MN",MN,15016,STL,"St. Louis, MO",MO,0745,0739,-6.00,0935,0904,-31.00,0.00,0.00,-2,0900-0959,0.00,,0.00,110.00,85.00,65.00,448.00,,,,,
6,1/3/2026 12:00:00 AM,WN,19393,N217JC,3756,15016,STL,"St. Louis, MO",MO,11697,FLL,"Fort Lauderdale, FL",FL,2055,2049,-6.00,0030,0014,-16.00,0.00,0.00,-2,0001-0559,0.00,,0.00,155.00,145.00,133.00,1057.00,,,,,
7,1/18/2026 12:00:00 AM,WN,19393,N444WN,1559,11259,DAL,"Dallas, TX",TX,15370,TUL,"Tulsa, OK",OK,1945,2024,39.00,2050,2115,25.00,25.00,1.00,1,2000-2059,0.00,,0.00,65.00,51.00,38.00,237.00,0.00,0.00,0.00,0.00,25.00
4,1/8/2026 12:00:00 AM,OO,20304,N312SY,4121,10423,AUS,"Austin, TX",TX,13256,MFE,"Mission/McAllen/Edinburg, TX",TX,1525,1515,-10.00,1645,1632,-13.00,0.00,0.00,-1,1600-1659,0.00,,0.00,80.00,77.00,58.00,279.00,,,,,
4,1/29/2026 12:00:00 AM,UA,19977,N485UA,2682,11298,DFW,"Dallas/Fort Worth, TX",TX,12266,IAH,"Houston, TX",TX,1540,1534,-6.00,1657,1642,-15.00,0.00,0.00,-1,1600-1659,0.00,,0.00,77.00,68.00,43.00,224.00,,,,,
7,1/4/2026 12:00:00 AM,G4,20368,315NV,987,14112,PIE,"St. Petersburg, FL",FL,11003,CID,"Cedar Rapids/Iowa City, IA",IA,0640,0634,-6.00,0834,0829,-5.00,0.00,0.00,-1,0800-0859,0.00,,0.00,174.00,175.00,162.00,1090.00,,,,,
6,1/24/2026 12:00:00 AM,AA,19805,N755US,2582,11433,DTW,"Detroit, MI",MI,11057,CLT,"Charlotte, NC",NC,1251,1335,44.00,1455,1519,24.00,24.00,1.00,1,1400-1459,0.00,,0.00,124.00,104.00,83.00,500.00,24.00,0.00,0.00,0.00,0.00
5,1/2/2026 12:00:00 AM,DL,19790,N386DA,2949,14747,SEA,"Seattle, WA",WA,12889,LAS,"Las Vegas, NV",NV,2010,2000,-10.00,2250,2233,-17.00,0.00,0.00,-2,2200-2259,0.00,,0.00,160.00,153.00,127.00,867.00,,,,,
1,1/19/2026 12:00:00 AM,B6,20409,N591JB,1527,11618,EWR,"Newark, NJ",NJ,13204,MCO,"Orlando, FL",FL,1115,1115,0.00,1420,1424,4.00,4.00,0.00,0,1400-1459,0.00,,0.00,185.00,189.00,154.00,937.00,,,,,
4,1/22/2026 12:00:00 AM,AA,19805,N833NN,913,13871,OMA,"Omaha, NE",NE,11298,DFW,"Dallas/Fort Worth, TX",TX,1740,1740,0.00,1954,1956,2.00,2.00,0.00,0,1900-1959,0.00,,0.00,134.00,136.00,88.00,583.00,,,,,
4,1/29/2026 12:00:00 AM,UA,19977,N17361,1794,14057,PDX,"Portland, OR",OR,12266,IAH,"Houston, TX",TX,1259,1247,-12.00,1910,1851,-19.00,0.00,0.00,-2,1900-1959,0.00,,0.00,251.00,244.00,203.00,1825.00,,,,,
6,1/17/2026 12:00:00 AM,WN,19393,N8329B,1634,11292,DEN,"Denver, CO",CO,14869,SLC,"Salt Lake City, UT",UT,1235,1239,4.00,1415,1401,-14.00,0.00,0.00,-1,1400-1459,0.00,,0.00,100.00,82.00,60.00,391.00,,,,,
5,1/23/2026 12:00:00 AM,AA,19805,N182UW,3128,15624,VPS,"Valparaiso, FL",FL,11298,DFW,"Dallas/Fort Worth, TX",TX,1606,1557,-9.00,1837,1818,-19.00,0.00,0.00,-2,1800-1859,0.00,,0.00,151.00,141.00,106.00,641.00,,,,,
5,1/9/2026 12:00:00 AM,YX,20452,N131HQ,4532,11278,DCA,"Washington, DC",VA,10785,BTV,"Burlington, VT",VT,2205,2200,-5.00,2356,2330,-26.00,0.00,0.00,-2,2300-2359,0.00,,0.00,111.00,90.00,65.00,437.00,,,,,
5,1/16/2026 12:00:00 AM,UA,19977,N37413,2047,12889,LAS,"Las Vegas, NV",NV,14771,SFO,"San Francisco, CA",CA,1605,1558,-7.00,1750,1742,-8.00,0.00,0.00,-1,1700-1759,0.00,,0.00,105.00,104.00,66.00,414.00,,,,,
5,1/30/2026 12:00:00 AM,WN,19393,N8905Q,1747,11259,DAL,"Dallas, TX",TX,10599,BHM,"Birmingham, AL",AL,1225,1241,16.00,1400,1412,12.00,12.00,0.00,0,1400-1459,0.00,,0.00,95.00,91.00,69.00,587.00,,,,,
5,1/9/2026 12:00:00 AM,AA,19805,N5007E,1883,11298,DFW,"Dallas/Fort Worth, TX",TX,12441,JAC,"Jackson, WY",WY,1245,1237,-8.00,1442,1415,-27.00,0.00,0.00,-2,1400-1459,0.00,,0.00,177.00,158.00,140.00,1047.00,,,,,
4,1/22/2026 12:00:00 AM,UA,19977,N14517,414,10721,BOS,"Boston, MA",MA,11292,DEN,"Denver, CO",CO,1117,1116,-1.00,1412,1422,10.00,10.00,0.00,0,1400-1459,0.00,,0.00,295.00,306.00,277.00,1754.00,,,,,
4,1/29/2026 12:00:00 AM,WN,19393,N8306H,2819,13303,MIA,"Miami, FL",FL,10693,BNA,"Nashville, TN",TN,1255,1300,5.00,1435,1449,14.00,14.00,0.00,0,1400-1459,0.00,,0.00,160.00,169.00,124.00,806.00,,,,,
1,1/19/2026 12:00:00 AM,B6,20409,N3152J,1285,14576,ROC,"Rochester, NY",NY,12478,JFK,"New York, NY",NY,1535,1608,33.00,1657,1815,78.00,78.00,1.00,5,1600-1659,0.00,,0.00,82.00,127.00,57.00,264.00,0.00,15.00,45.00,0.00,18.00
2,1/6/2026 12:00:00 AM,NK,20416,N739NK,1300,11433,DTW,"Detroit, MI",MI,11697,FLL,"Fort Lauderdale, FL",FL,0600,0552,-8.00,0914,0838,-36.00,0.00,0.00,-2,0900-0959,0.00,,0.00,194.00,166.00,150.00,1127.00,,,,,
5,1/2/2026 12:00:00 AM,AA,19805,N771XF,523,13930,ORD,"Chicago, IL",IL,11278,DCA,"Washington, DC",VA,1135,1129,-6.00,1423,1419,-4.00,0.00,0.00,-1,1400-1459,0.00,,0.00,108.00,110.00,86.00,612.00,,,,,
6,1/10/2026 12:00:00 AM,UA,19977,N77525,2684,13930,ORD,"Chicago, IL",IL,11697,FLL,"Fort Lauderdale, FL",FL,1040,1041,1.00,1457,1504,7.00,7.00,0.00,0,1400-1459,0.00,,0.00,197.00,203.00,167.00,1182.00,,,,,
5,1/16/2026 12:00:00 AM,DL,19790,N522DA,331,10397,ATL,"Atlanta, GA",GA,12892,LAX,"Los Angeles, CA",CA,2045,2045,0.00,2257,2244,-13.00,0.00,0.00,-1,2200-2259,0.00,,0.00,312.00,299.00,272.00,1947.00,,,,,
4,1/8/2026 12:00:00 AM,OH,20397,N716PS,5660,11278,DCA,"Washington, DC",VA,11433,DTW,"Detroit, MI",MI,0815,0806,-9.00,1016,1004,-12.00,0.00,0.00,-1,1000-1059,0.00,,0.00,121.00,118.00,85.00,405.00,,,,,
7,1/18/2026 12:00:00 AM,UA,19977,N34455,740,12266,IAH,"Houston, TX",TX,14057,PDX,"Portland, OR",OR,0930,0924,-6.00,1218,1159,-19.00,0.00,0.00,-2,1200-1259,0.00,,0.00,288.00,275.00,251.00,1825.00,,,,,
5,1/2/2026 12:00:00 AM,UA,19977,N87531,1349,10721,BOS,"Boston, MA",MA,13930,ORD,"Chicago, IL",IL,0930,0932,2.00,1134,1127,-7.00,0.00,0.00,-1,1100-1159,0.00,,0.00,184.00,175.00,141.00,867.00,,,,,
7,1/11/2026 12:00:00 AM,UA,19977,N17303,688,14869,SLC,"Salt Lake City, UT",UT,12264,IAD,"Washington, DC",VA,1005,1003,-2.00,1559,1624,25.00,25.00,1.00,1,1500-1559,0.00,,0.00,234.00,261.00,218.00,1827.00,0.00,0.00,25.00,0.00,0.00
4,1/8/2026 12:00:00 AM,AA,19805,N135NN,2500,11298,DFW,"Dallas/Fort Worth, TX",TX,13204,MCO,"Orlando, FL",FL,1135,1130,-5.00,1507,1457,-10.00,0.00,0.00,-1,1500-1559,0.00,,0.00,152.00,147.00,118.00,985.00,,,,,
5,1/30/2026 12:00:00 AM,WN,19393,N7742B,541,10693,BNA,"Nashville, TN",TN,12953,LGA,"New York, NY",NY,1110,1115,5.00,1430,1427,-3.00,0.00,0.00,-1,1400-1459,0.00,,0.00,140.00,132.00,105.00,764.00,,,,,
7,1/4/2026 12:00:00 AM,OO,20304,N603UX,5825,14771,SFO,"San Francisco, CA",CA,14489,RDM,"Bend/Redmond, OR",OR,2110,2121,11.00,2257,2311,14.00,14.00,0.00,0,2200-2259,0.00,,0.00,107.00,110.00,77.00,462.00,,,,,
6,1/31/2026 12:00:00 AM,AA,19805,N987AM,1476,14771,SFO,"San Francisco, CA",CA,11057,CLT,"Charlotte, NC",NC,2336,,,0731,,,,,,0700-0759,1.00,B,0.00,295.00,,,2296.00,,,,,
6,1/3/2026 12:00:00 AM,UA,19977,N489UA,2865,12441,JAC,"Jackson, WY",WY,11292,DEN,"Denver, CO",CO,0700,0712,12.00,0900,0836,-24.00,0.00,0.00,-2,0900-0959,0.00,,0.00,120.00,84.00,65.00,406.00,,,,,
1,1/19/2026 12:00:00 AM,F9,20436,N378FR,4104,14831,SJC,"San Jose, CA",CA,12889,LAS,"Las Vegas, NV",NV,1114,1130,16.00,1249,1254,5.00,5.00,0.00,0,1200-1259,0.00,,0.00,95.00,84.00,64.00,386.00,,,,,
4,1/8/2026 12:00:00 AM,WN,19393,N8792Q,1800,12173,HNL,"Honolulu, HI",HI,13830,OGG,"Kahului, HI",HI,1325,1316,-9.00,1415,1403,-12.00,0.00,0.00,-1,1400-1459,0.00,,0.00,50.00,47.00,22.00,101.00,,,,,
6,1/17/2026 12:00:00 AM,B6,20409,N3195J,285,12478,JFK,"New York, NY",NY,14492,RDU,"Raleigh/Durham, NC",NC,1200,1152,-8.00,1350,1334,-16.00,0.00,0.00,-2,1300-1359,0.00,,0.00,110.00,102.00,83.00,427.00,,,,,
4,1/15/2026 12:00:00 AM,AA,19805,N826AW,1998,14107,PHX,"Phoenix, AZ",AZ,11603,EUG,"Eugene, OR",OR,1918,1907,-11.00,2101,2034,-27.00,0.00,0.00,-2,2100-2159,0.00,,0.00,163.00,147.00,132.00,952.00,,,,,
1,1/19/2026 12:00:00 AM,AA,19805,N324SH,2361,13930,ORD,"Chicago, IL",IL,10849,BZN,"Bozeman, MT",MT,1024,1022,-2.00,1250,1247,-3.00,0.00,0.00,-1,1200-1259,0.00,,0.00,206.00,205.00,176.00,1185.00,,,,,
5,1/9/2026 12:00:00 AM,G4,20368,825NV,2830,14761,SFB,"Sanford, FL",FL,15096,SYR,"Syracuse, NY",NY,0700,0649,-11.00,0936,0920,-16.00,0.00,0.00,-2,0900-0959,0.00,,0.00,156.00,151.00,134.00,1029.00,,,,,
2,1/20/2026 12:00:00 AM,AA,19805,N924NN,1535,11057,CLT,"Charlotte, NC",NC,11042,CLE,"Cleveland, OH",OH,1057,1051,-6.00,1235,1237,2.00,2.00,0.00,0,1200-1259,0.00,,0.00,98.00,106.00,65.00,430.00,,,,,
7,1/11/2026 12:00:00 AM,MQ,20398,N224NN,3503,11298,DFW,"Dallas/Fort Worth, TX",TX,13061,LRD,"Laredo, TX",TX,1641,1638,-3.00,1814,1805,-9.00,0.00,0.00,-1,1800-1859,0.00,,0.00,93.00,87.00,68.00,396.00,,,,,
3,1/7/2026 12:00:00 AM,B6,20409,N804JB,962,14027,PBI,"West Palm Beach/Palm Beach, FL",FL,12953,LGA,"New York, NY",NY,0945,0947,2.00,1230,1230,0.00,0.00,0.00,0,1200-1259,0.00,,0.00,165.00,163.00,146.00,1035.00,,,,,
6,1/17/2026 12:00:00 AM,UA,19977,N37502,577,11618,EWR,"Newark, NJ",NJ,10721,BOS,"Boston, MA",MA,1357,1350,-7.00,1509,1517,8.00,8.00,0.00,0,1500-1559,0.00,,0.00,72.00,87.00,40.00,200.00,,,,,
7,1/11/2026 12:00:00 AM,WN,19393,N8740A,1529,14307,PVD,"Providence, RI",RI,13204,MCO,"Orlando, FL",FL,1855,1858,3.00,2200,2151,-9.00,0.00,0.00,-1,2200-2259,0.00,,0.00,185.00,173.00,157.00,1072.00,,,,,
6,1/17/2026 12:00:00 AM,AA,19805,N444UW,2908,14107,PHX,"Phoenix, AZ",AZ,12892,LAX,"Los Angeles, CA",CA,1808,1805,-3.00,1834,1817,-17.00,0.00,0.00,-2,1800-1859,0.00,,0.00,86.00,72.00,53.00,370.00,,,,,
5,1/16/2026 12:00:00 AM,WN,19393,N8873S,3227,10693,BNA,"Nashville, TN",TN,14107,PHX,"Phoenix, AZ",AZ,0755,0804,9.00,1110,1103,-7.00,0.00,0.00,-1,1100-1159,0.00,,0.00,255.00,239.00,223.00,1449.00,,,,,
5,1/2/2026 12:00:00 AM,WN,19393,N1808U,2432,13931,ORF,"Norfolk, VA",VA,13232,MDW,"Chicago, IL",IL,2005,2013,8.00,2115,2124,9.00,9.00,0.00,0,2100-2159,0.00,,0.00,130.00,131.00,109.00,704.00,,,,,
7,1/18/2026 12:00:00 AM,AA,19805,N945AN,1977,11057,CLT,"Charlotte, NC",NC,14683,SAT,"San Antonio, TX",TX,0935,1053,78.00,1201,1250,49.00,49.00,1.00,3,1200-1259,0.00,,0.00,206.00,177.00,158.00,1095.00,11.00,0.00,0.00,0.00,38.00
2,1/27/2026 12:00:00 AM,WN,19393,N7857B,2293,13232,MDW,"Chicago, IL",IL,10423,AUS,"Austin, TX",TX,1420,1422,2.00,1710,1657,-13.00,0.00,0.00,-1,1700-1759,0.00,,0.00,170.00,155.00,143.00,972.00,,,,,
7,1/11/2026 12:00:00 AM,DL,19790,N320DN,2886,10397,ATL,"Atlanta, GA",GA,10423,AUS,"Austin, TX",TX,0940,0936,-4.00,1123,1102,-21.00,0.00,0.00,-2,1100-1159,0.00,,0.00,163.00,146.00,121.00,813.00,,,,,
7,1/25/2026 12:00:00 AM,YX,20452,N721YX,3612,13930,ORD,"Chicago, IL",IL,13198,MCI,"Kansas City, MO",MO,1756,1758,2.00,1947,2027,40.00,40.00,1.00,2,1900-1959,0.00,,0.00,111.00,149.00,76.00,403.00,0.00,0.00,40.00,0.00,0.00
5,1/16/2026 12:00:00 AM,WN,19393,N8970Q,492,10693,BNA,"Nashville, TN",TN,11292,DEN,"Denver, CO",CO,0515,0515,0.00,0725,0712,-13.00,0.00,0.00,-1,0700-0759,0.00,,0.00,190.00,177.00,156.00,1013.00,,,,,
5,1/16/2026 12:00:00 AM,DL,19790,N383DZ,1225,11433,DTW,"Detroit, MI",MI,14635,RSW,"Fort Myers, FL",FL,1456,1606,70.00,1751,1925,94.00,94.00,1.00,6,1700-1759,0.00,,0.00,175.00,199.00,151.00,1084.00,70.00,0.00,24.00,0.00,0.00
7,1/11/2026 12:00:00 AM,NK,20416,N607NK,1254,12266,IAH,"Houston, TX",TX,12889,LAS,"Las Vegas, NV",NV,2133,2123,-10.00,2301,2220,-41.00,0.00,0.00,-2,2300-2359,0.00,,0.00,208.00,177.00,162.00,1222.00,,,,,
3,1/7/2026 12:00:00 AM,YX,20452,N116HQ,4358,14100,PHL,"Philadelphia, PA",PA,10721,BOS,"Boston, MA",MA,1535,1527,-8.00,1701,1639,-22.00,0.00,0.00,-2,1700-1759,0.00,,0.00,86.00,72.00,51.00,280.00,,,,,
7,1/25/2026 12:00:00 AM,NK,20416,N679NK,2891,13303,MIA,"Miami, FL",FL,11298,DFW,"Dallas/Fort Worth, TX",TX,2126,,,2358,,,,,,2300-2359,1.00,B,0.00,212.00,,,1121.00,,,,,
4,1/22/2026 12:00:00 AM,DL,19790,N316DU,2655,13487,MSP,"Minneapolis, MN",MN,10721,BOS,"Boston, MA",MA,1015,1011,-4.00,1405,1414,9.00,9.00,0.00,0,1400-1459,0.00,,0.00,170.00,183.00,126.00,1124.00,,,,,
3,1/21/2026 12:00:00 AM,DL,19790,N370NB,2048,14107,PHX,"Phoenix, AZ",AZ,12892,LAX,"Los Angeles, CA",CA,0715,0706,-9.00,0749,0725,-24.00,0.00,0.00,-2,0700-0759,0.00,,0.00,94.00,79.00,59.00,370.00,,,,,
3,1/28/2026 12:00:00 AM,AA,19805,N459AN,2783,14679,SAN,"San Diego, CA",CA,11298,DFW,"Dallas/Fort Worth, TX",TX,1232,1248,16.00,1733,1755,22.00,22.00,1.00,1,1700-1759,0.00,,0.00,181.00,187.00,140.00,1171.00,16.00,0.00,6.00,0.00,0.00
1,1/5/2026 12:00:00 AM,G4,20368,292NV,3022,15412,TYS,"Knoxville, TN",TN,14082,PGD,"Punta Gorda, FL",FL,1105,1506,241.00,1258,1651,233.00,233.00,1.00,12,1200-1259,0.00,,0.00,113.00,105.00,90.00,624.00,5.00,0.00,0.00,0.00,228.00
4,1/15/2026 12:00:00 AM,AA,19805,N754UW,1696,11278,DCA,"Washington, DC",VA,10721,BOS,"Boston, MA",MA,1359,1354,-5.00,1533,1526,-7.00,0.00,0.00,-1,1500-1559,0.00,,0.00,94.00,92.00,65.00,399.00,,,,,
3,1/7/2026 12:00:00 AM,OH,20397,N588NN,5644,11057,CLT,"Charlotte, NC",NC,10868,CAE,"Columbia, SC",SC,2159,2310,71.00,2259,2352,53.00,53.00,1.00,3,2200-2259,0.00,,0.00,60.00,42.00,24.00,88.00,53.00,0.00,0.00,0.00,0.00
5,1/23/2026 12:00:00 AM,UA,19977,N28478,1392,13495,MSY,"New Orleans, LA",LA,12264,IAD,"Washington, DC",VA,0800,0751,-9.00,1126,1058,-28.00,0.00,0.00,-2,1100-1159,0.00,,0.00,146.00,127.00,110.00,955.00,,,,,
6,1/17/2026 12:00:00 AM,AA,19805,N959NN,3323,13930,ORD,"Chicago, IL",IL,12889,LAS,"Las Vegas, NV",NV,1310,1306,-4.00,1518,1422,-56.00,0.00,0.00,-2,1500-1559,0.00,,0.00,248.00,196.00,176.00,1514.00,,,,,
1,1/5/2026 12:00:00 AM,OO,20304,N706SK,6430,15376,TUS,"Tucson, AZ",AZ,14107,PHX,"Phoenix, AZ",AZ,0630,0620,-10.00,0733,0712,-21.00,0.00,0.00,-2,0700-0759,0.00,,0.00,63.00,52.00,32.00,109.00,,,,,
2,1/20/2026 12:00:00 AM,MQ,20398,N244NN,3540,13930,ORD,"Chicago, IL",IL,11292,DEN,"Denver, CO",CO,2115,2112,-3.00,2316,2255,-21.00,0.00,0.00,-2,2300-2359,0.00,,0.00,181.00,163.00,139.00,888.00,,,,,
6,1/10/2026 12:00:00 AM,WN,19393,N1810U,123,13232,MDW,"Chicago, IL",IL,12889,LAS,"Las Vegas, NV",NV,1950,1956,6.00,2155,2119,-36.00,0.00,0.00,-2,2100-2159,0.00,,0.00,245.00,203.00,190.00,1521.00,,,,,
7,1/11/2026 12:00:00 AM,OH,20397,N606NN,5171,11278,DCA,"Washington, DC",VA,14100,PHL,"Philadelphia, PA",PA,1344,1402,18.00,1450,1519,29.00,29.00,1.00,1,1400-1459,0.00,,0.00,66.00,77.00,32.00,120.00,0.00,0.00,11.00,0.00,18.00
1,1/12/2026 12:00:00 AM,F9,20436,N644FR,1384,11057,CLT,"Charlotte, NC",NC,14100,PHL,"Philadelphia, PA",PA,1504,1451,-13.00,1653,1639,-14.00,0.00,0.00,-1,1600-1659,0.00,,0.00,109.00,108.00,72.00,449.00,,,,,
7,1/11/2026 12:00:00 AM,UA,19977,N17312,2153,11042,CLE,"Cleveland, OH",OH,14771,SFO,"San Francisco, CA",CA,0702,0655,-7.00,0945,1001,16.00,16.00,1.00,1,0900-0959,0.00,,0.00,343.00,366.00,282.00,2161.00,0.00,0.00,16.00,0.00,0.00
2,1/27/2026 12:00:00 AM,MQ,20398,N788CJ,3432,13930,ORD,"Chicago, IL",IL,14783,SGF,"Springfield, MO",MO,0956,0959,3.00,1149,1158,9.00,9.00,0.00,0,1100-1159,0.00,,0.00,113.00,119.00,70.00,438.00,,,,,
1,1/26/2026 12:00:00 AM,NK,20416,N630NK,720,13204,MCO,"Orlando, FL",FL,10693,BNA,"Nashville, TN",TN,0720,,,0829,,,,,,0800-0859,1.00,B,0.00,129.00,,,616.00,,,,,
2,1/20/2026 12:00:00 AM,UA,19977,N87512,1208,11292,DEN,"Denver, CO",CO,14893,SMF,"Sacramento, CA",CA,1605,1618,13.00,1746,1750,4.00,4.00,0.00,0,1700-1759,0.00,,0.00,161.00,152.00,131.00,909.00,,,,,
4,1/15/2026 12:00:00 AM,F9,20436,N362FR,4472,10397,ATL,"Atlanta, GA",GA,14492,RDU,"Raleigh/Durham, NC",NC,0700,0650,-10.00,0827,0804,-23.00,0.00,0.00,-2,0800-0859,0.00,,0.00,87.00,74.00,54.00,356.00,,,,,
4,1/22/2026 12:00:00 AM,NK,20416,N723NK,351,10397,ATL,"Atlanta, GA",GA,11618,EWR,"Newark, NJ",NJ,2119,2222,63.00,2330,0008,38.00,38.00,1.00,2,2300-2359,0.00,,0.00,131.00,106.00,90.00,746.00,0.00,0.00,0.00,0.00,38.00
2,1/13/2026 12:00:00 AM,DL,19790,N345DN,2287,14107,PHX,"Phoenix, AZ",AZ,13487,MSP,"Minneapolis, MN",MN,1930,1914,-16.00,2334,2322,-12.00,0.00,0.00,-1,2300-2359,0.00,,0.00,184.00,188.00,175.00,1276.00,,,,,
4,1/15/2026 12:00:00 AM,WN,19393,N248WN,398,12191,HOU,"Houston, TX",TX,12206,HRL,"Harlingen/San Benito, TX",TX,0800,0755,-5.00,0910,0906,-4.00,0.00,0.00,-1,0900-0959,0.00,,0.00,70.00,71.00,48.00,277.00,,,,,
5,1/16/2026 12:00:00 AM,WN,19393,N294WN,3168,12191,HOU,"Houston, TX",TX,14107,PHX,"Phoenix, AZ",AZ,0925,0921,-4.00,1125,1100,-25.00,0.00,0.00,-2,1100-1159,0.00,,0.00,180.00,159.00,148.00,1020.00,,,,,
7,1/18/2026 12:00:00 AM,OH,20397,N509AE,5087,11278,DCA,"Washington, DC",VA,14193,PNS,"Pensacola, FL",FL,0941,1005,24.00,1127,1209,42.00,42.00,1.00,2,1100-1159,0.00,,0.00,166.00,184.00,142.00,816.00,0.00,0.00,18.00,0.00,24.00
4,1/15/2026 12:00:00 AM,DL,19790,N961AT,3138,11953,GNV,"Gainesville, FL",FL,10397,ATL,"Atlanta, GA",GA,1827,1814,-13.00,1954,1944,-10.00,0.00,0.00,-1,1900-1959,0.00,,0.00,87.00,90.00,55.00,300.00,,,,,
4,1/29/2026 12:00:00 AM,B6,20409,N3280J,1214,11298,DFW,"Dallas/Fort Worth, TX",TX,10721,BOS,"Boston, MA",MA,1129,1202,33.00,1610,1618,8.00,8.00,0.00,0,1600-1659,0.00,,0.00,221.00,196.00,177.00,1562.00,,,,,
7,1/18/2026 12:00:00 AM,WN,19393,N8756S,3795,15016,STL,"St. Louis, MO",MO,13204,MCO,"Orlando, FL",FL,0625,0622,-3.00,0955,0957,2.00,2.00,0.00,0,0900-0959,0.00,,0.00,150.00,155.00,118.00,882.00,,,,,
6,1/31/2026 12:00:00 AM,DL,19790,N830DN,1565,12992,LIT,"Little Rock, AR",AR,10397,ATL,"Atlanta, GA",GA,0535,0610,35.00,0813,0848,35.00,35.00,1.00,2,0800-0859,0.00,,0.00,98.00,98.00,62.00,453.00,35.00,0.00,0.00,0.00,0.00
2,1/6/2026 12:00:00 AM,AA,19805,N837NN,3153,11057,CLT,"Charlotte, NC",NC,13871,OMA,"Omaha, NE",NE,1426,1417,-9.00,1614,1602,-12.00,0.00,0.00,-1,1600-1659,0.00,,0.00,168.00,165.00,148.00,913.00,,,,,
4,1/8/2026 12:00:00 AM,AA,19805,N767UW,2071,11278,DCA,"Washington, DC",VA,13495,MSY,"New Orleans, LA",LA,2036,2024,-12.00,2242,2235,-7.00,0.00,0.00,-1,2200-2259,0.00,,0.00,186.00,191.00,147.00,969.00,,,,,
4,1/29/2026 12:00:00 AM,AS,19930,N386AS,934,13830,OGG,"Kahului, HI",HI,12892,LAX,"Los Angeles, CA",CA,1609,1610,1.00,2320,2338,18.00,18.00,1.00,1,2300-2359,0.00,,0.00,311.00,328.00,284.00,2485.00,17.00,0.00,0.00,0.00,1.00
7,1/18/2026 12:00:00 AM,WN,19393,N204WN,2346,15016,STL,"St. Louis, MO",MO,10397,ATL,"Atlanta, GA",GA,1755,1744,-11.00,2030,2000,-30.00,0.00,0.00,-2,2000-2059,0.00,,0.00,95.00,76.00,63.00,484.00,,,,,
4,1/8/2026 12:00:00 AM,AS,19930,N985AK,597,14679,SAN,"San Diego, CA",CA,12173,HNL,"Honolulu, HI",HI,1429,1429,0.00,1853,1835,-18.00,0.00,0.00,-2,1800-1859,0.00,,0.00,384.00,366.00,331.00,2614.00,,,,,
4,1/8/2026 12:00:00 AM,OO,20304,N824SK,3771,11637,FAR,"Fargo, ND",ND,13487,MSP,"Minneapolis, MN",MN,1316,1310,-6.00,1437,1411,-26.00,0.00,0.00,-2,1400-1459,0.00,,0.00,81.00,61.00,40.00,223.00,,,,,
6,1/10/2026 12:00:00 AM,UA,19977,N14565,1829,11292,DEN,"Denver, CO",CO,12266,IAH,"Houston, TX",TX,1330,1334,4.00,1659,1656,-3.00,0.00,0.00,-1,1600-1659,0.00,,0.00,149.00,142.00,111.00,861.00,,,,,
2,1/13/2026 12:00:00 AM,DL,19790,N355DN,2065,10397,ATL,"Atlanta, GA",GA,14100,PHL,"Philadelphia, PA",PA,1750,1753,3.00,1941,1948,7.00,7.00,0.00,0,1900-1959,0.00,,0.00,111.00,115.00,93.00,666.00,,,,,
2,1/13/2026 12:00:00 AM,OO,20304,N755SK,6389,10372,ASE,"Aspen, CO",CO,14107,PHX,"Phoenix, AZ",AZ,1212,1202,-10.00,1407,1337,-30.00,0.00,0.00,-2,1400-1459,0.00,,0.00,115.00,95.00,76.00,491.00,,,,,
2,1/27/2026 12:00:00 AM,WN,19393,N247WN,1155,13796,OAK,"Oakland, CA",CA,12191,HOU,"Houston, TX",TX,0740,0752,12.00,1320,1326,6.00,6.00,0.00,0,1300-1359,0.00,,0.00,220.00,214.00,196.00,1642.00,,,,,
2,1/13/2026 12:00:00 AM,OH,20397,N526EA,5087,11278,DCA,"Washington, DC",VA,14193,PNS,"Pensacola, FL",FL,0941,1138,117.00,1127,1315,108.00,108.00,1.00,7,1100-1159,0.00,,0.00,166.00,157.00,117.00,816.00,0.00,0.00,0.00,0.00,108.00
7,1/4/2026 12:00:00 AM,G4,20368,262NV,1356,13230,MDT,"Harrisburg, PA",PA,14986,SRQ,"Sarasota/Bradenton, FL",FL,1049,1105,16.00,1324,1327,3.00,3.00,0.00,0,1300-1359,0.00,,0.00,155.00,142.00,127.00,942.00,,,,,
7,1/18/2026 12:00:00 AM,WN,19393,N483WN,2850,12889,LAS,"Las Vegas, NV",NV,14262,PSP,"Palm Springs, CA",CA,1500,1506,6.00,1600,1553,-7.00,0.00,0.00,-1,1600-1659,0.00,,0.00,60.00,47.00,34.00,173.00,,,,,
5,1/2/2026 12:00:00 AM,MQ,20398,N260NN,4181,11298,DFW,"Dallas/Fort Worth, TX",TX,10155,ACT,"Waco, TX",TX,0913,0908,-5.00,0957,0950,-7.00,0.00,0.00,-1,0900-0959,0.00,,0.00,44.00,42.00,19.00,90.00,,,,,
4,1/1/2026 12:00:00 AM,AA,19805,N673AW,2301,10792,BUF,"Buffalo, NY",NY,11057,CLT,"Charlotte, NC",NC,1915,1943,28.00,2124,2154,30.00,30.00,1.00,2,2100-2159,0.00,,0.00,129.00,131.00,80.00,546.00,3.00,0.00,2.00,0.00,25.00
6,1/3/2026 12:00:00 AM,WN,19393,N8938Q,4182,15016,STL,"St. Louis, MO",MO,12191,HOU,"Houston, TX",TX,2245,2249,4.00,0055,0032,-23.00,0.00,0.00,-2,0001-0559,0.00,,0.00,130.00,103.00,88.00,687.00,,,,,
5,1/16/2026 12:00:00 AM,OO,20304,N929SW,4761,11292,DEN,"Denver, CO",CO,11109,COS,"Colorado Springs, CO",CO,2005,2256,171.00,2106,2351,165.00,165.00,1.00,11,2100-2159,0.00,,0.00,61.00,55.00,18.00,73.00,0.00,0.00,0.00,0.00,165.00
4,1/22/2026 12:00:00 AM,UA,19977,N222UA,300,14771,SFO,"San Francisco, CA",CA,12173,HNL,"Honolulu, HI",HI,1355,1347,-8.00,1742,1705,-37.00,0.00,0.00,-2,1700-1759,0.00,,0.00,347.00,318.00,290.00,2398.00,,,,,
6,1/3/2026 12:00:00 AM,OO,20304,N802SK,3747,11433,DTW,"Detroit, MI",MI,10257,ALB,"Albany, NY",NY,1015,1119,64.00,1156,1239,43.00,43.00,1.00,2,1100-1159,0.00,,0.00,101.00,80.00,63.00,489.00,43.00,0.00,0.00,0.00,0.00
4,1/29/2026 12:00:00 AM,AA,19805,N472AN,3079,14100,PHL,"Philadelphia, PA",PA,14771,SFO,"San Francisco, CA",CA,1610,1727,77.00,1935,2038,63.00,63.00,1.00,4,1900-1959,0.00,,0.00,385.00,371.00,334.00,2522.00,2.00,0.00,0.00,0.00,61.00
6,1/17/2026 12:00:00 AM,AS,19930,N815AK,467,14747,SEA,"Seattle, WA",WA,10713,BOI,"Boise, ID",ID,1020,1027,7.00,1251,1248,-3.00,0.00,0.00,-1,1200-1259,0.00,,0.00,91.00,81.00,56.00,399.00,,,,,
3,1/28/2026 12:00:00 AM,YX,20452,N778YX,3629,11618,EWR,"Newark, NJ",NJ,14730,SDF,"Louisville, KY",KY,1030,1051,21.00,1305,1308,3.00,3.00,0.00,0,1300-1359,0.00,,0.00,155.00,137.00,116.00,642.00,,,,,
3,1/7/2026 12:00:00 AM,DL,19790,N312DN,2890,10397,ATL,"Atlanta, GA",GA,12266,IAH,"Houston, TX",TX,1359,1350,-9.00,1516,1456,-20.00,0.00,0.00,-2,1500-1559,0.00,,0.00,137.00,126.00,99.00,689.00,,,,,
4,1/15/2026 12:00:00 AM,DL,19790,N964AT,1407,11433,DTW,"Detroit, MI",MI,14492,RDU,"Raleigh/Durham, NC",NC,1425,1550,85.00,1606,1720,74.00,74.00,1.00,4,1600-1659,0.00,,0.00,101.00,90.00,71.00,501.00,17.00,0.00,0.00,0.00,57.00
5,1/30/2026 12:00:00 AM,DL,19790,N896DN,661,11193,CVG,"Cincinnati, OH",KY,11697,FLL,"Fort Lauderdale, FL",FL,0709,0711,2.00,0948,0958,10.00,10.00,0.00,0,0900-0959,0.00,,0.00,159.00,167.00,135.00,932.00,,,,,
3,1/7/2026 12:00:00 AM,NK,20416,N615NK,2850,11066,CMH,"Columbus, OH",OH,12953,LGA,"New York, NY",NY,0545,0535,-10.00,0731,0704,-27.00,0.00,0.00,-2,0700-0759,0.00,,0.00,106.00,89.00,74.00,479.00,,,,,
4,1/1/2026 12:00:00 AM,WN,19393,N8966S,608,10423,AUS,"Austin, TX",TX,12889,LAS,"Las Vegas, NV",NV,1600,1709,69.00,1705,1807,62.00,62.00,1.00,4,1700-1759,0.00,,0.00,185.00,178.00,153.00,1090.00,0.00,0.00,62.00,0.00,0.00
7,1/4/2026 12:00:00 AM,AA,19805,N870AX,2010,13303,MIA,"Miami, FL",FL,11298,DFW,"Dallas/Fort Worth, TX",TX,1335,1352,17.00,1555,1618,23.00,23.00,1.00,1,1500-1559,0.00,,0.00,200.00,206.00,159.00,1121.00,0.00,0.00,6.00,0.00,17.00
3,1/21/2026 12:00:00 AM,UA,19977,N17421,2435,12264,IAD,"Washington, DC",VA,14893,SMF,"Sacramento, CA",CA,1755,1753,-2.00,2050,2047,-3.00,0.00,0.00,-1,2000-2059,0.00,,0.00,355.00,354.00,330.00,2357.00,,,,,
2,1/6/2026 12:00:00 AM,B6,20409,N942JB,858,14107,PHX,"Phoenix, AZ",AZ,11697,FLL,"Fort Lauderdale, FL",FL,1325,1322,-3.00,1930,1958,28.00,28.00,1.00,1,1900-1959,0.00,,0.00,245.00,276.00,219.00,1972.00,0.00,0.00,28.00,0.00,0.00
5,1/23/2026 12:00:00 AM,AS,19930,N805AK,15,11278,DCA,"Washington, DC",VA,14679,SAN,"San Diego, CA",CA,0859,0900,1.00,1156,1202,6.00,6.00,0.00,0,1100-1159,0.00,,0.00,357.00,362.00,344.00,2276.00,,,,,
1,1/12/2026 12:00:00 AM,AA,19805,N117UW,3278,11298,DFW,"Dallas/Fort Worth, TX",TX,15412,TYS,"Knoxville, TN",TN,0832,1153,201.00,1134,1447,193.00,193.00,1.00,12,1100-1159,0.00,,0.00,122.00,114.00,93.00,772.00,0.00,0.00,0.00,0.00,193.00
7,1/18/2026 12:00:00 AM,OO,20304,N531GJ,4738,10627,BIS,"Bismarck/Mandan, ND",ND,11292,DEN,"Denver, CO",CO,0530,0523,-7.00,0647,0634,-13.00,0.00,0.00,-1,0600-0659,0.00,,0.00,137.00,131.00,73.00,516.00,,,,,
5,1/16/2026 12:00:00 AM,UA,19977,N432UA,732,14908,SNA,"Santa Ana, CA",CA,11292,DEN,"Denver, CO",CO,0900,0857,-3.00,1224,1219,-5.00,0.00,0.00,-1,1200-1259,0.00,,0.00,144.00,142.00,115.00,846.00,,,,,
4,1/1/2026 12:00:00 AM,AS,19930,N519AS,2,14747,SEA,"Seattle, WA",WA,11278,DCA,"Washington, DC",VA,1355,1433,38.00,2159,2213,14.00,14.00,0.00,0,2100-2159,0.00,,0.00,304.00,280.00,245.00,2329.00,,,,,
4,1/29/2026 12:00:00 AM,MQ,20398,N207AN,3721,11298,DFW,"Dallas/Fort Worth, TX",TX,10185,AEX,"Alexandria, LA",LA,1240,1238,-2.00,1353,1341,-12.00,0.00,0.00,-1,1300-1359,0.00,,0.00,73.00,63.00,42.00,285.00,,,,,
6,1/3/2026 12:00:00 AM,WN,19393,N959WN,1345,15016,STL,"St. Louis, MO",MO,13851,OKC,"Oklahoma City, OK",OK,2255,0043,108.00,0030,0203,93.00,93.00,1.00,6,0001-0559,0.00,,0.00,95.00,80.00,69.00,462.00,46.00,0.00,0.00,0.00,47.00
5,1/9/2026 12:00:00 AM,AA,19805,N101NN,307,12892,LAX,"Los Angeles, CA",CA,12478,JFK,"New York, NY",NY,0810,2013,723.00,1626,0428,722.00,722.00,1.00,12,1600-1659,0.00,,0.00,316.00,315.00,285.00,2475.00,722.00,0.00,0.00,0.00,0.00
5,1/2/2026 12:00:00 AM,WN,19393,N495WN,743,14679,SAN,"San Diego, CA",CA,14893,SMF,"Sacramento, CA",CA,1125,1119,-6.00,1320,1241,-39.00,0.00,0.00,-2,1300-1359,0.00,,0.00,115.00,82.00,71.00,480.00,,,,,
4,1/8/2026 12:00:00 AM,UA,19977,N61881,1159,12264,IAD,"Washington, DC",VA,14747,SEA,"Seattle, WA",WA,1755,1759,4.00,2057,2052,-5.00,0.00,0.00,-1,2000-2059,0.00,,0.00,362.00,353.00,311.00,2305.00,,,,,
7,1/4/2026 12:00:00 AM,OO,20304,N788SK,5801,11146,CRW,"Charleston/Dunbar, WV",WV,13930,ORD,"Chicago, IL",IL,0700,0652,-8.00,0805,0806,1.00,1.00,0.00,0,0800-0859,0.00,,0.00,125.00,134.00,73.00,416.00,,,,,
1,1/5/2026 12:00:00 AM,UA,19977,N27252,1374,11292,DEN,"Denver, CO",CO,11697,FLL,"Fort Lauderdale, FL",FL,1744,1740,-4.00,2337,2320,-17.00,0.00,0.00,-2,2300-2359,0.00,,0.00,233.00,220.00,184.00,1703.00,,,,,
2,1/6/2026 12:00:00 AM,AA,19805,N989AN,1455,11298,DFW,"Dallas/Fort Worth, TX",TX,13495,MSY,"New Orleans, LA",LA,2130,2146,16.00,2259,2305,6.00,6.00,0.00,0,2200-2259,0.00,,0.00,89.00,79.00,57.00,448.00,,,,,
4,1/8/2026 12:00:00 AM,DL,19790,N344NW,2951,10397,ATL,"Atlanta, GA",GA,10529,BDL,"Hartford, CT",CT,0810,0756,-14.00,1025,1001,-24.00,0.00,0.00,-2,1000-1059,0.00,,0.00,135.00,125.00,111.00,859.00,,,,,
4,1/29/2026 12:00:00 AM,WN,19393,N8784Q,4671,13232,MDW,"Chicago, IL",IL,13244,MEM,"Memphis, TN",TN,0810,0809,-1.00,0955,0940,-15.00,0.00,0.00,-1,0900-0959,0.00,,0.00,105.00,91.00,77.00,480.00,,,,,
6,1/3/2026 12:00:00 AM,B6,20409,N526JL,305,11618,EWR,"Newark, NJ",NJ,11697,FLL,"Fort Lauderdale, FL",FL,1020,1046,26.00,1330,1419,49.00,49.00,1.00,3,1300-1359,0.00,,0.00,190.00,213.00,181.00,1065.00,0.00,0.00,49.00,0.00,0.00
6,1/24/2026 12:00:00 AM,NK,20416,N604NK,1243,11697,FLL,"Fort Lauderdale, FL",FL,10821,BWI,"Baltimore, MD",MD,1630,1632,2.00,1903,1846,-17.00,0.00,0.00,-2,1900-1959,0.00,,0.00,153.00,134.00,119.00,925.00,,,,,
2,1/20/2026 12:00:00 AM,WN,19393,N8941Q,4486,13204,MCO,"Orlando, FL",FL,10821,BWI,"Baltimore, MD",MD,1240,1239,-1.00,1500,1438,-22.00,0.00,0.00,-2,1500-1559,0.00,,0.00,140.00,119.00,98.00,787.00,,,,,
5,1/2/2026 12:00:00 AM,AS,19930,N280AK,48,10299,ANC,"Anchorage, AK",AK,14747,SEA,"Seattle, WA",WA,0800,0801,1.00,1240,1235,-5.00,0.00,0.00,-1,1200-1259,0.00,,0.00,220.00,214.00,178.00,1448.00,,,,,
1,1/19/2026 12:00:00 AM,OO,20304,N117SY,5672,13244,MEM,"Memphis, TN",TN,13930,ORD,"Chicago, IL",IL,0955,0950,-5.00,1158,1227,29.00,29.00,1.00,1,1100-1159,0.00,,0.00,123.00,157.00,86.00,491.00,29.00,0.00,0.00,0.00,0.00
7,1/18/2026 12:00:00 AM,B6,20409,N517JB,1876,13204,MCO,"Orlando, FL",FL,14307,PVD,"Providence, RI",RI,1955,2237,162.00,2240,0053,133.00,133.00,1.00,8,2200-2259,0.00,,0.00,165.00,136.00,112.00,1072.00,37.00,0.00,0.00,0.00,96.00
3,1/28/2026 12:00:00 AM,NK,20416,N649NK,207,10397,ATL,"Atlanta, GA",GA,11697,FLL,"Fort Lauderdale, FL",FL,1743,1734,-9.00,1938,1947,9.00,9.00,0.00,0,1900-1959,0.00,,0.00,115.00,133.00,84.00,581.00,,,,,
1,1/5/2026 12:00:00 AM,UA,19977,N37408,2162,12266,IAH,"Houston, TX",TX,14107,PHX,"Phoenix, AZ",AZ,1650,1644,-6.00,1854,1843,-11.00,0.00,0.00,-1,1800-1859,0.00,,0.00,184.00,179.00,146.00,1009.00,,,,,
2,1/27/2026 12:00:00 AM,WN,19393,N8647A,175,15016,STL,"St. Louis, MO",MO,11433,DTW,"Detroit, MI",MI,1755,1913,78.00,2025,2137,72.00,72.00,1.00,4,2000-2059,0.00,,0.00,90.00,84.00,65.00,440.00,12.00,0.00,0.00,0.00,60.00
6,1/3/2026 12:00:00 AM,AS,19930,N622AS,67,14828,SIT,"Sitka, AK",AK,12523,JNU,"Juneau, AK",AK,1914,1905,-9.00,1955,1952,-3.00,0.00,0.00,-1,1900-1959,0.00,,0.00,41.00,47.00,24.00,95.00,,,,,
6,1/24/2026 12:00:00 AM,DL,19790,N894AT,3164,10599,BHM,"Birmingham, AL",AL,10397,ATL,"Atlanta, GA",GA,1102,1047,-15.00,1305,1237,-28.00,0.00,0.00,-2,1300-1359,0.00,,0.00,63.00,50.00,33.00,134.00,,,,,
3,1/14/2026 12:00:00 AM,OH,20397,N548NN,5594,13360,MLB,"Melbourne, FL",FL,11057,CLT,"Charlotte, NC",NC,1621,1616,-5.00,1818,1815,-3.00,0.00,0.00,-1,1800-1859,0.00,,0.00,117.00,119.00,78.00,490.00,,,,,
4,1/8/2026 12:00:00 AM,WN,19393,N566WN,4680,13232,MDW,"Chicago, IL",IL,13891,ONT,"Ontario, CA",CA,0810,0805,-5.00,1040,1024,-16.00,0.00,0.00,-2,1000-1059,0.00,,0.00,270.00,259.00,246.00,1706.00,,,,,
5,1/2/2026 12:00:00 AM,B6,20409,N3065J,517,10721,BOS,"Boston, MA",MA,12478,JFK,"New York, NY",NY,1455,1449,-6.00,1613,1611,-2.00,0.00,0.00,-1,1600-1659,0.00,,0.00,78.00,82.00,56.00,187.00,,,,,
3,1/14/2026 12:00:00 AM,DL,19790,N386DA,2854,14747,SEA,"Seattle, WA",WA,12892,LAX,"Los Angeles, CA",CA,1935,2327,232.00,2221,0150,209.00,209.00,1.00,12,2200-2259,0.00,,0.00,166.00,143.00,125.00,954.00,209.00,0.00,0.00,0.00,0.00
4,1/1/2026 12:00:00 AM,WN,19393,N282WN,1196,13891,ONT,"Ontario, CA",CA,14893,SMF,"Sacramento, CA",CA,1130,1136,6.00,1300,1300,0.00,0.00,0.00,0,1300-1359,0.00,,0.00,90.00,84.00,66.00,390.00,,,,,
1,1/12/2026 12:00:00 AM,OH,20397,N613NN,5614,11057,CLT,"Charlotte, NC",NC,15016,STL,"St. Louis, MO",MO,0825,0835,10.00,0940,0937,-3.00,0.00,0.00,-1,0900-0959,0.00,,0.00,135.00,122.00,94.00,575.00,,,,,
4,1/8/2026 12:00:00 AM,WN,19393,N8980Q,258,10599,BHM,"Birmingham, AL",AL,15304,TPA,"Tampa, FL",FL,1335,1331,-4.00,1600,1548,-12.00,0.00,0.00,-1,1600-1659,0.00,,0.00,85.00,77.00,62.00,459.00,,,,,
4,1/22/2026 12:00:00 AM,WN,19393,N8833L,2003,12339,IND,"Indianapolis, IN",IN,13204,MCO,"Orlando, FL",FL,1530,1531,1.00,1750,1735,-15.00,0.00,0.00,-1,1700-1759,0.00,,0.00,140.00,124.00,106.00,829.00,,,,,
1,1/19/2026 12:00:00 AM,AA,19805,N961AN,1699,14107,PHX,"Phoenix, AZ",AZ,14262,PSP,"Palm Springs, CA",CA,1132,1134,2.00,1149,1151,2.00,2.00,0.00,0,1100-1159,0.00,,0.00,77.00,77.00,48.00,261.00,,,,,
7,1/18/2026 12:00:00 AM,UA,19977,N37510,2314,11697,FLL,"Fort Lauderdale, FL",FL,12266,IAH,"Houston, TX",TX,0615,0607,-8.00,0822,0750,-32.00,0.00,0.00,-2,0800-0859,0.00,,0.00,187.00,163.00,145.00,966.00,,,,,
2,1/13/2026 12:00:00 AM,AS,19930,N453AS,483,14679,SAN,"San Diego, CA",CA,13830,OGG,"Kahului, HI",HI,1845,1840,-5.00,2259,2230,-29.00,0.00,0.00,-2,2200-2259,0.00,,0.00,374.00,350.00,327.00,2540.00,,,,,
7,1/18/2026 12:00:00 AM,WN,19393,N429WN,2731,13871,OMA,"Omaha, NE",NE,12191,HOU,"Houston, TX",TX,1525,1519,-6.00,1750,1720,-30.00,0.00,0.00,-2,1700-1759,0.00,,0.00,145.00,121.00,111.00,804.00,,,,,
2,1/6/2026 12:00:00 AM,WN,19393,N8760L,2578,10693,BNA,"Nashville, TN",TN,12889,LAS,"Las Vegas, NV",NV,1630,1645,15.00,1850,1856,6.00,6.00,0.00,0,1800-1859,0.00,,0.00,260.00,251.00,236.00,1587.00,,,,,
1,1/19/2026 12:00:00 AM,WN,19393,N8609A,1658,11292,DEN,"Denver, CO",CO,15016,STL,"St. Louis, MO",MO,1835,1831,-4.00,2140,2118,-22.00,0.00,0.00,-2,2100-2159,0.00,,0.00,125.00,107.00,91.00,770.00,,,,,
3,1/7/2026 12:00:00 AM,OH,20397,N565NN,5572,11057,CLT,"Charlotte, NC",NC,12945,LEX,"Lexington, KY",KY,0923,0934,11.00,1056,1049,-7.00,0.00,0.00,-1,1000-1059,0.00,,0.00,93.00,75.00,53.00,281.00,,,,,
7,1/4/2026 12:00:00 AM,YX,20452,N242JQ,5627,10721,BOS,"Boston, MA",MA,12339,IND,"Indianapolis, IN",IN,1755,2300,305.00,2048,0205,317.00,317.00,1.00,12,2000-2059,0.00,,0.00,173.00,185.00,128.00,818.00,305.00,0.00,12.00,0.00,0.00
1,1/12/2026 12:00:00 AM,DL,19790,N981AT,1537,11057,CLT,"Charlotte, NC",NC,10397,ATL,"Atlanta, GA",GA,1313,1346,33.00,1433,1449,16.00,16.00,1.00,1,1400-1459,0.00,,0.00,80.00,63.00,45.00,226.00,1.00,0.00,0.00,0.00,15.00
3,1/14/2026 12:00:00 AM,OO,20304,N939SW,5474,13930,ORD,"Chicago, IL",IL,13184,MBS,"Saginaw/Bay City/Midland, MI",MI,1755,2030,155.00,2017,2258,161.00,161.00,1.00,10,2000-2059,0.00,,0.00,82.00,88.00,48.00,222.00,0.00,0.00,161.00,0.00,0.00
5,1/30/2026 12:00:00 AM,F9,20436,N604FR,1835,11433,DTW,"Detroit, MI",MI,13303,MIA,"Miami, FL",FL,1256,1243,-13.00,1604,1538,-26.00,0.00,0.00,-2,1600-1659,0.00,,0.00,188.00,175.00,152.00,1145.00,,,,,
7,1/4/2026 12:00:00 AM,G4,20368,211NV,3036,11618,EWR,"Newark, NJ",NJ,15412,TYS,"Knoxville, TN",TN,0955,0948,-7.00,1155,1145,-10.00,0.00,0.00,-1,1100-1159,0.00,,0.00,120.00,117.00,89.00,631.00,,,,,
6,1/24/2026 12:00:00 AM,DL,19790,N897DN,2428,13303,MIA,"Miami, FL",FL,12478,JFK,"New York, NY",NY,0740,0731,-9.00,1030,1007,-23.00,0.00,0.00,-2,1000-1059,0.00,,0.00,170.00,156.00,135.00,1089.00,,,,,
5,1/2/2026 12:00:00 AM,DL,19790,N331DU,2680,14683,SAT,"San Antonio, TX",TX,14869,SLC,"Salt Lake City, UT",UT,1918,1910,-8.00,2119,2111,-8.00,0.00,0.00,-1,2100-2159,0.00,,0.00,181.00,181.00,163.00,1087.00,,,,,
7,1/4/2026 12:00:00 AM,AA,19805,N828AW,3120,11423,DSM,"Des Moines, IA",IA,14107,PHX,"Phoenix, AZ",AZ,1820,1816,-4.00,2023,2027,4.00,4.00,0.00,0,2000-2059,0.00,,0.00,183.00,191.00,157.00,1149.00,,,,,
1,1/12/2026 12:00:00 AM,AA,19805,N981UY,1357,13303,MIA,"Miami, FL",FL,12478,JFK,"New York, NY",NY,1955,1954,-1.00,2258,2243,-15.00,0.00,0.00,-1,2200-2259,0.00,,0.00,183.00,169.00,143.00,1089.00,,,,,
6,1/10/2026 12:00:00 AM,WN,19393,N957WN,3724,14986,SRQ,"Sarasota/Bradenton, FL",FL,10693,BNA,"Nashville, TN",TN,0815,0810,-5.00,0920,0904,-16.00,0.00,0.00,-2,0900-0959,0.00,,0.00,125.00,114.00,100.00,648.00,,,,,
6,1/10/2026 12:00:00 AM,DL,19790,N590NW,1201,13204,MCO,"Orlando, FL",FL,11433,DTW,"Detroit, MI",MI,0600,0545,-15.00,0845,0812,-33.00,0.00,0.00,-2,0800-0859,0.00,,0.00,165.00,147.00,119.00,957.00,,,,,
5,1/9/2026 12:00:00 AM,AA,19805,N453AA,684,12982,LIH,"Lihue, HI",HI,14107,PHX,"Phoenix, AZ",AZ,2210,1211,841.00,0717,2132,855.00,855.00,1.00,12,0700-0759,0.00,,0.00,367.00,381.00,357.00,2979.00,47.00,0.00,14.00,0.00,794.00
3,1/21/2026 12:00:00 AM,AA,19805,N980NN,1331,11057,CLT,"Charlotte, NC",NC,11278,DCA,"Washington, DC",VA,2035,2029,-6.00,2204,2152,-12.00,0.00,0.00,-1,2200-2259,0.00,,0.00,89.00,83.00,56.00,331.00,,,,,
3,1/14/2026 12:00:00 AM,AA,19805,N193UW,2954,12889,LAS,"Las Vegas, NV",NV,14100,PHL,"Philadelphia, PA",PA,0603,0553,-10.00,1342,1350,8.00,8.00,0.00,0,1300-1359,0.00,,0.00,279.00,297.00,267.00,2177.00,,,,,
4,1/29/2026 12:00:00 AM,DL,19790,N820DN,1196,10397,ATL,"Atlanta, GA",GA,14635,RSW,"Fort Myers, FL",FL,1221,1219,-2.00,1400,1341,-19.00,0.00,0.00,-2,1400-1459,0.00,,0.00,99.00,82.00,69.00,515.00,,,,,
1,1/19/2026 12:00:00 AM,OO,20304,N132SY,5236,10599,BHM,"Birmingham, AL",AL,12266,IAH,"Houston, TX",TX,1500,1450,-10.00,1711,1651,-20.00,0.00,0.00,-2,1700-1759,0.00,,0.00,131.00,121.00,98.00,562.00,,,,,
3,1/28/2026 12:00:00 AM,OO,20304,N243SY,3791,13487,MSP,"Minneapolis, MN",MN,13851,OKC,"Oklahoma City, OK",OK,1815,2002,107.00,2039,2224,105.00,105.00,1.00,7,2000-2059,0.00,,0.00,144.00,142.00,106.00,694.00,105.00,0.00,0.00,0.00,0.00
5,1/9/2026 12:00:00 AM,NK,20416,N664NK,2228,11298,DFW,"Dallas/Fort Worth, TX",TX,11618,EWR,"Newark, NJ",NJ,1340,1342,2.00,1754,1740,-14.00,0.00,0.00,-1,1700-1759,0.00,,0.00,194.00,178.00,157.00,1372.00,,,,,
1,1/5/2026 12:00:00 AM,AA,19805,N837AW,2157,11298,DFW,"Dallas/Fort Worth, TX",TX,13495,MSY,"New Orleans, LA",LA,0705,0700,-5.00,0835,0819,-16.00,0.00,0.00,-2,0800-0859,0.00,,0.00,90.00,79.00,60.00,448.00,,,,,
2,1/20/2026 12:00:00 AM,OO,20304,N89362,5266,11977,GRB,"Green Bay, WI",WI,13930,ORD,"Chicago, IL",IL,0631,0828,117.00,0805,0943,98.00,98.00,1.00,6,0800-0859,0.00,,0.00,94.00,75.00,41.00,173.00,0.00,0.00,98.00,0.00,0.00
1,1/26/2026 12:00:00 AM,F9,20436,N303FR,3737,12889,LAS,"Las Vegas, NV",NV,14908,SNA,"Santa Ana, CA",CA,1645,1723,38.00,1801,1826,25.00,25.00,1.00,1,1800-1859,0.00,,0.00,76.00,63.00,41.00,226.00,25.00,0.00,0.00,0.00,0.00
6,1/24/2026 12:00:00 AM,WN,19393,N8881L,1394,11292,DEN,"Denver, CO",CO,10140,ABQ,"Albuquerque, NM",NM,1900,1934,34.00,2020,2100,40.00,40.00,1.00,2,2000-2059,0.00,,0.00,80.00,86.00,54.00,349.00,34.00,0.00,6.00,0.00,0.00
2,1/20/2026 12:00:00 AM,WN,19393,N8720L,3494,14747,SEA,"Seattle, WA",WA,14893,SMF,"Sacramento, CA",CA,0625,0616,-9.00,0815,0802,-13.00,0.00,0.00,-1,0800-0859,0.00,,0.00,110.00,106.00,79.00,605.00,,,,,
7,1/11/2026 12:00:00 AM,DL,19790,N375DA,2377,14869,SLC,"Salt Lake City, UT",UT,13930,ORD,"Chicago, IL",IL,1335,1329,-6.00,1744,1730,-14.00,0.00,0.00,-1,1700-1759,0.00,,0.00,189.00,181.00,157.00,1250.00,,,,,
2,1/20/2026 12:00:00 AM,DL,19790,N3764D,1715,12892,LAX,"Los Angeles, CA",CA,14771,SFO,"San Francisco, CA",CA,0830,0826,-4.00,1004,0944,-20.00,0.00,0.00,-2,1000-1059,0.00,,0.00,94.00,78.00,51.00,337.00,,,,,
5,1/2/2026 12:00:00 AM,UA,19977,N847UA,347,14570,RNO,"Reno, NV",NV,11292,DEN,"Denver, CO",CO,0910,0902,-8.00,1236,1205,-31.00,0.00,0.00,-2,1200-1259,0.00,,0.00,146.00,123.00,104.00,804.00,,,,,
4,1/15/2026 12:00:00 AM,OO,20304,N804SK,4118,13487,MSP,"Minneapolis, MN",MN,13485,MSN,"Madison, WI",WI,1555,1550,-5.00,1711,1702,-9.00,0.00,0.00,-1,1700-1759,0.00,,0.00,76.00,72.00,38.00,228.00,,,,,
5,1/9/2026 12:00:00 AM,WN,19393,N8517F,1493,15016,STL,"St. Louis, MO",MO,11423,DSM,"Des Moines, IA",IA,2000,1948,-12.00,2110,2048,-22.00,0.00,0.00,-2,2100-2159,0.00,,0.00,70.00,60.00,44.00,259.00,,,,,
1,1/5/2026 12:00:00 AM,WN,19393,N265WN,532,12206,HRL,"Harlingen/San Benito, TX",TX,10423,AUS,"Austin, TX",TX,1825,1825,0.00,1945,1929,-16.00,0.00,0.00,-2,1900-1959,0.00,,0.00,80.00,64.00,48.00,273.00,,,,,
1,1/19/2026 12:00:00 AM,OO,20304,N515SY,4938,12892,LAX,"Los Angeles, CA",CA,14869,SLC,"Salt Lake City, UT",UT,1654,1656,2.00,1953,1954,1.00,1.00,0.00,0,1900-1959,0.00,,0.00,119.00,118.00,90.00,590.00,,,,,
7,1/4/2026 12:00:00 AM,OO,20304,N967SW,5887,13930,ORD,"Chicago, IL",IL,14696,SBN,"South Bend, IN",IN,0845,0854,9.00,1054,1054,0.00,0.00,0.00,0,1000-1059,0.00,,0.00,69.00,60.00,23.00,84.00,,,,,
7,1/4/2026 12:00:00 AM,AS,19930,N478AS,606,14747,SEA,"Seattle, WA",WA,14107,PHX,"Phoenix, AZ",AZ,0848,,,1241,,,,,,1200-1259,1.00,A,0.00,173.00,,,1107.00,,,,,
7,1/4/2026 12:00:00 AM,AS,19930,N525AS,679,11292,DEN,"Denver, CO",CO,14057,PDX,"Portland, OR",OR,1911,2023,72.00,2110,2222,72.00,72.00,1.00,4,2100-2159,0.00,,0.00,179.00,179.00,146.00,991.00,23.00,0.00,0.00,0.00,49.00
7,1/18/2026 12:00:00 AM,WN,19393,N8520Q,1143,11066,CMH,"Columbus, OH",OH,15016,STL,"St. Louis, MO",MO,1815,1813,-2.00,1850,1830,-20.00,0.00,0.00,-2,1800-1859,0.00,,0.00,95.00,77.00,66.00,409.00,,,,,
4,1/8/2026 12:00:00 AM,B6,20409,N571JB,2071,11697,FLL,"Fort Lauderdale, FL",FL,10732,BQN,"Aguadilla, PR",PR,1125,1119,-6.00,1454,1444,-10.00,0.00,0.00,-1,1400-1459,0.00,,0.00,149.00,145.00,118.00,982.00,,,,,
1,1/5/2026 12:00:00 AM,B6,20409,N507JT,143,11618,EWR,"Newark, NJ",NJ,14027,PBI,"West Palm Beach/Palm Beach, FL",FL,0925,0925,0.00,1230,1222,-8.00,0.00,0.00,-1,1200-1259,0.00,,0.00,185.00,177.00,147.00,1024.00,,,,,
7,1/4/2026 12:00:00 AM,UA,19977,N846UA,2675,12266,IAH,"Houston, TX",TX,14122,PIT,"Pittsburgh, PA",PA,1155,1149,-6.00,1540,1532,-8.00,0.00,0.00,-1,1500-1559,0.00,,0.00,165.00,163.00,142.00,1117.00,,,,,
4,1/22/2026 12:00:00 AM,UA,19977,N14546,2386,13930,ORD,"Chicago, IL",IL,14771,SFO,"San Francisco, CA",CA,0900,0900,0.00,1210,1159,-11.00,0.00,0.00,-1,1200-1259,0.00,,0.00,310.00,299.00,269.00,1846.00,,,,,
4,1/29/2026 12:00:00 AM,DL,19790,N313DN,1495,10397,ATL,"Atlanta, GA",GA,14027,PBI,"West Palm Beach/Palm Beach, FL",FL,2230,2241,11.00,0014,0017,3.00,3.00,0.00,0,0001-0559,0.00,,0.00,104.00,96.00,79.00,545.00,,,,,
2,1/20/2026 12:00:00 AM,OH,20397,N590NN,5374,11641,FAY,"Fayetteville, NC",NC,11057,CLT,"Charlotte, NC",NC,0825,0814,-11.00,0944,0923,-21.00,0.00,0.00,-2,0900-0959,0.00,,0.00,79.00,69.00,33.00,118.00,,,,,
3,1/7/2026 12:00:00 AM,DL,19790,N927AT,516,11259,DAL,"Dallas, TX",TX,10397,ATL,"Atlanta, GA",GA,0600,0546,-14.00,0905,0844,-21.00,0.00,0.00,-2,0900-0959,0.00,,0.00,125.00,118.00,89.00,721.00,,,,,
5,1/2/2026 12:00:00 AM,G4,20368,250NV,2098,14082,PGD,"Punta Gorda, FL",FL,11423,DSM,"Des Moines, IA",IA,1409,1506,57.00,1620,1720,60.00,60.00,1.00,4,1600-1659,0.00,,0.00,191.00,194.00,168.00,1206.00,0.00,0.00,14.00,0.00,46.00
2,1/27/2026 12:00:00 AM,WN,19393,N8788L,1635,13796,OAK,"Oakland, CA",CA,12892,LAX,"Los Angeles, CA",CA,0750,0748,-2.00,0915,0911,-4.00,0.00,0.00,-1,0900-0959,0.00,,0.00,85.00,83.00,58.00,337.00,,,,,
7,1/18/2026 12:00:00 AM,UA,19977,N17289,1673,11042,CLE,"Cleveland, OH",OH,13930,ORD,"Chicago, IL",IL,1753,1751,-2.00,1834,1823,-11.00,0.00,0.00,-1,1800-1859,0.00,,0.00,101.00,92.00,56.00,316.00,,,,,
4,1/8/2026 12:00:00 AM,UA,19977,N36280,2202,10849,BZN,"Bozeman, MT",MT,13930,ORD,"Chicago, IL",IL,1246,1242,-4.00,1655,1651,-4.00,0.00,0.00,-1,1600-1659,0.00,,0.00,189.00,189.00,161.00,1185.00,,,,,
6,1/31/2026 12:00:00 AM,WN,19393,N8319F,1144,11042,CLE,"Cleveland, OH",OH,13204,MCO,"Orlando, FL",FL,1700,1659,-1.00,1945,2012,27.00,27.00,1.00,1,1900-1959,0.00,,0.00,165.00,193.00,129.00,895.00,0.00,0.00,27.00,0.00,0.00
3,1/7/2026 12:00:00 AM,WN,19393,N7827A,3214,12896,LBB,"Lubbock, TX",TX,11259,DAL,"Dallas, TX",TX,1740,1727,-13.00,1855,1833,-22.00,0.00,0.00,-2,1800-1859,0.00,,0.00,75.00,66.00,52.00,293.00,,,,,
2,1/20/2026 12:00:00 AM,UA,19977,N37434,798,11292,DEN,"Denver, CO",CO,12264,IAD,"Washington, DC",VA,1547,1554,7.00,2107,2048,-19.00,0.00,0.00,-2,2100-2159,0.00,,0.00,200.00,174.00,156.00,1452.00,,,,,
2,1/20/2026 12:00:00 AM,UA,19977,N37521,1765,12889,LAS,"Las Vegas, NV",NV,11618,EWR,"Newark, NJ",NJ,1600,1551,-9.00,2355,2314,-41.00,0.00,0.00,-2,2300-2359,0.00,,0.00,295.00,263.00,243.00,2227.00,,,,,
1,1/19/2026 12:00:00 AM,AS,19930,N274AK,199,14869,SLC,"Salt Lake City, UT",UT,14057,PDX,"Portland, OR",OR,1156,1222,26.00,1304,1321,17.00,17.00,1.00,1,1300-1359,0.00,,0.00,128.00,119.00,98.00,630.00,0.00,0.00,17.00,0.00,0.00
6,1/24/2026 12:00:00 AM,AA,19805,N967AN,3220,15370,TUL,"Tulsa, OK",OK,11298,DFW,"Dallas/Fort Worth, TX",TX,0700,,,0830,,,,,,0800-0859,1.00,B,0.00,90.00,,,237.00,,,,,
4,1/8/2026 12:00:00 AM,UA,19977,N17529,1347,11292,DEN,"Denver, CO",CO,10849,BZN,"Bozeman, MT",MT,1940,2012,32.00,2133,2149,16.00,16.00,1.00,1,2100-2159,0.00,,0.00,113.00,97.00,75.00,524.00,0.00,0.00,0.00,0.00,16.00
3,1/14/2026 12:00:00 AM,OO,20304,N296SY,4163,10423,AUS,"Austin, TX",TX,10693,BNA,"Nashville, TN",TN,1933,1923,-10.00,2137,2122,-15.00,0.00,0.00,-1,2100-2159,0.00,,0.00,124.00,119.00,99.00,756.00,,,,,
3,1/21/2026 12:00:00 AM,OO,20304,N710EV,4305,13487,MSP,"Minneapolis, MN",MN,14520,RHI,"Rhinelander, WI",WI,0905,0903,-2.00,1023,1030,7.00,7.00,0.00,0,1000-1059,0.00,,0.00,78.00,87.00,31.00,190.00,,,,,
4,1/8/2026 12:00:00 AM,UA,19977,N445UA,222,10397,ATL,"Atlanta, GA",GA,12266,IAH,"Houston, TX",TX,1145,1135,-10.00,1317,1244,-33.00,0.00,0.00,-2,1300-1359,0.00,,0.00,152.00,129.00,108.00,689.00,,,,,
1,1/26/2026 12:00:00 AM,AA,19805,N909AN,2581,11298,DFW,"Dallas/Fort Worth, TX",TX,13342,MKE,"Milwaukee, WI",WI,0900,,,1117,,,,,,1100-1159,1.00,B,0.00,137.00,,,853.00,,,,,
7,1/4/2026 12:00:00 AM,AA,19805,N521UW,3126,11298,DFW,"Dallas/Fort Worth, TX",TX,14679,SAN,"San Diego, CA",CA,0825,0825,0.00,0949,0927,-22.00,0.00,0.00,-2,0900-0959,0.00,,0.00,204.00,182.00,162.00,1171.00,,,,,
5,1/30/2026 12:00:00 AM,AA,19805,N998NN,1515,11193,CVG,"Cincinnati, OH",KY,14107,PHX,"Phoenix, AZ",AZ,0716,0718,2.00,0950,0927,-23.00,0.00,0.00,-2,0900-0959,0.00,,0.00,274.00,249.00,208.00,1569.00,,,,,
2,1/20/2026 12:00:00 AM,MQ,20398,N282NN,3723,11298,DFW,"Dallas/Fort Worth, TX",TX,12278,ICT,"Wichita, KS",KS,2130,2127,-3.00,2257,2250,-7.00,0.00,0.00,-1,2200-2259,0.00,,0.00,87.00,83.00,56.00,328.00,,,,,
2,1/6/2026 12:00:00 AM,B6,20409,N625JB,1067,12197,HPN,"White Plains, NY",NY,14027,PBI,"West Palm Beach/Palm Beach, FL",FL,1625,1631,6.00,1925,1916,-9.00,0.00,0.00,-1,1900-1959,0.00,,0.00,180.00,165.00,146.00,1056.00,,,,,
5,1/2/2026 12:00:00 AM,WN,19393,N8881L,2304,14107,PHX,"Phoenix, AZ",AZ,12191,HOU,"Houston, TX",TX,2045,2114,29.00,0005,0032,27.00,27.00,1.00,1,0001-0559,0.00,,0.00,140.00,138.00,114.00,1020.00,0.00,0.00,0.00,0.00,27.00
5,1/9/2026 12:00:00 AM,UA,19977,N817UA,1858,12264,IAD,"Washington, DC",VA,10693,BNA,"Nashville, TN",TN,1245,1239,-6.00,1350,1332,-18.00,0.00,0.00,-2,1300-1359,0.00,,0.00,125.00,113.00,95.00,542.00,,,,,
7,1/4/2026 12:00:00 AM,F9,20436,N381FR,1426,14679,SAN,"San Diego, CA",CA,11298,DFW,"Dallas/Fort Worth, TX",TX,0625,0619,-6.00,1141,1138,-3.00,0.00,0.00,-1,1100-1159,0.00,,0.00,196.00,199.00,140.00,1171.00,,,,,
1,1/19/2026 12:00:00 AM,AA,19805,N848NN,659,13303,MIA,"Miami, FL",FL,11042,CLE,"Cleveland, OH",OH,1435,1434,-1.00,1736,1718,-18.00,0.00,0.00,-2,1700-1759,0.00,,0.00,181.00,164.00,139.00,1080.00,,,,,
2,1/20/2026 12:00:00 AM,DL,19790,N3749D,2228,14869,SLC,"Salt Lake City, UT",UT,12339,IND,"Indianapolis, IN",IN,1745,1732,-13.00,2249,2235,-14.00,0.00,0.00,-1,2200-2259,0.00,,0.00,184.00,183.00,152.00,1355.00,,,,,
5,1/16/2026 12:00:00 AM,WN,19393,N942WN,2918,10397,ATL,"Atlanta, GA",GA,11259,DAL,"Dallas, TX",TX,0620,0620,0.00,0745,0736,-9.00,0.00,0.00,-1,0700-0759,0.00,,0.00,145.00,136.00,118.00,721.00,,,,,
7,1/25/2026 12:00:00 AM,OO,20304,N612UX,4739,13930,ORD,"Chicago, IL",IL,11884,GEG,"Spokane, WA",WA,0916,0915,-1.00,1139,1148,9.00,9.00,0.00,0,1100-1159,0.00,,0.00,263.00,273.00,208.00,1498.00,,,,,
1,1/5/2026 12:00:00 AM,F9,20436,N383FR,3288,10397,ATL,"Atlanta, GA",GA,12953,LGA,"New York, NY",NY,2057,2138,41.00,2314,2344,30.00,30.00,1.00,2,2300-2359,0.00,,0.00,137.00,126.00,103.00,762.00,8.00,0.00,0.00,0.00,22.00
7,1/18/2026 12:00:00 AM,DL,19790,N366DX,323,10397,ATL,"Atlanta, GA",GA,12953,LGA,"New York, NY",NY,0730,0726,-4.00,0947,0920,-27.00,0.00,0.00,-2,0900-0959,0.00,,0.00,137.00,114.00,90.00,762.00,,,,,
5,1/16/2026 12:00:00 AM,DL,19790,N555NW,722,12889,LAS,"Las Vegas, NV",NV,10397,ATL,"Atlanta, GA",GA,2315,2336,21.00,0555,0608,13.00,13.00,0.00,0,0001-0559,0.00,,0.00,220.00,212.00,189.00,1747.00,,,,,
4,1/29/2026 12:00:00 AM,WN,19393,N1810U,2336,14869,SLC,"Salt Lake City, UT",UT,12892,LAX,"Los Angeles, CA",CA,1625,1626,1.00,1730,1705,-25.00,0.00,0.00,-2,1700-1759,0.00,,0.00,125.00,99.00,81.00,590.00,,,,,
7,1/11/2026 12:00:00 AM,WN,19393,N8918Q,1926,10821,BWI,"Baltimore, MD",MD,12191,HOU,"Houston, TX",TX,0615,0608,-7.00,0910,0904,-6.00,0.00,0.00,-1,0900-0959,0.00,,0.00,235.00,236.00,215.00,1246.00,,,,,
5,1/30/2026 12:00:00 AM,YX,20452,N878RW,5745,12953,LGA,"New York, NY",NY,10721,BOS,"Boston, MA",MA,1100,1052,-8.00,1223,1206,-17.00,0.00,0.00,-2,1200-1259,0.00,,0.00,83.00,74.00,40.00,184.00,,,,,
5,1/23/2026 12:00:00 AM,WN,19393,N7702A,1396,14893,SMF,"Sacramento, CA",CA,14679,SAN,"San Diego, CA",CA,1400,1513,73.00,1530,1657,87.00,87.00,1.00,5,1500-1559,0.00,,0.00,90.00,104.00,70.00,480.00,73.00,0.00,14.00,0.00,0.00
6,1/3/2026 12:00:00 AM,G4,20368,815NV,1192,14761,SFB,"Sanford, FL",FL,10257,ALB,"Albany, NY",NY,0630,0625,-5.00,0909,0905,-4.00,0.00,0.00,-1,0900-0959,0.00,,0.00,159.00,160.00,142.00,1049.00,,,,,
1,1/12/2026 12:00:00 AM,WN,19393,N8957Q,2294,12892,LAX,"Los Angeles, CA",CA,10821,BWI,"Baltimore, MD",MD,2155,2153,-2.00,0545,0555,10.00,10.00,0.00,0,0001-0559,0.00,,0.00,290.00,302.00,287.00,2329.00,,,,,
2,1/13/2026 12:00:00 AM,UA,19977,N14118,2248,14771,SFO,"San Francisco, CA",CA,11618,EWR,"Newark, NJ",NJ,1445,1440,-5.00,2313,2256,-17.00,0.00,0.00,-2,2300-2359,0.00,,0.00,328.00,316.00,288.00,2565.00,,,,,
1,1/19/2026 12:00:00 AM,WN,19393,N8821S,1035,11278,DCA,"Washington, DC",VA,13495,MSY,"New Orleans, LA",LA,2000,2125,85.00,2205,2325,80.00,80.00,1.00,5,2200-2259,0.00,,0.00,185.00,180.00,160.00,969.00,0.00,0.00,0.00,0.00,80.00
1,1/5/2026 12:00:00 AM,G4,20368,817NV,1295,14761,SFB,"Sanford, FL",FL,12917,LCK,"Columbus, OH",OH,0610,0601,-9.00,0815,0814,-1.00,0.00,0.00,-1,0800-0859,0.00,,0.00,125.00,133.00,115.00,767.00,,,,,
1,1/5/2026 12:00:00 AM,WN,19393,N458WN,1356,14679,SAN,"San Diego, CA",CA,14893,SMF,"Sacramento, CA",CA,1630,1621,-9.00,1810,1753,-17.00,0.00,0.00,-2,1800-1859,0.00,,0.00,100.00,92.00,74.00,480.00,,,,,
5,1/23/2026 12:00:00 AM,UA,19977,N47357,1636,14262,PSP,"Palm Springs, CA",CA,14771,SFO,"San Francisco, CA",CA,1343,1438,55.00,1535,1607,32.00,32.00,1.00,2,1500-1559,0.00,,0.00,112.00,89.00,71.00,421.00,3.00,0.00,0.00,0.00,29.00
7,1/4/2026 12:00:00 AM,MQ,20398,N336TS,4191,10713,BOI,"Boise, ID",ID,14107,PHX,"Phoenix, AZ",AZ,1723,1809,46.00,1933,2028,55.00,55.00,1.00,3,1900-1959,0.00,,0.00,130.00,139.00,113.00,735.00,5.00,0.00,9.00,0.00,41.00
1,1/12/2026 12:00:00 AM,DL,19790,N807DN,442,11433,DTW,"Detroit, MI",MI,14771,SFO,"San Francisco, CA",CA,1620,1620,0.00,1838,1806,-32.00,0.00,0.00,-2,1800-1859,0.00,,0.00,318.00,286.00,259.00,2079.00,,,,,
7,1/4/2026 12:00:00 AM,UA,19977,N17421,2309,11292,DEN,"Denver, CO",CO,14679,SAN,"San Diego, CA",CA,0805,0803,-2.00,0939,0930,-9.00,0.00,0.00,-1,0900-0959,0.00,,0.00,154.00,147.00,126.00,853.00,,,,,
2,1/20/2026 12:00:00 AM,WN,19393,N556WN,1817,10140,ABQ,"Albuquerque, NM",NM,14107,PHX,"Phoenix, AZ",AZ,1035,1024,-11.00,1205,1134,-31.00,0.00,0.00,-2,1200-1259,0.00,,0.00,90.00,70.00,56.00,328.00,,,,,
2,1/13/2026 12:00:00 AM,AS,19930,N488AS,1011,12402,ITO,"Hilo, HI",HI,12173,HNL,"Honolulu, HI",HI,0735,0745,10.00,0832,0839,7.00,7.00,0.00,0,0800-0859,0.00,,0.00,57.00,54.00,39.00,216.00,,,,,
2,1/20/2026 12:00:00 AM,DL,19790,N959DZ,1348,10397,ATL,"Atlanta, GA",GA,14524,RIC,"Richmond, VA",VA,1706,1703,-3.00,1835,1827,-8.00,0.00,0.00,-1,1800-1859,0.00,,0.00,89.00,84.00,62.00,481.00,,,,,
4,1/15/2026 12:00:00 AM,WN,19393,N910WN,575,15016,STL,"St. Louis, MO",MO,13487,MSP,"Minneapolis, MN",MN,2045,2045,0.00,2220,2207,-13.00,0.00,0.00,-1,2200-2259,0.00,,0.00,95.00,82.00,70.00,448.00,,,,,
6,1/3/2026 12:00:00 AM,WN,19393,N8763L,2827,14683,SAT,"San Antonio, TX",TX,13232,MDW,"Chicago, IL",IL,0605,0605,0.00,0840,0839,-1.00,0.00,0.00,-1,0800-0859,0.00,,0.00,155.00,154.00,136.00,1036.00,,,,,
7,1/4/2026 12:00:00 AM,AA,19805,N980UY,2335,10140,ABQ,"Albuquerque, NM",NM,11298,DFW,"Dallas/Fort Worth, TX",TX,0600,0609,9.00,0904,0846,-18.00,0.00,0.00,-2,0900-0959,0.00,,0.00,124.00,97.00,73.00,569.00,,,,,
5,1/16/2026 12:00:00 AM,WN,19393,N8613K,1530,10423,AUS,"Austin, TX",TX,11292,DEN,"Denver, CO",CO,1050,1105,15.00,1210,1227,17.00,17.00,1.00,1,1200-1259,0.00,,0.00,140.00,142.00,121.00,775.00,7.00,0.00,2.00,0.00,8.00
6,1/24/2026 12:00:00 AM,AA,19805,N967AN,3155,11057,CLT,"Charlotte, NC",NC,12323,ILM,"Wilmington, NC",NC,2225,,,2325,,,,,,2300-2359,1.00,B,0.00,60.00,,,185.00,,,,,
4,1/29/2026 12:00:00 AM,UA,19977,N35204,586,13303,MIA,"Miami, FL",FL,11292,DEN,"Denver, CO",CO,0715,0743,28.00,0957,1013,16.00,16.00,1.00,1,0900-0959,0.00,,0.00,282.00,270.00,252.00,1709.00,16.00,0.00,0.00,0.00,0.00
7,1/4/2026 12:00:00 AM,B6,20409,N3276J,216,10792,BUF,"Buffalo, NY",NY,10721,BOS,"Boston, MA",MA,0902,0858,-4.00,1026,1027,1.00,1.00,0.00,0,1000-1059,0.00,,0.00,84.00,89.00,57.00,395.00,,,,,
5,1/2/2026 12:00:00 AM,AA,19805,N992AU,2853,13204,MCO,"Orlando, FL",FL,11057,CLT,"Charlotte, NC",NC,1625,1956,211.00,1814,2140,206.00,206.00,1.00,12,1800-1859,0.00,,0.00,109.00,104.00,77.00,468.00,0.00,0.00,0.00,0.00,206.00
3,1/21/2026 12:00:00 AM,OO,20304,N626SY,5480,10372,ASE,"Aspen, CO",CO,14771,SFO,"San Francisco, CA",CA,1927,1919,-8.00,2120,2050,-30.00,0.00,0.00,-2,2100-2159,0.00,,0.00,173.00,151.00,121.00,848.00,,,,,
6,1/17/2026 12:00:00 AM,OO,20304,N626SY,4647,10372,ASE,"Aspen, CO",CO,11292,DEN,"Denver, CO",CO,1035,1028,-7.00,1203,1145,-18.00,0.00,0.00,-2,1200-1259,0.00,,0.00,88.00,77.00,31.00,125.00,,,,,
3,1/14/2026 12:00:00 AM,G4,20368,295NV,2265,10466,AZA,"Phoenix, AZ",AZ,11898,GFK,"Grand Forks, ND",ND,0900,0914,14.00,1308,1341,33.00,33.00,1.00,2,1300-1359,0.00,,0.00,188.00,207.00,190.00,1260.00,14.00,0.00,19.00,0.00,0.00
6,1/10/2026 12:00:00 AM,AA,19805,N563UW,1171,13303,MIA,"Miami, FL",FL,12953,LGA,"New York, NY",NY,1931,2024,53.00,2230,2303,33.00,33.00,1.00,2,2200-2259,0.00,,0.00,179.00,159.00,130.00,1096.00,4.00,0.00,0.00,0.00,29.00
5,1/16/2026 12:00:00 AM,DL,19790,N365NW,1027,10397,ATL,"Atlanta, GA",GA,10785,BTV,"Burlington, VT",VT,2125,2124,-1.00,2355,2333,-22.00,0.00,0.00,-2,2300-2359,0.00,,0.00,150.00,129.00,109.00,961.00,,,,,
5,1/23/2026 12:00:00 AM,WN,19393,N7854B,2708,13232,MDW,"Chicago, IL",IL,12953,LGA,"New York, NY",NY,1030,1021,-9.00,1330,1306,-24.00,0.00,0.00,-2,1300-1359,0.00,,0.00,120.00,105.00,87.00,725.00,,,,,
7,1/25/2026 12:00:00 AM,AA,19805,N922US,2101,13487,MSP,"Minneapolis, MN",MN,13303,MIA,"Miami, FL",FL,0600,0607,7.00,1107,1120,13.00,13.00,0.00,0,1100-1159,0.00,,0.00,247.00,253.00,198.00,1501.00,,,,,
1,1/19/2026 12:00:00 AM,DL,19790,N337NB,2576,11278,DCA,"Washington, DC",VA,13303,MIA,"Miami, FL",FL,1430,1449,19.00,1728,1738,10.00,10.00,0.00,0,1700-1759,0.00,,0.00,178.00,169.00,145.00,919.00,,,,,
5,1/23/2026 12:00:00 AM,AS,19930,N296AK,305,14747,SEA,"Seattle, WA",WA,13303,MIA,"Miami, FL",FL,0844,0855,11.00,1734,1744,10.00,10.00,0.00,0,1700-1759,0.00,,0.00,350.00,349.00,299.00,2724.00,,,,,
3,1/7/2026 12:00:00 AM,DL,19790,N127DN,2834,12889,LAS,"Las Vegas, NV",NV,13487,MSP,"Minneapolis, MN",MN,1835,1824,-11.00,2346,2313,-33.00,0.00,0.00,-2,2300-2359,0.00,,0.00,191.00,169.00,147.00,1299.00,,,,,
4,1/15/2026 12:00:00 AM,OO,20304,N471CA,5035,11292,DEN,"Denver, CO",CO,12888,LAR,"Laramie, WY",WY,0800,0751,-9.00,0905,0854,-11.00,0.00,0.00,-1,0900-0959,0.00,,0.00,65.00,63.00,34.00,113.00,,,,,
1,1/5/2026 12:00:00 AM,WN,19393,N8711Q,1931,10140,ABQ,"Albuquerque, NM",NM,12191,HOU,"Houston, TX",TX,1145,1138,-7.00,1450,1432,-18.00,0.00,0.00,-2,1400-1459,0.00,,0.00,125.00,114.00,97.00,759.00,,,,,
6,1/10/2026 12:00:00 AM,WN,19393,N8949Q,3337,14576,ROC,"Rochester, NY",NY,10821,BWI,"Baltimore, MD",MD,0550,0549,-1.00,0720,0702,-18.00,0.00,0.00,-2,0700-0759,0.00,,0.00,90.00,73.00,56.00,277.00,,,,,
1,1/5/2026 12:00:00 AM,WN,19393,N8633A,1300,10693,BNA,"Nashville, TN",TN,14635,RSW,"Fort Myers, FL",FL,0740,0730,-10.00,1050,1324,,,,,1000-1059,0.00,,1.00,130.00,,,722.00,,,,,
1,1/26/2026 12:00:00 AM,UA,19977,N16701,2333,10994,CHS,"Charleston, SC",SC,13930,ORD,"Chicago, IL",IL,0605,0558,-7.00,0734,0740,6.00,6.00,0.00,0,0700-0759,0.00,,0.00,149.00,162.00,112.00,760.00,,,,,
5,1/16/2026 12:00:00 AM,WN,19393,N8512U,3493,14747,SEA,"Seattle, WA",WA,14831,SJC,"San Jose, CA",CA,1920,2038,78.00,2130,2236,66.00,66.00,1.00,4,2100-2159,0.00,,0.00,130.00,118.00,102.00,696.00,6.00,0.00,0.00,0.00,60.00
7,1/25/2026 12:00:00 AM,DL,19790,N318NB,2389,10257,ALB,"Albany, NY",NY,10397,ATL,"Atlanta, GA",GA,1745,,,2050,,,,,,2000-2059,1.00,B,0.00,185.00,,,853.00,,,,,
1,1/19/2026 12:00:00 AM,WN,19393,N206WN,2131,10821,BWI,"Baltimore, MD",MD,10529,BDL,"Hartford, CT",CT,1335,1331,-4.00,1450,1434,-16.00,0.00,0.00,-2,1400-1459,0.00,,0.00,75.00,63.00,46.00,283.00,,,,,
7,1/4/2026 12:00:00 AM,AS,19930,N814AK,598,12173,HNL,"Honolulu, HI",HI,14679,SAN,"San Diego, CA",CA,2328,2348,20.00,0705,0712,7.00,7.00,0.00,0,0700-0759,0.00,,0.00,337.00,324.00,305.00,2614.00,,,,,
4,1/29/2026 12:00:00 AM,NK,20416,N731NK,301,11433,DTW,"Detroit, MI",MI,12892,LAX,"Los Angeles, CA",CA,1128,1127,-1.00,1341,1312,-29.00,0.00,0.00,-2,1300-1359,0.00,,0.00,313.00,285.00,266.00,1979.00,,,,,
7,1/11/2026 12:00:00 AM,OO,20304,N290SY,3620,14869,SLC,"Salt Lake City, UT",UT,15919,XNA,"Fayetteville, AR",AR,1330,1321,-9.00,1707,1653,-14.00,0.00,0.00,-1,1700-1759,0.00,,0.00,157.00,152.00,129.00,1004.00,,,,,
6,1/31/2026 12:00:00 AM,AA,19805,N898NN,2471,11057,CLT,"Charlotte, NC",NC,10423,AUS,"Austin, TX",TX,1200,,,1413,,,,,,1400-1459,1.00,B,0.00,193.00,,,1032.00,,,,,
5,1/16/2026 12:00:00 AM,AA,19805,N452AN,1954,14679,SAN,"San Diego, CA",CA,11057,CLT,"Charlotte, NC",NC,1240,1234,-6.00,2020,2023,3.00,3.00,0.00,0,2000-2059,0.00,,0.00,280.00,289.00,222.00,2077.00,,,,,
7,1/18/2026 12:00:00 AM,AA,19805,N944AN,2662,11057,CLT,"Charlotte, NC",NC,15370,TUL,"Tulsa, OK",OK,1755,1815,20.00,1943,1953,10.00,10.00,0.00,0,1900-1959,0.00,,0.00,168.00,158.00,136.00,842.00,,,,,
7,1/11/2026 12:00:00 AM,WN,19393,N8769Q,4330,11292,DEN,"Denver, CO",CO,12264,IAD,"Washington, DC",VA,1045,1043,-2.00,1600,1604,4.00,4.00,0.00,0,1600-1659,0.00,,0.00,195.00,201.00,181.00,1452.00,,,,,
3,1/14/2026 12:00:00 AM,AA,19805,N458AL,1147,14679,SAN,"San Diego, CA",CA,14100,PHL,"Philadelphia, PA",PA,1130,1128,-2.00,1937,2004,27.00,27.00,1.00,1,1900-1959,0.00,,0.00,307.00,336.00,299.00,2370.00,0.00,0.00,27.00,0.00,0.00
4,1/15/2026 12:00:00 AM,AA,19805,N991AN,3279,11298,DFW,"Dallas/Fort Worth, TX",TX,12953,LGA,"New York, NY",NY,1245,1242,-3.00,1700,1706,6.00,6.00,0.00,0,1700-1759,0.00,,0.00,195.00,204.00,181.00,1389.00,,,,,
2,1/13/2026 12:00:00 AM,UA,19977,N57855,2380,14771,SFO,"San Francisco, CA",CA,12173,HNL,"Honolulu, HI",HI,1110,1108,-2.00,1510,1452,-18.00,0.00,0.00,-2,1500-1559,0.00,,0.00,360.00,344.00,311.00,2398.00,,,,,
1,1/19/2026 12:00:00 AM,YX,20452,N736YX,3546,11618,EWR,"Newark, NJ",NJ,11057,CLT,"Charlotte, NC",NC,0650,0645,-5.00,0905,0905,0.00,0.00,0.00,0,0900-0959,0.00,,0.00,135.00,140.00,102.00,529.00,,,,,
1,1/26/2026 12:00:00 AM,OO,20304,N162SY,5705,14771,SFO,"San Francisco, CA",CA,14262,PSP,"Palm Springs, CA",CA,1900,1854,-6.00,2043,2028,-15.00,0.00,0.00,-1,2000-2059,0.00,,0.00,103.00,94.00,66.00,421.00,,,,,
1,1/12/2026 12:00:00 AM,UA,19977,N33284,2368,15376,TUS,"Tucson, AZ",AZ,11292,DEN,"Denver, CO",CO,0630,0627,-3.00,0829,0819,-10.00,0.00,0.00,-1,0800-0859,0.00,,0.00,119.00,112.00,93.00,639.00,,,,,
2,1/20/2026 12:00:00 AM,AA,19805,N463AA,2779,12478,JFK,"New York, NY",NY,13303,MIA,"Miami, FL",FL,1459,1450,-9.00,1828,1830,2.00,2.00,0.00,0,1800-1859,0.00,,0.00,209.00,220.00,167.00,1089.00,,,,,
4,1/8/2026 12:00:00 AM,OO,20304,N791SK,5297,13029,LNK,"Lincoln, NE",NE,13930,ORD,"Chicago, IL",IL,1513,1504,-9.00,1710,1742,32.00,32.00,1.00,2,1700-1759,0.00,,0.00,117.00,158.00,98.00,466.00,32.00,0.00,0.00,0.00,0.00
4,1/1/2026 12:00:00 AM,OO,20304,N139SY,5780,13244,MEM,"Memphis, TN",TN,13930,ORD,"Chicago, IL",IL,1448,1452,4.00,1651,1722,31.00,31.00,1.00,2,1600-1659,0.00,,0.00,123.00,150.00,90.00,491.00,4.00,0.00,27.00,0.00,0.00
2,1/27/2026 12:00:00 AM,AS,19930,N614AS,64,12523,JNU,"Juneau, AK",AK,14256,PSG,"Petersburg, AK",AK,1332,1649,197.00,1421,1734,193.00,193.00,1.00,12,1400-1459,0.00,,0.00,49.00,45.00,28.00,123.00,0.00,0.00,0.00,0.00,193.00
7,1/25/2026 12:00:00 AM,WN,19393,N447WN,2424,13796,OAK,"Oakland, CA",CA,14679,SAN,"San Diego, CA",CA,1730,1730,0.00,1900,1853,-7.00,0.00,0.00,-1,1900-1959,0.00,,0.00,90.00,83.00,67.00,446.00,,,,,
2,1/13/2026 12:00:00 AM,WN,19393,N932WN,4984,14730,SDF,"Louisville, KY",KY,11292,DEN,"Denver, CO",CO,0600,0547,-13.00,0715,0635,-40.00,0.00,0.00,-2,0700-0759,0.00,,0.00,195.00,168.00,152.00,1024.00,,,,,
2,1/20/2026 12:00:00 AM,AA,19805,N991AN,1650,13303,MIA,"Miami, FL",FL,14730,SDF,"Louisville, KY",KY,2112,2106,-6.00,2359,2341,-18.00,0.00,0.00,-2,2300-2359,0.00,,0.00,167.00,155.00,128.00,910.00,,,,,
1,1/5/2026 12:00:00 AM,F9,20436,N307FR,4158,14771,SFO,"San Francisco, CA",CA,12889,LAS,"Las Vegas, NV",NV,0859,0920,21.00,1039,1120,41.00,41.00,1.00,2,1000-1059,0.00,,0.00,100.00,120.00,75.00,414.00,21.00,0.00,20.00,0.00,0.00
3,1/14/2026 12:00:00 AM,WN,19393,N919WN,2055,12191,HOU,"Houston, TX",TX,13851,OKC,"Oklahoma City, OK",OK,0905,0856,-9.00,1035,1041,6.00,6.00,0.00,0,1000-1059,0.00,,0.00,90.00,105.00,66.00,419.00,,,,,
5,1/30/2026 12:00:00 AM,DL,19790,N686DA,1457,10397,ATL,"Atlanta, GA",GA,15304,TPA,"Tampa, FL",FL,1910,,,2036,,,,,,2000-2059,1.00,A,0.00,86.00,,,406.00,,,,,
4,1/8/2026 12:00:00 AM,AA,19805,N359PX,2587,11298,DFW,"Dallas/Fort Worth, TX",TX,14122,PIT,"Pittsburgh, PA",PA,1130,1200,30.00,1505,1526,21.00,21.00,1.00,1,1500-1559,0.00,,0.00,155.00,146.00,122.00,1067.00,5.00,0.00,0.00,0.00,16.00
2,1/13/2026 12:00:00 AM,AA,19805,N305UG,2836,11278,DCA,"Washington, DC",VA,13303,MIA,"Miami, FL",FL,1758,1751,-7.00,2102,2034,-28.00,0.00,0.00,-2,2100-2159,0.00,,0.00,184.00,163.00,136.00,919.00,,,,,
4,1/15/2026 12:00:00 AM,MQ,20398,N743MB,4006,11298,DFW,"Dallas/Fort Worth, TX",TX,11905,GGG,"Longview, TX",TX,2150,2145,-5.00,2245,2241,-4.00,0.00,0.00,-1,2200-2259,0.00,,0.00,55.00,56.00,27.00,140.00,,,,,
7,1/4/2026 12:00:00 AM,OO,20304,N302SY,3961,11823,FWA,"Fort Wayne, IN",IN,11433,DTW,"Detroit, MI",MI,0815,0856,41.00,0919,1009,50.00,50.00,1.00,3,0900-0959,0.00,,0.00,64.00,73.00,32.00,128.00,41.00,0.00,9.00,0.00,0.00
7,1/4/2026 12:00:00 AM,AS,19930,N644AS,588,14057,PDX,"Portland, OR",OR,14908,SNA,"Santa Ana, CA",CA,1040,1039,-1.00,1312,1322,10.00,10.00,0.00,0,1300-1359,0.00,,0.00,152.00,163.00,135.00,859.00,,,,,
5,1/23/2026 12:00:00 AM,OO,20304,N506CA,5502,13342,MKE,"Milwaukee, WI",WI,13930,ORD,"Chicago, IL",IL,1520,1902,222.00,1633,2009,216.00,216.00,1.00,12,1600-1659,0.00,,0.00,73.00,67.00,24.00,67.00,216.00,0.00,0.00,0.00,0.00
7,1/11/2026 12:00:00 AM,AA,19805,N561UW,2511,13303,MIA,"Miami, FL",FL,11298,DFW,"Dallas/Fort Worth, TX",TX,1554,1602,8.00,1828,1810,-18.00,0.00,0.00,-2,1800-1859,0.00,,0.00,214.00,188.00,156.00,1121.00,,,,,
6,1/17/2026 12:00:00 AM,WN,19393,N8539V,2629,13204,MCO,"Orlando, FL",FL,14893,SMF,"Sacramento, CA",CA,1310,1336,26.00,1615,1618,3.00,3.00,0.00,0,1600-1659,0.00,,0.00,365.00,342.00,322.00,2408.00,,,,,
1,1/5/2026 12:00:00 AM,WN,19393,N283WN,40,12191,HOU,"Houston, TX",TX,11259,DAL,"Dallas, TX",TX,1600,1607,7.00,1710,1710,0.00,0.00,0.00,0,1700-1759,0.00,,0.00,70.00,63.00,47.00,239.00,,,,,
7,1/25/2026 12:00:00 AM,AA,19805,N802NN,1252,13303,MIA,"Miami, FL",FL,11278,DCA,"Washington, DC",VA,0626,,,0900,,,,,,0900-0959,1.00,B,0.00,154.00,,,919.00,,,,,
2,1/6/2026 12:00:00 AM,YX,20452,N233JQ,5675,11066,CMH,"Columbus, OH",OH,12953,LGA,"New York, NY",NY,1704,1704,0.00,1857,1832,-25.00,0.00,0.00,-2,1800-1859,0.00,,0.00,113.00,88.00,68.00,479.00,,,,,
2,1/6/2026 12:00:00 AM,WN,19393,N8922Q,702,10721,BOS,"Boston, MA",MA,15016,STL,"St. Louis, MO",MO,0625,0621,-4.00,0845,0851,6.00,6.00,0.00,0,0800-0859,0.00,,0.00,200.00,210.00,177.00,1047.00,,,,,
3,1/28/2026 12:00:00 AM,WN,19393,N8563Z,2707,10397,ATL,"Atlanta, GA",GA,13232,MDW,"Chicago, IL",IL,1545,1552,7.00,1640,1650,10.00,10.00,0.00,0,1600-1659,0.00,,0.00,115.00,118.00,101.00,591.00,,,,,
1,1/19/2026 12:00:00 AM,MQ,20398,N240NN,4111,13303,MIA,"Miami, FL",FL,15304,TPA,"Tampa, FL",FL,1843,1840,-3.00,1954,1945,-9.00,0.00,0.00,-1,1900-1959,0.00,,0.00,71.00,65.00,37.00,204.00,,,,,
6,1/31/2026 12:00:00 AM,B6,20409,N534JB,598,13204,MCO,"Orlando, FL",FL,12953,LGA,"New York, NY",NY,0820,0811,-9.00,1058,1030,-28.00,0.00,0.00,-2,1000-1059,0.00,,0.00,158.00,139.00,112.00,950.00,,,,,
4,1/29/2026 12:00:00 AM,B6,20409,N3221J,1154,11278,DCA,"Washington, DC",VA,10721,BOS,"Boston, MA",MA,0700,,,0830,,,,,,0800-0859,1.00,B,0.00,90.00,,,399.00,,,,,
3,1/14/2026 12:00:00 AM,WN,19393,N8310C,701,10721,BOS,"Boston, MA",MA,13232,MDW,"Chicago, IL",IL,1440,1434,-6.00,1630,1605,-25.00,0.00,0.00,-2,1600-1659,0.00,,0.00,170.00,151.00,135.00,861.00,,,,,
5,1/9/2026 12:00:00 AM,MQ,20398,N236NN,3942,12992,LIT,"Little Rock, AR",AR,11298,DFW,"Dallas/Fort Worth, TX",TX,1646,1735,49.00,1820,1927,67.00,67.00,1.00,4,1800-1859,0.00,,0.00,94.00,112.00,68.00,304.00,1.00,0.00,18.00,0.00,48.00
3,1/21/2026 12:00:00 AM,UA,19977,N17431,569,11618,EWR,"Newark, NJ",NJ,10732,BQN,"Aguadilla, PR",PR,1900,1859,-1.00,2357,2353,-4.00,0.00,0.00,-1,2300-2359,0.00,,0.00,237.00,234.00,204.00,1585.00,,,,,
4,1/22/2026 12:00:00 AM,OH,20397,N614NN,5604,11057,CLT,"Charlotte, NC",NC,14783,SGF,"Springfield, MO",MO,1039,1031,-8.00,1215,1210,-5.00,0.00,0.00,-1,1200-1259,0.00,,0.00,156.00,159.00,118.00,708.00,,,,,
3,1/14/2026 12:00:00 AM,F9,20436,N376FR,3273,10821,BWI,"Baltimore, MD",MD,13204,MCO,"Orlando, FL",FL,0800,0757,-3.00,1036,1027,-9.00,0.00,0.00,-1,1000-1059,0.00,,0.00,156.00,150.00,126.00,787.00,,,,,
5,1/23/2026 12:00:00 AM,DL,19790,N321DU,1198,14869,SLC,"Salt Lake City, UT",UT,14908,SNA,"Santa Ana, CA",CA,0745,0850,65.00,0853,0933,40.00,40.00,1.00,2,0800-0859,0.00,,0.00,128.00,103.00,87.00,588.00,40.00,0.00,0.00,0.00,0.00
2,1/13/2026 12:00:00 AM,UA,19977,N39475,1159,12264,IAD,"Washington, DC",VA,14747,SEA,"Seattle, WA",WA,1755,1745,-10.00,2057,2027,-30.00,0.00,0.00,-2,2000-2059,0.00,,0.00,362.00,342.00,317.00,2305.00,,,,,
4,1/29/2026 12:00:00 AM,DL,19790,N936AT,3047,10397,ATL,"Atlanta, GA",GA,13577,MYR,"Myrtle Beach, SC",SC,0830,0828,-2.00,0946,0931,-15.00,0.00,0.00,-1,0900-0959,0.00,,0.00,76.00,63.00,50.00,317.00,,,,,
1,1/5/2026 12:00:00 AM,OO,20304,N277SY,4078,12889,LAS,"Las Vegas, NV",NV,14908,SNA,"Santa Ana, CA",CA,0800,0755,-5.00,0916,0904,-12.00,0.00,0.00,-1,0900-0959,0.00,,0.00,76.00,69.00,45.00,226.00,,,,,
3,1/21/2026 12:00:00 AM,MQ,20398,N743MB,3469,11423,DSM,"Des Moines, IA",IA,13930,ORD,"Chicago, IL",IL,1142,1147,5.00,1318,1307,-11.00,0.00,0.00,-1,1300-1359,0.00,,0.00,96.00,80.00,54.00,299.00,,,,,
6,1/24/2026 12:00:00 AM,DL,19790,N948AT,2306,10397,ATL,"Atlanta, GA",GA,11423,DSM,"Des Moines, IA",IA,2115,2110,-5.00,2229,2217,-12.00,0.00,0.00,-1,2200-2259,0.00,,0.00,134.00,127.00,111.00,743.00,,,,,
6,1/31/2026 12:00:00 AM,UA,19977,N17122,2416,14771,SFO,"San Francisco, CA",CA,11618,EWR,"Newark, NJ",NJ,2355,0001,6.00,0827,0820,-7.00,0.00,0.00,-1,0800-0859,0.00,,0.00,332.00,319.00,296.00,2565.00,,,,,
4,1/29/2026 12:00:00 AM,F9,20436,N719FR,3452,11042,CLE,"Cleveland, OH",OH,11697,FLL,"Fort Lauderdale, FL",FL,1544,1556,12.00,1840,1848,8.00,8.00,0.00,0,1800-1859,0.00,,0.00,176.00,172.00,138.00,1062.00,,,,,
1,1/26/2026 12:00:00 AM,UA,19977,N27539,693,12758,KOA,"Kona, HI",HI,14771,SFO,"San Francisco, CA",CA,1559,1552,-7.00,2315,2248,-27.00,0.00,0.00,-2,2300-2359,0.00,,0.00,316.00,296.00,274.00,2368.00,,,,,
4,1/15/2026 12:00:00 AM,OO,20304,N322SY,3806,14869,SLC,"Salt Lake City, UT",UT,13264,MFR,"Medford, OR",OR,1117,1209,52.00,1225,1328,63.00,63.00,1.00,4,1200-1259,0.00,,0.00,128.00,139.00,112.00,575.00,0.00,0.00,63.00,0.00,0.00
5,1/30/2026 12:00:00 AM,B6,20409,N705JB,821,10721,BOS,"Boston, MA",MA,14027,PBI,"West Palm Beach/Palm Beach, FL",FL,0700,0809,69.00,1030,1147,77.00,77.00,1.00,5,1000-1059,0.00,,0.00,210.00,218.00,193.00,1197.00,0.00,69.00,8.00,0.00,0.00
7,1/11/2026 12:00:00 AM,AA,19805,N856NN,913,13871,OMA,"Omaha, NE",NE,11298,DFW,"Dallas/Fort Worth, TX",TX,1740,1747,7.00,1954,1943,-11.00,0.00,0.00,-1,1900-1959,0.00,,0.00,134.00,116.00,90.00,583.00,,,,,
1,1/12/2026 12:00:00 AM,UA,19977,N34460,1791,14679,SAN,"San Diego, CA",CA,12892,LAX,"Los Angeles, CA",CA,0615,0617,2.00,0717,0709,-8.00,0.00,0.00,-1,0700-0759,0.00,,0.00,62.00,52.00,25.00,109.00,,,,,
2,1/20/2026 12:00:00 AM,DL,19790,N356NW,411,14986,SRQ,"Sarasota/Bradenton, FL",FL,11433,DTW,"Detroit, MI",MI,1404,1358,-6.00,1659,1648,-11.00,0.00,0.00,-1,1600-1659,0.00,,0.00,175.00,170.00,140.00,1022.00,,,,,
5,1/9/2026 12:00:00 AM,UA,19977,N45440,682,14679,SAN,"San Diego, CA",CA,11292,DEN,"Denver, CO",CO,1610,1600,-10.00,1940,1933,-7.00,0.00,0.00,-1,1900-1959,0.00,,0.00,150.00,153.00,126.00,853.00,,,,,
6,1/24/2026 12:00:00 AM,DL,19790,N963AT,1429,11433,DTW,"Detroit, MI",MI,11057,CLT,"Charlotte, NC",NC,1415,1523,68.00,1605,1700,55.00,55.00,1.00,3,1600-1659,0.00,,0.00,110.00,97.00,78.00,500.00,55.00,0.00,0.00,0.00,0.00
4,1/22/2026 12:00:00 AM,NK,20416,N617NK,254,11618,EWR,"Newark, NJ",NJ,14492,RDU,"Raleigh/Durham, NC",NC,1619,1643,24.00,1801,1816,15.00,15.00,1.00,1,1800-1859,0.00,,0.00,102.00,93.00,76.00,416.00,15.00,0.00,0.00,0.00,0.00
4,1/22/2026 12:00:00 AM,WN,19393,N226WN,2230,12191,HOU,"Houston, TX",TX,12953,LGA,"New York, NY",NY,0700,0653,-7.00,1120,1106,-14.00,0.00,0.00,-1,1100-1159,0.00,,0.00,200.00,193.00,164.00,1428.00,,,,,
5,1/16/2026 12:00:00 AM,DL,19790,N328DN,1682,12266,IAH,"Houston, TX",TX,10397,ATL,"Atlanta, GA",GA,1355,1434,39.00,1649,1717,28.00,28.00,1.00,1,1600-1659,0.00,,0.00,114.00,103.00,86.00,689.00,4.00,0.00,0.00,0.00,24.00
1,1/26/2026 12:00:00 AM,DL,19790,N538DN,709,12478,JFK,"New York, NY",NY,14679,SAN,"San Diego, CA",CA,1659,1806,67.00,2022,2104,42.00,42.00,1.00,2,2000-2059,0.00,,0.00,383.00,358.00,330.00,2446.00,0.00,5.00,0.00,0.00,37.00
4,1/22/2026 12:00:00 AM,OO,20304,N679SA,5139,11292,DEN,"Denver, CO",CO,12511,JLN,"Joplin, MO",MO,2035,2024,-11.00,2330,2317,-13.00,0.00,0.00,-1,2300-2359,0.00,,0.00,115.00,113.00,78.00,582.00,,,,,
7,1/25/2026 12:00:00 AM,DL,19790,N578DN,872,13204,MCO,"Orlando, FL",FL,12478,JFK,"New York, NY",NY,0735,,,1010,,,,,,1000-1059,1.00,B,0.00,155.00,,,944.00,,,,,
1,1/26/2026 12:00:00 AM,DL,19790,N120DU,1176,10821,BWI,"Baltimore, MD",MD,14869,SLC,"Salt Lake City, UT",UT,0700,1101,241.00,1007,1456,289.00,289.00,1.00,12,1000-1059,0.00,,0.00,307.00,355.00,261.00,1865.00,241.00,0.00,48.00,0.00,0.00
3,1/14/2026 12:00:00 AM,AA,19805,N461AN,2607,13303,MIA,"Miami, FL",FL,11298,DFW,"Dallas/Fort Worth, TX",TX,0604,0559,-5.00,0838,0824,-14.00,0.00,0.00,-1,0800-0859,0.00,,0.00,214.00,205.00,175.00,1121.00,,,,,
3,1/21/2026 12:00:00 AM,DL,19790,N576DN,451,14057,PDX,"Portland, OR",OR,12478,JFK,"New York, NY",NY,0700,0659,-1.00,1527,1511,-16.00,0.00,0.00,-2,1500-1559,0.00,,0.00,327.00,312.00,268.00,2454.00,,,,,
3,1/7/2026 12:00:00 AM,AS,19930,N532AS,65,12523,JNU,"Juneau, AK",AK,10299,ANC,"Anchorage, AK",AK,1322,1335,13.00,1516,1523,7.00,7.00,0.00,0,1500-1559,0.00,,0.00,114.00,108.00,86.00,571.00,,,,,
6,1/24/2026 12:00:00 AM,DL,19790,N553NW,1587,15304,TPA,"Tampa, FL",FL,10397,ATL,"Atlanta, GA",GA,1232,1242,10.00,1410,1410,0.00,0.00,0.00,0,1400-1459,0.00,,0.00,98.00,88.00,65.00,406.00,,,,,
6,1/3/2026 12:00:00 AM,AA,19805,N722US,2855,14107,PHX,"Phoenix, AZ",AZ,11986,GRR,"Grand Rapids, MI",MI,1705,1707,2.00,2238,2233,-5.00,0.00,0.00,-1,2200-2259,0.00,,0.00,213.00,206.00,191.00,1574.00,,,,,
4,1/1/2026 12:00:00 AM,WN,19393,N8822Q,2039,13232,MDW,"Chicago, IL",IL,14057,PDX,"Portland, OR",OR,1650,1700,10.00,1920,1926,6.00,6.00,0.00,0,1900-1959,0.00,,0.00,270.00,266.00,235.00,1751.00,,,,,
5,1/9/2026 12:00:00 AM,WN,19393,N8940Q,4174,10821,BWI,"Baltimore, MD",MD,12889,LAS,"Las Vegas, NV",NV,0755,0751,-4.00,1035,1012,-23.00,0.00,0.00,-2,1000-1059,0.00,,0.00,340.00,321.00,306.00,2106.00,,,,,
2,1/13/2026 12:00:00 AM,YX,20452,N119HQ,4354,13930,ORD,"Chicago, IL",IL,13485,MSN,"Madison, WI",WI,0945,0941,-4.00,1055,1042,-13.00,0.00,0.00,-1,1000-1059,0.00,,0.00,70.00,61.00,31.00,108.00,,,,,
2,1/13/2026 12:00:00 AM,WN,19393,N8837Q,697,12889,LAS,"Las Vegas, NV",NV,11540,ELP,"El Paso, TX",TX,1940,1934,-6.00,2215,2214,-1.00,0.00,0.00,-1,2200-2259,0.00,,0.00,95.00,100.00,84.00,584.00,,,,,
1,1/12/2026 12:00:00 AM,OO,20304,N286SY,4104,14747,SEA,"Seattle, WA",WA,10849,BZN,"Bozeman, MT",MT,1136,1156,20.00,1420,1439,19.00,19.00,1.00,1,1400-1459,0.00,,0.00,104.00,103.00,73.00,543.00,19.00,0.00,0.00,0.00,0.00
1,1/12/2026 12:00:00 AM,WN,19393,N8724J,3485,14747,SEA,"Seattle, WA",WA,11292,DEN,"Denver, CO",CO,0605,0605,0.00,0940,0933,-7.00,0.00,0.00,-1,0900-0959,0.00,,0.00,155.00,148.00,125.00,1024.00,,,,,
1,1/26/2026 12:00:00 AM,DL,19790,N321DU,1614,14869,SLC,"Salt Lake City, UT",UT,13891,ONT,"Ontario, CA",CA,2304,2256,-8.00,2358,2335,-23.00,0.00,0.00,-2,2300-2359,0.00,,0.00,114.00,99.00,81.00,558.00,,,,,
5,1/23/2026 12:00:00 AM,AA,19805,N802AW,855,14107,PHX,"Phoenix, AZ",AZ,11638,FAT,"Fresno, CA",CA,0836,0834,-2.00,0924,0916,-8.00,0.00,0.00,-1,0900-0959,0.00,,0.00,108.00,102.00,81.00,493.00,,,,,
5,1/16/2026 12:00:00 AM,MQ,20398,N332JG,3640,11995,GSO,"Greensboro/High Point, NC",NC,13303,MIA,"Miami, FL",FL,0600,0557,-3.00,0815,0750,-25.00,0.00,0.00,-2,0800-0859,0.00,,0.00,135.00,113.00,97.00,710.00,,,,,
7,1/18/2026 12:00:00 AM,YX,20452,N410YX,4786,10721,BOS,"Boston, MA",MA,14730,SDF,"Louisville, KY",KY,0700,0732,32.00,1000,1028,28.00,28.00,1.00,1,1000-1059,0.00,,0.00,180.00,176.00,149.00,829.00,28.00,0.00,0.00,0.00,0.00
2,1/6/2026 12:00:00 AM,OH,20397,N636NN,5543,12264,IAD,"Washington, DC",VA,11057,CLT,"Charlotte, NC",NC,1308,1300,-8.00,1445,1425,-20.00,0.00,0.00,-2,1400-1459,0.00,,0.00,97.00,85.00,60.00,322.00,,,,,
4,1/15/2026 12:00:00 AM,NK,20416,N627NK,3006,14027,PBI,"West Palm Beach/Palm Beach, FL",FL,11618,EWR,"Newark, NJ",NJ,1155,1207,12.00,1435,1430,-5.00,0.00,0.00,-1,1400-1459,0.00,,0.00,160.00,143.00,120.00,1024.00,,,,,
6,1/17/2026 12:00:00 AM,OO,20304,N205SY,4782,12003,GTF,"Great Falls, MT",MT,11292,DEN,"Denver, CO",CO,0610,0559,-11.00,0821,0752,-29.00,0.00,0.00,-2,0800-0859,0.00,,0.00,131.00,113.00,83.00,623.00,,,,,
4,1/22/2026 12:00:00 AM,OO,20304,N409SY,3217,11884,GEG,"Spokane, WA",WA,14057,PDX,"Portland, OR",OR,1528,1527,-1.00,1650,1647,-3.00,0.00,0.00,-1,1600-1659,0.00,,0.00,82.00,80.00,57.00,279.00,,,,,
4,1/29/2026 12:00:00 AM,UA,19977,N37297,1214,14027,PBI,"West Palm Beach/Palm Beach, FL",FL,11618,EWR,"Newark, NJ",NJ,1925,1915,-10.00,2224,2208,-16.00,0.00,0.00,-2,2200-2259,0.00,,0.00,179.00,173.00,150.00,1024.00,,,,,
7,1/11/2026 12:00:00 AM,MQ,20398,N226NN,3500,11298,DFW,"Dallas/Fort Worth, TX",TX,11481,ECP,"Panama City, FL",FL,1925,1928,3.00,2119,2121,2.00,2.00,0.00,0,2100-2159,0.00,,0.00,114.00,113.00,87.00,685.00,,,,,
4,1/29/2026 12:00:00 AM,MQ,20398,N262NN,3971,11298,DFW,"Dallas/Fort Worth, TX",TX,11481,ECP,"Panama City, FL",FL,1300,1258,-2.00,1454,1450,-4.00,0.00,0.00,-1,1400-1459,0.00,,0.00,114.00,112.00,82.00,685.00,,,,,
2,1/6/2026 12:00:00 AM,AA,19805,N946NN,1061,12339,IND,"Indianapolis, IN",IN,11298,DFW,"Dallas/Fort Worth, TX",TX,0745,0739,-6.00,0937,0914,-23.00,0.00,0.00,-2,0900-0959,0.00,,0.00,172.00,155.00,126.00,761.00,,,,,
1,1/5/2026 12:00:00 AM,F9,20436,N342FR,1563,13204,MCO,"Orlando, FL",FL,10397,ATL,"Atlanta, GA",GA,0515,0631,76.00,0702,1206,,,,,0700-0759,0.00,,1.00,107.00,,,404.00,,,,,
6,1/3/2026 12:00:00 AM,AA,19805,N123UW,1965,15304,TPA,"Tampa, FL",FL,14100,PHL,"Philadelphia, PA",PA,0700,0654,-6.00,0931,0930,-1.00,0.00,0.00,-1,0900-0959,0.00,,0.00,151.00,156.00,126.00,920.00,,,,,
1,1/19/2026 12:00:00 AM,AS,19930,N812AK,524,14747,SEA,"Seattle, WA",WA,12892,LAX,"Los Angeles, CA",CA,1853,1911,18.00,2136,2136,0.00,0.00,0.00,0,2100-2159,0.00,,0.00,163.00,145.00,123.00,954.00,,,,,
2,1/6/2026 12:00:00 AM,B6,20409,N593JB,1135,15024,STT,"Charlotte Amalie, VI",VI,14843,SJU,"San Juan, PR",PR,1600,1556,-4.00,1643,1643,0.00,0.00,0.00,0,1600-1659,0.00,,0.00,43.00,47.00,20.00,68.00,,,,,
3,1/14/2026 12:00:00 AM,AA,19805,N959AN,2211,14771,SFO,"San Francisco, CA",CA,12892,LAX,"Los Angeles, CA",CA,0700,0705,5.00,0828,0830,2.00,2.00,0.00,0,0800-0859,0.00,,0.00,88.00,85.00,60.00,337.00,,,,,
4,1/1/2026 12:00:00 AM,DL,19790,N322DN,2591,13487,MSP,"Minneapolis, MN",MN,10721,BOS,"Boston, MA",MA,1555,1610,15.00,1947,1927,-20.00,0.00,0.00,-2,1900-1959,0.00,,0.00,172.00,137.00,124.00,1124.00,,,,,
3,1/7/2026 12:00:00 AM,AA,19805,N815AW,2120,11278,DCA,"Washington, DC",VA,10721,BOS,"Boston, MA",MA,2215,2214,-1.00,2343,0005,22.00,22.00,1.00,1,2300-2359,0.00,,0.00,88.00,111.00,62.00,399.00,0.00,0.00,22.00,0.00,0.00
5,1/16/2026 12:00:00 AM,OO,20304,N732SK,6378,11721,FNT,"Flint, MI",MI,13930,ORD,"Chicago, IL",IL,1926,1921,-5.00,2005,2035,30.00,30.00,1.00,2,2000-2059,0.00,,0.00,99.00,134.00,48.00,223.00,30.00,0.00,0.00,0.00,0.00
5,1/2/2026 12:00:00 AM,WN,19393,N8608N,3054,10693,BNA,"Nashville, TN",TN,11433,DTW,"Detroit, MI",MI,1300,1300,0.00,1540,1528,-12.00,0.00,0.00,-1,1500-1559,0.00,,0.00,100.00,88.00,71.00,456.00,,,,,
6,1/3/2026 12:00:00 AM,OO,20304,N192SY,3363,14831,SJC,"San Jose, CA",CA,12892,LAX,"Los Angeles, CA",CA,0615,0608,-7.00,0756,0733,-23.00,0.00,0.00,-2,0700-0759,0.00,,0.00,101.00,85.00,54.00,308.00,,,,,
4,1/1/2026 12:00:00 AM,NK,20416,N677NK,1405,12953,LGA,"New York, NY",NY,11697,FLL,"Fort Lauderdale, FL",FL,0600,0600,0.00,0912,0901,-11.00,0.00,0.00,-1,0900-0959,0.00,,0.00,192.00,181.00,145.00,1076.00,,,,,
7,1/11/2026 12:00:00 AM,AA,19805,N742PS,1424,11697,FLL,"Fort Lauderdale, FL",FL,13930,ORD,"Chicago, IL",IL,1459,1659,120.00,1727,1921,114.00,114.00,1.00,7,1700-1759,0.00,,0.00,208.00,202.00,170.00,1182.00,108.00,0.00,0.00,0.00,6.00
5,1/9/2026 12:00:00 AM,WN,19393,N8711Q,4187,11292,DEN,"Denver, CO",CO,13204,MCO,"Orlando, FL",FL,1430,1514,44.00,2000,2049,49.00,49.00,1.00,3,2000-2059,0.00,,0.00,210.00,215.00,186.00,1547.00,44.00,0.00,5.00,0.00,0.00
4,1/15/2026 12:00:00 AM,WN,19393,N8882Q,711,13891,ONT,"Ontario, CA",CA,10423,AUS,"Austin, TX",TX,1045,1037,-8.00,1525,1538,13.00,13.00,0.00,0,1500-1559,0.00,,0.00,160.00,181.00,154.00,1196.00,,,,,
1,1/12/2026 12:00:00 AM,AS,19930,N823AK,250,14057,PDX,"Portland, OR",OR,11884,GEG,"Spokane, WA",WA,1030,1023,-7.00,1138,1124,-14.00,0.00,0.00,-1,1100-1159,0.00,,0.00,68.00,61.00,46.00,279.00,,,,,
1,1/12/2026 12:00:00 AM,DL,19790,N926AT,2599,13485,MSN,"Madison, WI",WI,10397,ATL,"Atlanta, GA",GA,1706,1702,-4.00,2034,2002,-32.00,0.00,0.00,-2,2000-2059,0.00,,0.00,148.00,120.00,97.00,707.00,,,,,
6,1/17/2026 12:00:00 AM,YX,20452,N244JQ,5622,14524,RIC,"Richmond, VA",VA,10721,BOS,"Boston, MA",MA,1420,1411,-9.00,1608,1542,-26.00,0.00,0.00,-2,1600-1659,0.00,,0.00,108.00,91.00,74.00,473.00,,,,,
3,1/14/2026 12:00:00 AM,AA,19805,N169UW,2740,14635,RSW,"Fort Myers, FL",FL,11298,DFW,"Dallas/Fort Worth, TX",TX,1612,1725,73.00,1824,1938,74.00,74.00,1.00,4,1800-1859,0.00,,0.00,192.00,193.00,170.00,1017.00,0.00,0.00,1.00,0.00,73.00
2,1/27/2026 12:00:00 AM,OO,20304,N262SY,3727,14869,SLC,"Salt Lake City, UT",UT,14489,RDM,"Bend/Redmond, OR",OR,1056,1055,-1.00,1155,1152,-3.00,0.00,0.00,-1,1100-1159,0.00,,0.00,119.00,117.00,89.00,525.00,,,,,
3,1/21/2026 12:00:00 AM,DL,19790,N513DA,510,12889,LAS,"Las Vegas, NV",NV,12478,JFK,"New York, NY",NY,0700,0650,-10.00,1458,1424,-34.00,0.00,0.00,-2,1400-1459,0.00,,0.00,298.00,274.00,252.00,2248.00,,,,,
3,1/14/2026 12:00:00 AM,YX,20452,N438YX,4419,12953,LGA,"New York, NY",NY,11995,GSO,"Greensboro/High Point, NC",NC,0834,0825,-9.00,1033,1009,-24.00,0.00,0.00,-2,1000-1059,0.00,,0.00,119.00,104.00,83.00,461.00,,,,,
1,1/26/2026 12:00:00 AM,AA,19805,N955XV,2900,11298,DFW,"Dallas/Fort Worth, TX",TX,12892,LAX,"Los Angeles, CA",CA,1324,,,1450,,,,,,1400-1459,1.00,B,0.00,206.00,,,1235.00,,,,,
3,1/7/2026 12:00:00 AM,OO,20304,N143SY,5386,10713,BOI,"Boise, ID",ID,13930,ORD,"Chicago, IL",IL,0815,0807,-8.00,1303,1227,-36.00,0.00,0.00,-2,1300-1359,0.00,,0.00,228.00,200.00,171.00,1437.00,,,,,
6,1/24/2026 12:00:00 AM,B6,20409,N3102J,918,12478,JFK,"New York, NY",NY,10721,BOS,"Boston, MA",MA,1855,1851,-4.00,2018,1956,-22.00,0.00,0.00,-2,2000-2059,0.00,,0.00,83.00,65.00,38.00,187.00,,,,,
5,1/30/2026 12:00:00 AM,WN,19393,N8654B,2312,12889,LAS,"Las Vegas, NV",NV,14747,SEA,"Seattle, WA",WA,1950,1948,-2.00,2235,2229,-6.00,0.00,0.00,-1,2200-2259,0.00,,0.00,165.00,161.00,134.00,867.00,,,,,
7,1/4/2026 12:00:00 AM,OO,20304,N303SY,3881,14747,SEA,"Seattle, WA",WA,14893,SMF,"Sacramento, CA",CA,0935,0933,-2.00,1140,1128,-12.00,0.00,0.00,-1,1100-1159,0.00,,0.00,125.00,115.00,90.00,605.00,,,,,
4,1/22/2026 12:00:00 AM,YX,20452,N417YX,4775,14122,PIT,"Pittsburgh, PA",PA,12953,LGA,"New York, NY",NY,1525,1516,-9.00,1700,1629,-31.00,0.00,0.00,-2,1700-1759,0.00,,0.00,95.00,73.00,54.00,335.00,,,,,
5,1/2/2026 12:00:00 AM,AA,19805,N509AY,2253,14100,PHL,"Philadelphia, PA",PA,13204,MCO,"Orlando, FL",FL,1408,1400,-8.00,1652,1652,0.00,0.00,0.00,0,1600-1659,0.00,,0.00,164.00,172.00,131.00,862.00,,,,,
7,1/25/2026 12:00:00 AM,WN,19393,N248WN,2161,14570,RNO,"Reno, NV",NV,10423,AUS,"Austin, TX",TX,1010,1100,50.00,1520,1558,38.00,38.00,1.00,2,1500-1559,0.00,,0.00,190.00,178.00,161.00,1405.00,0.00,0.00,38.00,0.00,0.00
4,1/8/2026 12:00:00 AM,OO,20304,N834SK,3744,13487,MSP,"Minneapolis, MN",MN,15016,STL,"St. Louis, MO",MO,1313,1307,-6.00,1500,1454,-6.00,0.00,0.00,-1,1500-1559,0.00,,0.00,107.00,107.00,75.00,448.00,,,,,
7,1/25/2026 12:00:00 AM,DL,19790,N129DN,2396,12953,LGA,"New York, NY",NY,14027,PBI,"West Palm Beach/Palm Beach, FL",FL,1110,,,1420,,,,,,1400-1459,1.00,B,0.00,190.00,,,1035.00,,,,,
2,1/6/2026 12:00:00 AM,UA,19977,N24526,574,13930,ORD,"Chicago, IL",IL,12889,LAS,"Las Vegas, NV",NV,0735,0725,-10.00,0949,0944,-5.00,0.00,0.00,-1,0900-0959,0.00,,0.00,254.00,259.00,226.00,1514.00,,,,,
5,1/9/2026 12:00:00 AM,DL,19790,N3748Y,3195,10397,ATL,"Atlanta, GA",GA,14730,SDF,"Louisville, KY",KY,1326,1320,-6.00,1442,1441,-1.00,0.00,0.00,-1,1400-1459,0.00,,0.00,76.00,81.00,61.00,321.00,,,,,
7,1/25/2026 12:00:00 AM,WN,19393,N929WN,2173,11292,DEN,"Denver, CO",CO,11259,DAL,"Dallas, TX",TX,0625,,,0935,,,,,,0900-0959,1.00,B,0.00,130.00,,,651.00,,,,,
7,1/4/2026 12:00:00 AM,OO,20304,N322SY,3958,14869,SLC,"Salt Lake City, UT",UT,14252,PSC,"Pasco/Kennewick/Richland, WA",WA,1051,1053,2.00,1147,1146,-1.00,0.00,0.00,-1,1100-1159,0.00,,0.00,116.00,113.00,83.00,521.00,,,,,
7,1/11/2026 12:00:00 AM,OO,20304,N831SK,3963,11433,DTW,"Detroit, MI",MI,11537,ELM,"Elmira/Corning, NY",NY,1437,1431,-6.00,1600,1551,-9.00,0.00,0.00,-1,1600-1659,0.00,,0.00,83.00,80.00,56.00,331.00,,,,,
6,1/24/2026 12:00:00 AM,OO,20304,N699BR,5466,11823,FWA,"Fort Wayne, IN",IN,13930,ORD,"Chicago, IL",IL,1829,1931,62.00,1855,2215,200.00,200.00,1.00,12,1800-1859,0.00,,0.00,86.00,224.00,46.00,157.00,62.00,0.00,138.00,0.00,0.00
4,1/8/2026 12:00:00 AM,AA,19805,N308TB,2264,14908,SNA,"Santa Ana, CA",CA,11298,DFW,"Dallas/Fort Worth, TX",TX,1252,1326,34.00,1754,1808,14.00,14.00,0.00,0,1700-1759,0.00,,0.00,182.00,162.00,133.00,1205.00,,,,,
4,1/1/2026 12:00:00 AM,DL,19790,N722TW,569,14747,SEA,"Seattle, WA",WA,10397,ATL,"Atlanta, GA",GA,0615,0615,0.00,1355,1330,-25.00,0.00,0.00,-2,1300-1359,0.00,,0.00,280.00,255.00,233.00,2182.00,,,,,
3,1/14/2026 12:00:00 AM,YX,20452,N401YX,4620,10721,BOS,"Boston, MA",MA,12953,LGA,"New York, NY",NY,1620,1619,-1.00,1746,1810,24.00,24.00,1.00,1,1700-1759,0.00,,0.00,86.00,111.00,47.00,184.00,0.00,0.00,24.00,0.00,0.00
4,1/22/2026 12:00:00 AM,OO,20304,N752SK,6212,11298,DFW,"Dallas/Fort Worth, TX",TX,10423,AUS,"Austin, TX",TX,0710,0710,0.00,0825,0822,-3.00,0.00,0.00,-1,0800-0859,0.00,,0.00,75.00,72.00,40.00,190.00,,,,,
4,1/8/2026 12:00:00 AM,B6,20409,N634JB,2941,15027,STX,"Christiansted, VI",VI,14843,SJU,"San Juan, PR",PR,1551,1541,-10.00,1640,1634,-6.00,0.00,0.00,-1,1600-1659,0.00,,0.00,49.00,53.00,31.00,94.00,,,,,
4,1/8/2026 12:00:00 AM,WN,19393,N964WN,417,10792,BUF,"Buffalo, NY",NY,12889,LAS,"Las Vegas, NV",NV,0925,0920,-5.00,1145,1117,-28.00,0.00,0.00,-2,1100-1159,0.00,,0.00,320.00,297.00,283.00,1986.00,,,,,
6,1/3/2026 12:00:00 AM,YX,20452,N120HQ,4727,13303,MIA,"Miami, FL",FL,11624,EYW,"Key West, FL",FL,1200,1159,-1.00,1326,1303,-23.00,0.00,0.00,-2,1300-1359,0.00,,0.00,86.00,64.00,34.00,126.00,,,,,
7,1/25/2026 12:00:00 AM,AS,19930,N967AK,551,14747,SEA,"Seattle, WA",WA,12889,LAS,"Las Vegas, NV",NV,1643,1639,-4.00,1913,1852,-21.00,0.00,0.00,-2,1900-1959,0.00,,0.00,150.00,133.00,114.00,867.00,,,,,
1,1/12/2026 12:00:00 AM,UA,19977,N37502,405,11292,DEN,"Denver, CO",CO,12892,LAX,"Los Angeles, CA",CA,0942,0936,-6.00,1123,1047,-36.00,0.00,0.00,-2,1100-1159,0.00,,0.00,161.00,131.00,107.00,862.00,,,,,
4,1/22/2026 12:00:00 AM,YX,20452,N407YX,4769,14100,PHL,"Philadelphia, PA",PA,12323,ILM,"Wilmington, NC",NC,1210,1159,-11.00,1350,1343,-7.00,0.00,0.00,-1,1300-1359,0.00,,0.00,100.00,104.00,79.00,414.00,,,,,
1,1/5/2026 12:00:00 AM,AA,19805,N538UW,1703,11298,DFW,"Dallas/Fort Worth, TX",TX,11057,CLT,"Charlotte, NC",NC,1910,1908,-2.00,2238,2258,20.00,20.00,1.00,1,2200-2259,0.00,,0.00,148.00,170.00,110.00,935.00,0.00,0.00,20.00,0.00,0.00
2,1/27/2026 12:00:00 AM,OO,20304,N218PS,5861,11292,DEN,"Denver, CO",CO,11109,COS,"Colorado Springs, CO",CO,1725,1718,-7.00,1818,1800,-18.00,0.00,0.00,-2,1800-1859,0.00,,0.00,53.00,42.00,17.00,73.00,,,,,
5,1/30/2026 12:00:00 AM,DL,19790,N582DN,684,12478,JFK,"New York, NY",NY,14057,PDX,"Portland, OR",OR,1710,1710,0.00,2025,2008,-17.00,0.00,0.00,-2,2000-2059,0.00,,0.00,375.00,358.00,333.00,2454.00,,,,,
5,1/30/2026 12:00:00 AM,OO,20304,N870DC,6414,14814,SHV,"Shreveport, LA",LA,11298,DFW,"Dallas/Fort Worth, TX",TX,1829,1833,4.00,1956,2010,14.00,14.00,0.00,0,1900-1959,0.00,,0.00,87.00,97.00,43.00,190.00,,,,,
7,1/25/2026 12:00:00 AM,UA,19977,,1309,14986,SRQ,"Sarasota/Bradenton, FL",FL,11618,EWR,"Newark, NJ",NJ,0630,,,0921,,,,,,0900-0959,1.00,B,0.00,171.00,,,1034.00,,,,,
3,1/21/2026 12:00:00 AM,MQ,20398,N229NN,3826,13577,MYR,"Myrtle Beach, SC",SC,11057,CLT,"Charlotte, NC",NC,1919,1916,-3.00,2029,2035,6.00,6.00,0.00,0,2000-2059,0.00,,0.00,70.00,79.00,44.00,157.00,,,,,
2,1/6/2026 12:00:00 AM,AA,19805,N842NN,2439,14107,PHX,"Phoenix, AZ",AZ,12892,LAX,"Los Angeles, CA",CA,1121,1132,11.00,1157,1152,-5.00,0.00,0.00,-1,1100-1159,0.00,,0.00,96.00,80.00,60.00,370.00,,,,,
5,1/16/2026 12:00:00 AM,UA,19977,N37536,1363,11423,DSM,"Des Moines, IA",IA,13930,ORD,"Chicago, IL",IL,0800,0901,61.00,0938,1028,50.00,50.00,1.00,3,0900-0959,0.00,,0.00,98.00,87.00,58.00,299.00,0.00,0.00,50.00,0.00,0.00
2,1/6/2026 12:00:00 AM,UA,19977,N17328,499,14107,PHX,"Phoenix, AZ",AZ,14771,SFO,"San Francisco, CA",CA,0810,0807,-3.00,0925,0911,-14.00,0.00,0.00,-1,0900-0959,0.00,,0.00,135.00,124.00,96.00,651.00,,,,,
3,1/7/2026 12:00:00 AM,WN,19393,N8954Q,914,14635,RSW,"Fort Myers, FL",FL,14122,PIT,"Pittsburgh, PA",PA,0905,0859,-6.00,1140,1124,-16.00,0.00,0.00,-2,1100-1159,0.00,,0.00,155.00,145.00,131.00,966.00,,,,,
1,1/26/2026 12:00:00 AM,WN,19393,N8890Q,1555,12889,LAS,"Las Vegas, NV",NV,14683,SAT,"San Antonio, TX",TX,1715,1757,42.00,2140,2222,42.00,42.00,1.00,2,2100-2159,0.00,,0.00,145.00,145.00,121.00,1069.00,21.00,0.00,0.00,0.00,21.00
6,1/24/2026 12:00:00 AM,DL,19790,N868DN,1706,13303,MIA,"Miami, FL",FL,12478,JFK,"New York, NY",NY,1139,1129,-10.00,1439,1432,-7.00,0.00,0.00,-1,1400-1459,0.00,,0.00,180.00,183.00,143.00,1089.00,,,,,
3,1/28/2026 12:00:00 AM,OO,20304,N85377,5712,15041,SUN,"Sun Valley/Hailey/Ketchum, ID",ID,11292,DEN,"Denver, CO",CO,0700,0651,-9.00,0914,0833,-41.00,0.00,0.00,-2,0900-0959,0.00,,0.00,134.00,102.00,79.00,557.00,,,,,
1,1/26/2026 12:00:00 AM,DL,19790,N963DZ,1347,14492,RDU,"Raleigh/Durham, NC",NC,10397,ATL,"Atlanta, GA",GA,1100,1105,5.00,1229,1228,-1.00,0.00,0.00,-1,1200-1259,0.00,,0.00,89.00,83.00,65.00,356.00,,,,,
4,1/22/2026 12:00:00 AM,OO,20304,N570GJ,4630,13433,MOT,"Minot, ND",ND,11292,DEN,"Denver, CO",CO,1521,1511,-10.00,1636,1604,-32.00,0.00,0.00,-2,1600-1659,0.00,,0.00,135.00,113.00,87.00,604.00,,,,,
5,1/23/2026 12:00:00 AM,OO,20304,N78361,4683,15376,TUS,"Tucson, AZ",AZ,14771,SFO,"San Francisco, CA",CA,0702,0659,-3.00,0842,0853,11.00,11.00,0.00,0,0800-0859,0.00,,0.00,160.00,174.00,113.00,751.00,,,,,
3,1/14/2026 12:00:00 AM,WN,19393,N269WN,2571,12889,LAS,"Las Vegas, NV",NV,10800,BUR,"Burbank, CA",CA,1230,1227,-3.00,1340,1322,-18.00,0.00,0.00,-2,1300-1359,0.00,,0.00,70.00,55.00,41.00,223.00,,,,,
3,1/28/2026 12:00:00 AM,WN,19393,N8896L,3128,14107,PHX,"Phoenix, AZ",AZ,11109,COS,"Colorado Springs, CO",CO,1915,2002,47.00,2055,2126,31.00,31.00,1.00,2,2000-2059,0.00,,0.00,100.00,84.00,70.00,551.00,3.00,0.00,0.00,0.00,28.00
4,1/8/2026 12:00:00 AM,MQ,20398,N781EJ,4200,13930,ORD,"Chicago, IL",IL,12197,HPN,"White Plains, NY",NY,1251,1251,0.00,1559,1601,2.00,2.00,0.00,0,1500-1559,0.00,,0.00,128.00,130.00,96.00,738.00,,,,,
7,1/4/2026 12:00:00 AM,WN,19393,N8537Z,4763,12892,LAX,"Los Angeles, CA",CA,14683,SAT,"San Antonio, TX",TX,0755,0837,42.00,1240,1300,20.00,20.00,1.00,1,1200-1259,0.00,,0.00,165.00,143.00,133.00,1211.00,20.00,0.00,0.00,0.00,0.00
6,1/10/2026 12:00:00 AM,OO,20304,N606UX,5487,11292,DEN,"Denver, CO",CO,10140,ABQ,"Albuquerque, NM",NM,0801,0800,-1.00,0943,0908,-35.00,0.00,0.00,-2,0900-0959,0.00,,0.00,102.00,68.00,48.00,349.00,,,,,
7,1/18/2026 12:00:00 AM,G4,20368,813NV,3474,11697,FLL,"Fort Lauderdale, FL",FL,10158,ACY,"Atlantic City, NJ",NJ,0935,0935,0.00,1217,1154,-23.00,0.00,0.00,-2,1200-1259,0.00,,0.00,162.00,139.00,120.00,977.00,,,,,
5,1/30/2026 12:00:00 AM,WN,19393,N8781Q,2240,14107,PHX,"Phoenix, AZ",AZ,12173,HNL,"Honolulu, HI",HI,0900,0856,-4.00,1255,1227,-28.00,0.00,0.00,-2,1200-1259,0.00,,0.00,415.00,391.00,365.00,2917.00,,,,,
3,1/21/2026 12:00:00 AM,AA,19805,N9011P,2065,11503,EGE,"Eagle, CO",CO,11298,DFW,"Dallas/Fort Worth, TX",TX,1243,1250,7.00,1555,1553,-2.00,0.00,0.00,-1,1500-1559,0.00,,0.00,132.00,123.00,92.00,721.00,,,,,
4,1/1/2026 12:00:00 AM,DL,19790,N109DU,1088,14771,SFO,"San Francisco, CA",CA,14869,SLC,"Salt Lake City, UT",UT,1655,1712,17.00,1953,2013,20.00,20.00,1.00,1,1900-1959,0.00,,0.00,118.00,121.00,83.00,599.00,0.00,0.00,3.00,0.00,17.00
4,1/29/2026 12:00:00 AM,YX,20452,N810MD,5853,12953,LGA,"New York, NY",NY,10721,BOS,"Boston, MA",MA,2000,2056,56.00,2130,2213,43.00,43.00,1.00,2,2100-2159,0.00,,0.00,90.00,77.00,42.00,184.00,43.00,0.00,0.00,0.00,0.00
3,1/21/2026 12:00:00 AM,OO,20304,N118SY,5269,14869,SLC,"Salt Lake City, UT",UT,11292,DEN,"Denver, CO",CO,1245,1237,-8.00,1437,1355,-42.00,0.00,0.00,-2,1400-1459,0.00,,0.00,112.00,78.00,54.00,391.00,,,,,
3,1/28/2026 12:00:00 AM,AA,19805,N889NN,659,11042,CLE,"Cleveland, OH",OH,13303,MIA,"Miami, FL",FL,1826,0058,392.00,2140,0341,361.00,361.00,1.00,12,2100-2159,0.00,,0.00,194.00,163.00,126.00,1080.00,326.00,0.00,0.00,0.00,35.00
3,1/14/2026 12:00:00 AM,B6,20409,N954JB,1303,10721,BOS,"Boston, MA",MA,14107,PHX,"Phoenix, AZ",AZ,1650,1649,-1.00,2049,2002,-47.00,0.00,0.00,-2,2000-2059,0.00,,0.00,359.00,313.00,290.00,2300.00,,,,,
7,1/25/2026 12:00:00 AM,AS,19930,N703AL,223,14747,SEA,"Seattle, WA",WA,13830,OGG,"Kahului, HI",HI,1205,1159,-6.00,1629,1610,-19.00,0.00,0.00,-2,1600-1659,0.00,,0.00,384.00,371.00,335.00,2639.00,,,,,
6,1/3/2026 12:00:00 AM,F9,20436,N369FR,2581,14100,PHL,"Philadelphia, PA",PA,14027,PBI,"West Palm Beach/Palm Beach, FL",FL,0845,0838,-7.00,1143,1134,-9.00,0.00,0.00,-1,1100-1159,0.00,,0.00,178.00,176.00,132.00,951.00,,,,,
4,1/22/2026 12:00:00 AM,UA,19977,N884UA,1180,11292,DEN,"Denver, CO",CO,11109,COS,"Colorado Springs, CO",CO,1130,1129,-1.00,1222,1210,-12.00,0.00,0.00,-1,1200-1259,0.00,,0.00,52.00,41.00,20.00,73.00,,,,,
6,1/3/2026 12:00:00 AM,WN,19393,N8796L,2337,15304,TPA,"Tampa, FL",FL,10821,BWI,"Baltimore, MD",MD,1820,1848,28.00,2040,2148,68.00,68.00,1.00,4,2000-2059,0.00,,0.00,140.00,180.00,110.00,842.00,14.00,0.00,40.00,0.00,14.00
5,1/16/2026 12:00:00 AM,YX,20452,N414YX,4447,10868,CAE,"Columbia, SC",SC,12953,LGA,"New York, NY",NY,0605,0618,13.00,0758,0825,27.00,27.00,1.00,1,0700-0759,0.00,,0.00,113.00,127.00,92.00,617.00,13.00,0.00,14.00,0.00,0.00
4,1/22/2026 12:00:00 AM,DL,19790,N684DA,3132,10397,ATL,"Atlanta, GA",GA,13495,MSY,"New Orleans, LA",LA,1732,1741,9.00,1808,1807,-1.00,0.00,0.00,-1,1800-1859,0.00,,0.00,96.00,86.00,72.00,425.00,,,,,
3,1/21/2026 12:00:00 AM,AA,19805,N437AN,1299,13303,MIA,"Miami, FL",FL,11298,DFW,"Dallas/Fort Worth, TX",TX,0730,0920,110.00,1000,1140,100.00,100.00,1.00,6,1000-1059,0.00,,0.00,210.00,200.00,163.00,1121.00,100.00,0.00,0.00,0.00,0.00
5,1/2/2026 12:00:00 AM,AA,19805,N510UW,1977,14683,SAT,"San Antonio, TX",TX,11057,CLT,"Charlotte, NC",NC,1008,1012,4.00,1355,1341,-14.00,0.00,0.00,-1,1300-1359,0.00,,0.00,167.00,149.00,129.00,1095.00,,,,,
6,1/24/2026 12:00:00 AM,AA,19805,N812AW,2185,15624,VPS,"Valparaiso, FL",FL,11057,CLT,"Charlotte, NC",NC,0830,0824,-6.00,1121,1050,-31.00,0.00,0.00,-2,1100-1159,0.00,,0.00,111.00,86.00,62.00,460.00,,,,,
5,1/2/2026 12:00:00 AM,AA,19805,N538UW,2235,12892,LAX,"Los Angeles, CA",CA,14100,PHL,"Philadelphia, PA",PA,0700,0656,-4.00,1510,1440,-30.00,0.00,0.00,-2,1500-1559,0.00,,0.00,310.00,284.00,262.00,2402.00,,,,,
5,1/2/2026 12:00:00 AM,AA,19805,N824NN,2583,11298,DFW,"Dallas/Fort Worth, TX",TX,12339,IND,"Indianapolis, IN",IN,1529,1548,19.00,1835,1851,16.00,16.00,1.00,1,1800-1859,0.00,,0.00,126.00,123.00,100.00,761.00,16.00,0.00,0.00,0.00,0.00
2,1/13/2026 12:00:00 AM,WN,19393,N950WN,3163,12953,LGA,"New York, NY",NY,11259,DAL,"Dallas, TX",TX,1055,1054,-1.00,1410,1330,-40.00,0.00,0.00,-2,1400-1459,0.00,,0.00,255.00,216.00,194.00,1381.00,,,,,
3,1/28/2026 12:00:00 AM,OO,20304,N900EV,5340,12278,ICT,"Wichita, KS",KS,12266,IAH,"Houston, TX",TX,1500,1449,-11.00,1707,1628,-39.00,0.00,0.00,-2,1700-1759,0.00,,0.00,127.00,99.00,78.00,542.00,,,,,
6,1/10/2026 12:00:00 AM,DL,19790,N102DN,783,12892,LAX,"Los Angeles, CA",CA,10397,ATL,"Atlanta, GA",GA,2155,2208,13.00,0502,0510,8.00,8.00,0.00,0,0001-0559,0.00,,0.00,247.00,242.00,228.00,1947.00,,,,,
7,1/25/2026 12:00:00 AM,B6,20409,N509JB,2253,11697,FLL,"Fort Lauderdale, FL",FL,14843,SJU,"San Juan, PR",PR,0645,0640,-5.00,1016,0956,-20.00,0.00,0.00,-2,1000-1059,0.00,,0.00,151.00,136.00,119.00,1046.00,,,,,
6,1/24/2026 12:00:00 AM,OH,20397,,5599,14783,SGF,"Springfield, MO",MO,11057,CLT,"Charlotte, NC",NC,1739,,,2050,,,,,,2000-2059,1.00,B,0.00,131.00,,,708.00,,,,,
7,1/18/2026 12:00:00 AM,DL,19790,N377DE,2508,14747,SEA,"Seattle, WA",WA,14679,SAN,"San Diego, CA",CA,0710,0657,-13.00,1002,0947,-15.00,0.00,0.00,-1,1000-1059,0.00,,0.00,172.00,170.00,129.00,1050.00,,,,,
1,1/19/2026 12:00:00 AM,DL,19790,N352DN,2742,13204,MCO,"Orlando, FL",FL,11433,DTW,"Detroit, MI",MI,1757,1803,6.00,2050,2036,-14.00,0.00,0.00,-1,2000-2059,0.00,,0.00,173.00,153.00,127.00,957.00,,,,,
5,1/9/2026 12:00:00 AM,DL,19790,N129DN,2627,12451,JAX,"Jacksonville, FL",FL,10397,ATL,"Atlanta, GA",GA,1858,1845,-13.00,2029,2046,17.00,17.00,1.00,1,2000-2059,0.00,,0.00,91.00,121.00,44.00,269.00,0.00,0.00,17.00,0.00,0.00
6,1/31/2026 12:00:00 AM,UA,19977,N14531,2106,13303,MIA,"Miami, FL",FL,13930,ORD,"Chicago, IL",IL,1619,1637,18.00,1855,1928,33.00,33.00,1.00,2,1800-1859,0.00,,0.00,216.00,231.00,163.00,1197.00,13.00,0.00,15.00,0.00,5.00
4,1/1/2026 12:00:00 AM,UA,19977,N76529,2391,14771,SFO,"San Francisco, CA",CA,14679,SAN,"San Diego, CA",CA,1325,1513,108.00,1458,1721,143.00,143.00,1.00,9,1400-1459,0.00,,0.00,93.00,128.00,68.00,447.00,0.00,0.00,143.00,0.00,0.00
7,1/25/2026 12:00:00 AM,UA,19977,,317,12451,JAX,"Jacksonville, FL",FL,11618,EWR,"Newark, NJ",NJ,0645,,,0903,,,,,,0900-0959,1.00,B,0.00,138.00,,,820.00,,,,,
6,1/3/2026 12:00:00 AM,OO,20304,N255SY,3844,13851,OKC,"Oklahoma City, OK",OK,13487,MSP,"Minneapolis, MN",MN,0714,0702,-12.00,0929,0939,10.00,10.00,0.00,0,0900-0959,0.00,,0.00,135.00,157.00,106.00,694.00,,,,,
2,1/27/2026 12:00:00 AM,DL,19790,N587NW,1208,13204,MCO,"Orlando, FL",FL,13487,MSP,"Minneapolis, MN",MN,1244,1240,-4.00,1525,1520,-5.00,0.00,0.00,-1,1500-1559,0.00,,0.00,221.00,220.00,198.00,1310.00,,,,,
4,1/8/2026 12:00:00 AM,AA,19805,N580UW,1160,11057,CLT,"Charlotte, NC",NC,14100,PHL,"Philadelphia, PA",PA,2205,2204,-1.00,2340,2400,20.00,20.00,1.00,1,2300-2359,0.00,,0.00,95.00,116.00,70.00,449.00,0.00,0.00,20.00,0.00,0.00
6,1/10/2026 12:00:00 AM,MQ,20398,N306DD,3467,12191,HOU,"Houston, TX",TX,11298,DFW,"Dallas/Fort Worth, TX",TX,1035,1033,-2.00,1155,1142,-13.00,0.00,0.00,-1,1100-1159,0.00,,0.00,80.00,69.00,43.00,247.00,,,,,
1,1/19/2026 12:00:00 AM,UA,19977,N23707,1102,12264,IAD,"Washington, DC",VA,11066,CMH,"Columbus, OH",OH,1735,1733,-2.00,1906,1854,-12.00,0.00,0.00,-1,1900-1959,0.00,,0.00,91.00,81.00,58.00,299.00,,,,,
5,1/16/2026 12:00:00 AM,WN,19393,N8940Q,2867,13495,MSY,"New Orleans, LA",LA,11697,FLL,"Fort Lauderdale, FL",FL,1255,1254,-1.00,1545,1528,-17.00,0.00,0.00,-2,1500-1559,0.00,,0.00,110.00,94.00,81.00,673.00,,,,,
7,1/11/2026 12:00:00 AM,AA,19805,N934AN,2821,11057,CLT,"Charlotte, NC",NC,15027,STX,"Christiansted, VI",VI,1050,1048,-2.00,1529,1548,19.00,19.00,1.00,1,1500-1559,0.00,,0.00,219.00,240.00,203.00,1562.00,0.00,0.00,19.00,0.00,0.00
5,1/9/2026 12:00:00 AM,UA,19977,N66814,1729,10821,BWI,"Baltimore, MD",MD,12892,LAX,"Los Angeles, CA",CA,0630,0621,-9.00,0927,0927,0.00,0.00,0.00,0,0900-0959,0.00,,0.00,357.00,366.00,342.00,2329.00,,,,,
2,1/6/2026 12:00:00 AM,AA,19805,N162UW,2635,11298,DFW,"Dallas/Fort Worth, TX",TX,13891,ONT,"Ontario, CA",CA,1259,1254,-5.00,1418,1349,-29.00,0.00,0.00,-2,1400-1459,0.00,,0.00,199.00,175.00,153.00,1188.00,,,,,
2,1/20/2026 12:00:00 AM,DL,19790,N956DZ,2058,10397,ATL,"Atlanta, GA",GA,11986,GRR,"Grand Rapids, MI",MI,1517,1512,-5.00,1706,1657,-9.00,0.00,0.00,-1,1700-1759,0.00,,0.00,109.00,105.00,91.00,640.00,,,,,
4,1/8/2026 12:00:00 AM,OO,20304,N628SY,4653,10372,ASE,"Aspen, CO",CO,12892,LAX,"Los Angeles, CA",CA,1733,1825,52.00,1909,1946,37.00,37.00,1.00,2,1900-1959,0.00,,0.00,156.00,141.00,102.00,737.00,0.00,0.00,0.00,0.00,37.00
1,1/5/2026 12:00:00 AM,WN,19393,N909WN,295,10397,ATL,"Atlanta, GA",GA,10423,AUS,"Austin, TX",TX,1935,1931,-4.00,2110,2059,-11.00,0.00,0.00,-1,2100-2159,0.00,,0.00,155.00,148.00,129.00,813.00,,,,,
7,1/18/2026 12:00:00 AM,MQ,20398,N782SM,4124,13158,MAF,"Midland/Odessa, TX",TX,11298,DFW,"Dallas/Fort Worth, TX",TX,1655,1650,-5.00,1814,1808,-6.00,0.00,0.00,-1,1800-1859,0.00,,0.00,79.00,78.00,58.00,309.00,,,,,
6,1/24/2026 12:00:00 AM,OO,20304,N626SY,5769,11292,DEN,"Denver, CO",CO,10372,ASE,"Aspen, CO",CO,1128,1227,59.00,1247,1341,54.00,54.00,1.00,3,1200-1259,0.00,,0.00,79.00,74.00,28.00,125.00,0.00,54.00,0.00,0.00,0.00
3,1/14/2026 12:00:00 AM,AS,19930,N483AS,1015,13830,OGG,"Kahului, HI",HI,12173,HNL,"Honolulu, HI",HI,0648,0647,-1.00,0730,0742,12.00,12.00,0.00,0,0700-0759,0.00,,0.00,42.00,55.00,24.00,101.00,,,,,
6,1/3/2026 12:00:00 AM,UA,19977,N14507,2657,13930,ORD,"Chicago, IL",IL,12266,IAH,"Houston, TX",TX,1250,1303,13.00,1550,1530,-20.00,0.00,0.00,-2,1500-1559,0.00,,0.00,180.00,147.00,121.00,925.00,,,,,
4,1/15/2026 12:00:00 AM,WN,19393,N8912Q,1762,13796,OAK,"Oakland, CA",CA,14262,PSP,"Palm Springs, CA",CA,1040,1035,-5.00,1205,1204,-1.00,0.00,0.00,-1,1200-1259,0.00,,0.00,85.00,89.00,73.00,418.00,,,,,
1,1/12/2026 12:00:00 AM,AS,19930,N546AS,668,12892,LAX,"Los Angeles, CA",CA,14057,PDX,"Portland, OR",OR,0700,0655,-5.00,0935,0918,-17.00,0.00,0.00,-2,0900-0959,0.00,,0.00,155.00,143.00,125.00,833.00,,,,,
3,1/14/2026 12:00:00 AM,AA,19805,N893NN,2343,11298,DFW,"Dallas/Fort Worth, TX",TX,10423,AUS,"Austin, TX",TX,1235,1231,-4.00,1343,1328,-15.00,0.00,0.00,-1,1300-1359,0.00,,0.00,68.00,57.00,40.00,190.00,,,,,
6,1/24/2026 12:00:00 AM,NK,20416,N648NK,1312,11697,FLL,"Fort Lauderdale, FL",FL,15304,TPA,"Tampa, FL",FL,1945,2033,48.00,2049,2132,43.00,43.00,1.00,2,2000-2059,0.00,,0.00,64.00,59.00,42.00,197.00,43.00,0.00,0.00,0.00,0.00
3,1/14/2026 12:00:00 AM,DL,19790,N139DU,1244,14869,SLC,"Salt Lake City, UT",UT,14057,PDX,"Portland, OR",OR,1500,1453,-7.00,1608,1543,-25.00,0.00,0.00,-2,1600-1659,0.00,,0.00,128.00,110.00,96.00,630.00,,,,,
1,1/26/2026 12:00:00 AM,OH,20397,N561NN,5059,11278,DCA,"Washington, DC",VA,11433,DTW,"Detroit, MI",MI,1140,,,1332,,,,,,1300-1359,1.00,B,0.00,112.00,,,405.00,,,,,
2,1/13/2026 12:00:00 AM,WN,19393,N8315C,1167,14685,SAV,"Savannah, GA",GA,13232,MDW,"Chicago, IL",IL,0605,0558,-7.00,0725,0725,0.00,0.00,0.00,0,0700-0759,0.00,,0.00,140.00,147.00,114.00,758.00,,,,,
6,1/31/2026 12:00:00 AM,AS,19930,N490AS,1126,12173,HNL,"Honolulu, HI",HI,13830,OGG,"Kahului, HI",HI,1450,1451,1.00,1535,1537,2.00,2.00,0.00,0,1500-1559,0.00,,0.00,45.00,46.00,21.00,101.00,,,,,
5,1/16/2026 12:00:00 AM,OO,20304,N86375,5467,13342,MKE,"Milwaukee, WI",WI,13930,ORD,"Chicago, IL",IL,0600,0559,-1.00,0722,0834,72.00,72.00,1.00,4,0700-0759,0.00,,0.00,82.00,155.00,29.00,67.00,72.00,0.00,0.00,0.00,0.00
1,1/12/2026 12:00:00 AM,WN,19393,N8873S,1894,12191,HOU,"Houston, TX",TX,12953,LGA,"New York, NY",NY,1210,1201,-9.00,1625,1616,-9.00,0.00,0.00,-1,1600-1659,0.00,,0.00,195.00,195.00,175.00,1428.00,,,,,
