"RouteID";"OriginAirportID";"DestinationAirportID";"Distance"
1;12478;12892;2475.0
2;12478;14771;2586.0
3;12892;12478;2475.0
4;11057;14986;547.0
5;14986;11057;547.0
6;10721;12892;2611.0
7;11278;11057;331.0
8;11057;11278;331.0
9;11278;13930;612.0
10;11057;11986;583.0
11;13930;11278;612.0
12;12892;10721;2611.0
13;11057;14100;449.0
14;13487;11057;930.0
15;14100;11057;449.0
16;11057;13485;708.0
17;11057;13487;930.0
18;11278;14027;857.0
19;14027;11278;857.0
20;11278;15304;814.0
21;15304;11278;814.0
22;12478;14908;2454.0
23;14908;12478;2454.0
24;13342;11057;651.0
25;11057;13495;650.0
26;13495;11057;650.0
27;10529;11057;644.0
28;11057;10529;644.0
29;12478;12889;2248.0
30;12889;12478;2248.0
31;13244;14107;1264.0
32;14107;11884;1020.0
33;14771;12478;2586.0
34;11298;11638;1313.0
35;11638;14107;493.0
36;14193;11298;604.0
37;11298;11775;737.0
38;11775;11298;737.0
39;13487;14107;1276.0
40;14107;13487;1276.0
41;14107;14771;651.0
42;10821;11298;1217.0
43;10792;11298;1212.0
44;11298;10792;1212.0
45;11066;14107;1670.0
46;14107;11066;1670.0
47;14107;13244;1264.0
48;14107;11638;493.0
49;14107;15304;1788.0
50;12892;14107;370.0
51;14107;12892;370.0
52;15304;14107;1788.0
53;14100;15304;920.0
54;15304;14100;920.0
55;14576;11057;573.0
56;11057;15096;603.0
57;15096;11057;603.0
58;11057;11433;500.0
59;11433;11057;500.0
60;11298;14893;1431.0
61;14893;11298;1431.0
62;11298;15304;929.0
63;11423;11057;815.0
64;11057;11423;815.0
65;11503;13303;1810.0
66;12478;11503;1746.0
67;12451;13303;335.0
68;13303;12451;335.0
69;11298;14492;1061.0
70;11292;11298;641.0
71;11298;11292;641.0
72;14100;11298;1303.0
73;12889;14107;255.0
74;14107;10397;1587.0
75;10397;12892;1947.0
76;14100;12451;742.0
77;13930;14100;678.0
78;14100;13930;678.0
79;12451;14100;742.0
80;10721;14100;280.0
81;10792;11057;546.0
82;11057;13204;468.0
83;11057;13930;599.0
84;13930;12953;733.0
85;11057;13342;651.0
86;12953;11057;544.0
87;11057;11292;1337.0
88;11292;14107;602.0
89;14107;14492;1891.0
90;14122;11057;366.0
91;14107;14122;1814.0
92;13891;14107;325.0
93;14107;13891;325.0
94;10693;14107;1449.0
95;11986;11057;583.0
96;11057;14576;573.0
97;14683;11057;1095.0
98;11057;12889;1916.0
99;12889;11057;1916.0
100;11057;12266;912.0
101;14122;14107;1814.0
102;14107;12451;1785.0
103;14107;14262;261.0
104;14262;14107;261.0
105;12266;11057;912.0
106;11057;14122;366.0
107;11057;12451;328.0
108;12451;11057;328.0
109;14100;12889;2177.0
110;12889;14100;2177.0
111;14730;11298;733.0
112;11298;13485;821.0
113;13485;11298;821.0
114;11298;10821;1217.0
115;11298;15376;813.0
116;15376;11298;813.0
117;12892;11298;1235.0
118;11298;11423;624.0
119;12889;13303;2174.0
120;13930;11298;802.0
121;14492;11057;130.0
122;11057;14635;600.0
123;14635;11057;600.0
124;11057;12953;544.0
125;11057;15304;507.0
126;11057;12339;427.0
127;12339;11057;427.0
128;15304;11057;507.0
129;10721;11057;728.0
130;11057;13891;2078.0
131;13891;11057;2078.0
132;14771;11057;2296.0
133;11057;14057;2282.0
134;14057;11057;2282.0
135;11057;14107;1773.0
136;14107;11298;868.0
137;11292;11057;1337.0
138;11298;13851;175.0
139;11298;13204;985.0
140;13204;11298;985.0
141;11057;14683;1095.0
142;11057;12892;2125.0
143;14107;11057;1773.0
144;12892;13303;2342.0
145;14771;11298;1464.0
146;11298;14771;1464.0
147;11298;14747;1660.0
148;14747;11057;2279.0
149;10994;11298;987.0
150;11298;12892;1235.0
151;14747;11298;1660.0
152;11298;14679;1171.0
153;14679;11298;1171.0
154;14100;13204;862.0
155;14027;14100;951.0
156;14100;14027;951.0
157;14679;11057;2077.0
158;11697;11298;1119.0
159;10397;13303;594.0
160;13303;12953;1096.0
161;11298;11540;551.0
162;11298;14027;1102.0
163;14027;11298;1102.0
164;14524;11298;1158.0
165;11298;12266;224.0
166;11298;11697;1119.0
167;11298;14262;1126.0
168;14262;11298;1126.0
169;14100;14843;1576.0
170;11298;14100;1303.0
171;11298;14635;1017.0
172;14635;11298;1017.0
173;11057;14027;590.0
174;11298;11057;935.0
175;11298;14057;1616.0
176;14107;10721;2300.0
177;12323;11057;185.0
178;13204;11057;468.0
179;11057;14771;2296.0
180;11057;11697;632.0
181;11697;11057;632.0
182;14057;11298;1616.0
183;11298;14193;604.0
184;13303;11298;1121.0
185;11540;11298;551.0
186;11298;10721;1562.0
187;10713;11298;1272.0
188;14107;13204;1849.0
189;12892;12889;236.0
190;11057;12323;185.0
191;13303;12892;2342.0
192;11298;10423;190.0
193;12953;11298;1389.0
194;11057;14869;1727.0
195;14869;11057;1727.0
196;11057;14321;813.0
197;11057;10693;328.0
198;11057;14843;1475.0
199;14843;11057;1475.0
200;11057;10792;546.0
201;14524;11057;257.0
202;14100;11697;993.0
203;11298;10397;731.0
204;11298;13303;1121.0
205;14492;11298;1061.0
206;11298;10994;987.0
207;11298;11884;1477.0
208;11298;14869;989.0
209;14869;11298;989.0
210;13930;11292;888.0
211;11298;13930;802.0
212;11057;10721;728.0
213;10423;13930;977.0
214;13930;10423;977.0
215;13930;14635;1120.0
216;14635;13930;1120.0
217;11057;14307;684.0
218;13891;11298;1188.0
219;15304;11298;929.0
220;14107;13930;1440.0
221;14100;14107;2076.0
222;14100;14635;993.0
223;13303;14100;1013.0
224;11697;14100;993.0
225;11057;14492;130.0
226;14027;11057;590.0
227;10423;11057;1032.0
228;11057;11618;529.0
229;11618;11057;529.0
230;10397;11298;731.0
231;14635;14100;993.0
232;15016;11057;575.0
233;11057;11066;347.0
234;12266;11298;224.0
235;13930;11057;599.0
236;10821;11057;361.0
237;11057;10821;361.0
238;14100;14679;2370.0
239;13204;12892;2218.0
240;12953;13303;1096.0
241;13303;14057;2700.0
242;11057;11298;935.0
243;11298;12889;1055.0
244;11057;14679;2077.0
245;11066;11057;347.0
246;13204;13303;192.0
247;11503;13930;1007.0
248;13303;11503;1810.0
249;11298;14683;247.0
250;14683;11298;247.0
251;11298;13891;1188.0
252;11298;14570;1345.0
253;11618;13303;1085.0
254;12451;14107;1785.0
255;13303;14893;2552.0
256;12478;13303;1089.0
257;13303;12478;1089.0
258;14831;11298;1438.0
259;11298;14908;1205.0
260;10849;11298;1163.0
261;11298;10849;1163.0
262;13930;14908;1726.0
263;14908;13930;1726.0
264;10800;11298;1231.0
265;11298;10800;1231.0
266;14107;14908;338.0
267;12478;14107;2153.0
268;13303;11057;650.0
269;14100;13303;1013.0
270;13303;11066;990.0
271;14107;14679;304.0
272;14679;13303;2267.0
273;13930;14107;1440.0
274;13303;10693;806.0
275;11298;12953;1389.0
276;14685;11298;925.0
277;11298;14689;1316.0
278;14689;11298;1316.0
279;12264;11298;1172.0
280;13303;14679;2267.0
281;11057;11042;430.0
282;11042;11057;430.0
283;14107;12478;2153.0
284;14679;14107;304.0
285;13303;13495;674.0
286;11278;13204;759.0
287;13303;14771;2585.0
288;14908;11298;1205.0
289;13198;13930;403.0
290;14492;13303;700.0
291;13303;14122;1013.0
292;13930;11618;719.0
293;13303;11278;919.0
294;11278;11298;1192.0
295;12478;10423;1521.0
296;13303;13204;192.0
297;13303;15304;204.0
298;15304;13303;204.0
299;13930;13303;1197.0
300;11298;12094;769.0
301;12094;11298;769.0
302;13303;11292;1709.0
303;11433;13303;1145.0
304;13303;14869;2088.0
305;14869;13303;2088.0
306;13303;12889;2174.0
307;11278;13303;919.0
308;11618;13930;719.0
309;13303;12266;964.0
310;14685;11057;213.0
311;11057;13303;650.0
312;13303;15027;1139.0
313;13303;14843;1045.0
314;14843;13303;1045.0
315;11298;12339;761.0
316;12339;11298;761.0
317;14893;13303;2552.0
318;14771;13303;2585.0
319;13303;14747;2724.0
320;14747;13303;2724.0
321;13303;13198;1251.0
322;13303;15024;1107.0
323;15024;13303;1107.0
324;12892;14492;2239.0
325;14492;12892;2239.0
326;12892;13930;1744.0
327;14107;13303;1972.0
328;11433;14107;1671.0
329;14107;11433;1671.0
330;11292;13303;1709.0
331;11618;14107;2133.0
332;13495;14107;1301.0
333;14107;13495;1301.0
334;14107;11618;2133.0
335;13303;14683;1143.0
336;11697;12953;1076.0
337;12953;11697;1076.0
338;14771;14100;2522.0
339;14100;14771;2522.0
340;13303;13930;1197.0
341;13198;13303;1251.0
342;10140;11298;569.0
343;11298;10140;569.0
344;11057;15370;842.0
345;13930;14771;1846.0
346;14771;13930;1846.0
347;13303;14492;700.0
348;10423;14107;872.0
349;10721;11298;1562.0
350;11298;14122;1067.0
351;12889;11298;1055.0
352;13198;11298;460.0
353;11298;12451;917.0
354;12451;11298;917.0
355;10423;12478;1521.0
356;11298;14107;868.0
357;14908;14107;338.0
358;11298;14685;925.0
359;13495;11298;448.0
360;11298;14698;1360.0
361;14698;11298;1360.0
362;11298;12478;1391.0
363;14683;13303;1143.0
364;12478;11298;1391.0
365;11298;14524;1158.0
366;12953;13930;733.0
367;10423;12892;1242.0
368;12892;10423;1242.0
369;12892;11057;2125.0
370;11298;15412;772.0
371;15412;11298;772.0
372;11298;15370;237.0
373;15370;11298;237.0
374;13303;11618;1085.0
375;12266;13303;964.0
376;13487;11298;852.0
377;11298;13487;852.0
378;11298;13244;431.0
379;13930;12889;1514.0
380;13930;15304;1012.0
381;15304;13930;1012.0
382;13303;14107;1972.0
383;11298;12264;1172.0
384;12892;10693;1798.0
385;12889;12892;236.0
386;11057;15024;1520.0
387;15024;11057;1520.0
388;11298;14831;1438.0
389;11298;11503;721.0
390;11503;11298;721.0
391;12892;14100;2402.0
392;10721;13303;1258.0
393;13303;10721;1258.0
394;11624;11057;736.0
395;13204;14100;862.0
396;14100;14747;2379.0
397;11278;12892;2311.0
398;14107;11278;1979.0
399;11298;11618;1372.0
400;12892;12173;2556.0
401;14100;12892;2402.0
402;12173;14107;2917.0
403;13495;13303;674.0
404;10693;11057;328.0
405;13303;10397;594.0
406;10299;11298;3043.0
407;11298;10299;3043.0
408;14107;14100;2076.0
409;11057;12478;542.0
410;10721;14107;2300.0
411;14107;12758;2860.0
412;12758;14107;2860.0
413;14100;11292;1558.0
414;11278;12889;2089.0
415;11292;14100;1558.0
416;12173;12892;2556.0
417;13930;12892;1744.0
418;11278;14107;1979.0
419;14107;12173;2917.0
420;14679;14100;2370.0
421;12892;13830;2485.0
422;13830;14107;2844.0
423;12889;11278;2089.0
424;13830;12892;2485.0
425;14843;14100;1576.0
426;11057;14908;2099.0
427;12892;11278;2311.0
428;12982;14107;2979.0
429;14107;12982;2979.0
430;14057;13303;2700.0
431;12892;13204;2218.0
432;14893;11057;2244.0
433;13204;14107;1849.0
434;12892;12982;2615.0
435;12982;12892;2615.0
436;14908;11057;2099.0
437;12758;12892;2504.0
438;12892;12758;2504.0
439;14107;13830;2844.0
440;13930;10792;474.0
441;13930;15024;2116.0
442;15024;13930;2116.0
443;11298;10713;1272.0
444;14307;11057;684.0
445;11193;11298;812.0
446;11298;11193;812.0
447;14107;12889;255.0
448;11003;11057;742.0
449;13230;11057;413.0
450;13204;13930;1005.0
451;10397;14107;1587.0
452;14107;11697;1972.0
453;13244;11057;511.0
454;11003;11298;685.0
455;11298;14843;2165.0
456;14843;11298;2165.0
457;11298;13198;460.0
458;11066;11298;926.0
459;11298;11066;926.0
460;11057;14747;2279.0
461;14747;14100;2379.0
462;11057;14893;2244.0
463;11638;11298;1313.0
464;11298;11278;1192.0
465;11298;10693;631.0
466;13930;13204;1005.0
467;13230;11298;1231.0
468;11298;13230;1231.0
469;15096;11298;1336.0
470;11298;15016;550.0
471;15016;11298;550.0
472;11193;11057;335.0
473;11057;13230;413.0
474;11057;14193;488.0
475;14193;11057;488.0
476;14100;10721;280.0
477;11057;13931;290.0
478;13931;11057;290.0
479;11057;13871;913.0
480;13871;11057;913.0
481;14107;15016;1262.0
482;11884;14107;1020.0
483;14107;14689;455.0
484;14689;14107;455.0
485;11298;13342;853.0
486;14869;14100;1927.0
487;13198;14107;1044.0
488;14107;13198;1044.0
489;14107;13485;1396.0
490;14771;14107;651.0
491;11298;15624;641.0
492;13342;11298;853.0
493;14107;13342;1460.0
494;14683;14107;843.0
495;14107;14869;507.0
496;14869;14107;507.0
497;13930;14683;1041.0
498;14107;14683;843.0
499;10561;11298;1271.0
500;14100;10397;666.0
501;11298;11986;931.0
502;10257;11298;1434.0
503;11298;10561;1271.0
504;11986;11298;931.0
505;13244;11298;431.0
506;11298;14730;733.0
507;10693;11298;631.0
508;10257;11057;646.0
509;11057;10257;646.0
510;14107;10693;1449.0
511;14107;14570;601.0
512;14570;14107;601.0
513;13485;14107;1396.0
514;11057;14524;257.0
515;15024;14100;1605.0
516;12478;15024;1623.0
517;11278;14635;892.0
518;14635;11278;892.0
519;10423;14100;1431.0
520;14100;10423;1431.0
521;10994;13303;489.0
522;13303;10994;489.0
523;13930;11986;137.0
524;11057;11624;736.0
525;10693;13303;806.0
526;13495;13930;837.0
527;14107;11603;952.0
528;13930;11884;1498.0
529;14107;10423;872.0
530;14107;14893;647.0
531;14893;14107;647.0
532;10423;11298;190.0
533;12478;11057;542.0
534;11298;12945;785.0
535;12945;11298;785.0
536;12323;11298;1106.0
537;10721;11278;399.0
538;11278;10721;399.0
539;11278;13495;969.0
540;13495;11278;969.0
541;13244;13303;859.0
542;13303;13244;859.0
543;13871;14107;1037.0
544;11423;14107;1149.0
545;14107;11423;1149.0
546;14107;14831;621.0
547;14831;14107;621.0
548;14683;13930;1041.0
549;13303;14524;826.0
550;14524;13303;826.0
551;11603;14107;952.0
552;13342;14107;1460.0
553;10792;13930;474.0
554;13930;12478;740.0
555;11057;15016;575.0
556;15624;11057;460.0
557;14107;13871;1037.0
558;11057;13577;157.0
559;14321;11057;813.0
560;13256;11298;469.0
561;12266;13930;925.0
562;11278;12451;634.0
563;11278;14321;482.0
564;14321;11278;482.0
565;12992;11298;304.0
566;15624;11298;641.0
567;11884;13930;1498.0
568;11697;13930;1182.0
569;13930;11697;1182.0
570;11278;11697;899.0
571;11697;11278;899.0
572;10994;11057;168.0
573;13303;11986;1214.0
574;12323;13303;601.0
575;11298;13830;3710.0
576;13830;11298;3710.0
577;11986;14107;1574.0
578;14027;13930;1144.0
579;12173;11298;3784.0
580;11298;12173;3784.0
581;11298;15919;280.0
582;15919;11298;280.0
583;11298;11003;685.0
584;10721;13930;867.0
585;11057;13244;511.0
586;14107;11986;1574.0
587;11057;15624;460.0
588;13930;14027;1144.0
589;14107;11292;602.0
590;13851;14107;833.0
591;14107;13851;833.0
592;10821;13303;946.0
593;13303;10821;946.0
594;14122;13930;413.0
595;13930;15376;1437.0
596;15376;14107;109.0
597;15016;14107;1262.0
598;11298;13871;583.0
599;13871;11298;583.0
600;11298;13502;722.0
601;13502;11298;722.0
602;11057;10994;168.0
603;13930;10721;867.0
604;11298;11996;862.0
605;11996;11298;862.0
606;13303;15016;1068.0
607;15016;13303;1068.0
608;11986;13303;1214.0
609;14492;13930;646.0
610;13930;14122;413.0
611;12478;13930;740.0
612;13577;11057;157.0
613;13930;12266;925.0
614;11503;12478;1746.0
615;13930;11503;1007.0
616;11298;12323;1106.0
617;11503;11057;1455.0
618;11057;11503;1455.0
619;12953;13204;950.0
620;13204;12953;950.0
621;12953;14027;1035.0
622;14027;12953;1035.0
623;15024;12478;1623.0
624;11057;14730;335.0
625;14100;15024;1605.0
626;13930;14307;849.0
627;11292;13930;888.0
628;11298;12992;304.0
629;11298;13256;469.0
630;14107;15376;109.0
631;14869;13930;1250.0
632;13930;14747;1721.0
633;14747;13930;1721.0
634;14107;14747;1107.0
635;14747;14107;1107.0
636;15027;13303;1139.0
637;13930;12173;4243.0
638;11278;14986;851.0
639;14986;11278;851.0
640;12451;11278;634.0
641;11298;11042;1021.0
642;11057;13198;808.0
643;13198;11057;808.0
644;11278;14492;227.0
645;11298;13577;1048.0
646;13577;11298;1048.0
647;13204;11278;759.0
648;11057;10397;226.0
649;14100;11624;1122.0
650;11624;11298;1089.0
651;13930;13495;837.0
652;12266;14100;1325.0
653;14100;12266;1325.0
654;11298;11109;592.0
655;11618;11298;1372.0
656;13851;11298;175.0
657;13303;12323;601.0
658;10397;11057;226.0
659;14107;12339;1489.0
660;12339;14107;1489.0
661;12339;12892;1814.0
662;11986;13930;137.0
663;13303;10529;1194.0
664;11298;11433;986.0
665;11433;11298;986.0
666;14570;11298;1345.0
667;14492;11278;227.0
668;11278;15624;789.0
669;15624;11278;789.0
670;10431;11298;848.0
671;11298;10431;848.0
672;12953;14635;1080.0
673;14635;12953;1080.0
674;15304;12953;1010.0
675;14107;15919;1023.0
676;15919;14107;1023.0
677;13930;14057;1739.0
678;14057;13930;1739.0
679;14730;11057;335.0
680;12953;15304;1010.0
681;11298;11624;1089.0
682;11298;13495;448.0
683;11624;14100;1122.0
684;14307;13930;849.0
685;10849;13930;1185.0
686;13930;10849;1185.0
687;11298;13931;1212.0
688;14679;13930;1723.0
689;14107;11193;1569.0
690;11109;11298;592.0
691;11042;13303;1080.0
692;14122;13303;1013.0
693;11057;10423;1032.0
694;13930;14679;1723.0
695;12892;14122;2136.0
696;14122;12892;2136.0
697;11298;13476;1430.0
698;13476;11298;1430.0
699;14057;14107;1010.0
700;14107;14057;1010.0
701;11298;10529;1471.0
702;11298;12758;3724.0
703;12758;11298;3724.0
704;13303;13931;802.0
705;12173;13930;4243.0
706;13303;10423;1103.0
707;11042;11298;1021.0
708;11193;14107;1569.0
709;14107;11042;1737.0
710;13930;12441;1162.0
711;12441;11298;1047.0
712;13930;14869;1250.0
713;11298;12441;1047.0
714;11423;11298;624.0
715;11057;11193;335.0
716;10423;13303;1103.0
717;13485;11057;708.0
718;12441;13930;1162.0
719;11298;12278;328.0
720;12278;11298;328.0
721;14843;13930;2072.0
722;11042;14107;1737.0
723;13930;14262;1651.0
724;14262;13930;1651.0
725;14771;12892;337.0
726;11066;12892;1995.0
727;12892;11066;1995.0
728;14635;14107;1868.0
729;11057;11003;742.0
730;14492;14107;1891.0
731;11298;11995;999.0
732;11995;11298;999.0
733;12889;13198;1139.0
734;13198;12889;1139.0
735;13303;12339;1020.0
736;12889;13930;1514.0
737;11884;11298;1477.0
738;11298;14986;945.0
739;14986;11298;945.0
740;12339;13303;1020.0
741;14122;11298;1067.0
742;12892;12339;1814.0
743;15027;11057;1562.0
744;11057;15027;1562.0
745;15370;11057;842.0
746;14730;13303;910.0
747;11057;13851;940.0
748;13303;13871;1393.0
749;13930;14843;2072.0
750;10529;13303;1194.0
751;13303;14730;910.0
752;13303;11433;1145.0
753;13930;13198;403.0
754;13931;13303;802.0
755;13931;11298;1212.0
756;13487;13303;1501.0
757;10721;13204;1121.0
758;13204;10721;1121.0
759;13851;11057;940.0
760;12892;14771;337.0
761;12953;13495;1183.0
762;13495;12953;1183.0
763;14107;14635;1868.0
764;13871;13303;1393.0
765;11057;14685;213.0
766;11697;14107;1972.0
767;13303;11042;1080.0
768;10693;12892;1798.0
769;13303;13487;1501.0
770;10529;11298;1471.0
771;14893;12758;2435.0
772;12758;14893;2435.0
773;12173;13830;101.0
774;14869;12173;2994.0
775;13830;13796;2348.0
776;12889;13830;2695.0
777;13830;14831;2355.0
778;12954;12173;2569.0
779;12173;14831;2417.0
780;14679;12173;2614.0
781;12173;14679;2614.0
782;14831;13830;2355.0
783;13830;12954;2498.0
784;14747;10994;2415.0
785;10994;14747;2415.0
786;12889;14747;867.0
787;12173;13796;2409.0
788;13486;14747;389.0
789;12982;13796;2456.0
790;12173;14057;2603.0
791;13830;14893;2403.0
792;12954;13830;2498.0
793;13796;12173;2409.0
794;12173;12954;2569.0
795;13830;12173;101.0
796;12173;14869;2994.0
797;14893;13830;2403.0
798;11630;14747;1533.0
799;13871;14747;1368.0
800;14747;13871;1368.0
801;14747;14869;689.0
802;14869;14747;689.0
803;13796;12982;2456.0
804;12982;12173;102.0
805;13830;12889;2695.0
806;14771;13830;2338.0
807;13796;13830;2348.0
808;13830;14771;2338.0
809;14831;12173;2417.0
810;14747;12478;2422.0
811;13204;14747;2554.0
812;10299;14747;1448.0
813;10299;12889;2304.0
814;14747;14679;1050.0
815;14679;12478;2446.0
816;14057;10693;1973.0
817;10693;14057;1973.0
818;10721;14057;2537.0
819;14683;14747;1774.0
820;14747;14683;1774.0
821;10397;14747;2182.0
822;10423;14057;1715.0
823;14057;10423;1715.0
824;14057;14679;933.0
825;12889;14057;763.0
826;14057;10299;1542.0
827;14747;12889;867.0
828;14747;11884;224.0
829;11884;14747;224.0
830;14747;12264;2305.0
831;12478;14747;2422.0
832;13204;14057;2535.0
833;14747;15016;1709.0
834;14057;12889;763.0
835;14747;10397;2182.0
836;12892;14747;954.0
837;10713;14057;344.0
838;12892;11603;748.0
839;14057;12892;833.0
840;10800;14747;937.0
841;14747;10800;937.0
842;14679;11697;2269.0
843;12478;14679;2446.0
844;11618;14057;2434.0
845;14771;11618;2565.0
846;10721;14771;2704.0
847;14679;10721;2588.0
848;14893;14679;480.0
849;11618;14747;2402.0
850;14747;11618;2402.0
851;14747;14771;679.0
852;14747;12892;954.0
853;14747;10299;1448.0
854;10713;14747;399.0
855;14747;10721;2496.0
856;11292;14747;1024.0
857;14057;10800;817.0
858;12892;10713;674.0
859;14893;14747;605.0
860;14747;14489;228.0
861;14489;14747;228.0
862;14747;11292;1024.0
863;11292;14057;991.0
864;10721;14747;2496.0
865;14771;14747;679.0
866;14057;14771;550.0
867;10299;14057;1542.0
868;11618;12892;2454.0
869;12892;14057;833.0
870;14771;14057;550.0
871;11618;14771;2565.0
872;10849;14747;543.0
873;14747;13204;2554.0
874;14747;11697;2717.0
875;11697;14747;2717.0
876;14747;10423;1770.0
877;10423;14771;1504.0
878;14252;14747;172.0
879;14747;14831;696.0
880;14747;11630;1533.0
881;11042;14747;2021.0
882;14747;11042;2021.0
883;12173;12889;2762.0
884;12889;12173;2762.0
885;12173;14747;2677.0
886;14893;12173;2462.0
887;14057;12173;2603.0
888;14747;12173;2677.0
889;12173;12478;4983.0
890;12173;14771;2398.0
891;14771;12173;2398.0
892;12173;14893;2462.0
893;12478;12173;4983.0
894;12173;14222;2599.0
895;14222;12173;2599.0
896;13830;14747;2639.0
897;14747;13830;2639.0
898;14747;14057;129.0
899;10423;14747;1770.0
900;14057;11292;991.0
901;14747;13891;956.0
902;13891;14747;956.0
903;10713;12892;674.0
904;15304;14679;2087.0
905;12478;14057;2454.0
906;14057;10713;344.0
907;14679;11618;2425.0
908;10299;12173;2777.0
909;12173;10299;2777.0
910;14747;13495;2086.0
911;13495;14747;2086.0
912;12339;14747;1866.0
913;12523;14747;909.0
914;14747;15304;2520.0
915;15304;14747;2520.0
916;14747;12339;1866.0
917;15016;14747;1709.0
918;11193;14747;1965.0
919;14747;11193;1965.0
920;14747;14570;564.0
921;12892;10299;2345.0
922;12889;14771;414.0
923;14771;12889;414.0
924;10693;14747;1978.0
925;13487;14747;1399.0
926;14747;13487;1399.0
927;13198;14747;1490.0
928;14057;12266;1825.0
929;12266;14057;1825.0
930;14747;13486;389.0
931;14747;13198;1490.0
932;10299;12892;2345.0
933;12892;11618;2454.0
934;11618;14679;2425.0
935;12173;12758;163.0
936;12758;13830;84.0
937;12982;12758;263.0
938;13830;12982;202.0
939;12758;12982;263.0
940;12173;12982;102.0
941;12402;12173;216.0
942;12173;12402;216.0
943;14679;10713;749.0
944;14747;10849;543.0
945;12758;12173;163.0
946;14679;14057;933.0
947;13830;12758;84.0
948;12982;13830;202.0
949;14492;14747;2354.0
950;14747;14492;2354.0
951;14747;14252;172.0
952;14004;12889;894.0
953;13830;12402;121.0
954;12264;14747;2305.0
955;13891;14057;838.0
956;14747;14262;987.0
957;14262;14747;987.0
958;12402;13830;121.0
959;10140;14747;1180.0
960;14908;14747;978.0
961;14747;14908;978.0
962;14831;14747;696.0
963;14747;11278;2329.0
964;14747;14893;605.0
965;14057;13830;2561.0
966;11278;14679;2276.0
967;13487;14057;1426.0
968;14057;13487;1426.0
969;14771;13204;2446.0
970;13204;14771;2446.0
971;14057;11884;279.0
972;11884;14057;279.0
973;14747;10713;399.0
974;10800;14057;817.0
975;14057;11278;2350.0
976;11278;14747;2329.0
977;14570;14747;564.0
978;14698;14747;847.0
979;14747;14698;847.0
980;14908;14057;859.0
981;14057;14908;859.0
982;12982;14679;2676.0
983;14747;12982;2700.0
984;14679;11292;853.0
985;13830;14057;2561.0
986;12982;14747;2700.0
987;14057;12982;2630.0
988;14679;14747;1050.0
989;14057;14747;129.0
990;15376;14747;1215.0
991;14747;15376;1215.0
992;13342;14747;1694.0
993;14679;11884;1027.0
994;10299;13970;549.0
995;13970;10299;549.0
996;10299;10170;253.0
997;10170;10299;253.0
998;13198;14057;1482.0
999;14057;13198;1482.0
1000;10299;10551;399.0
1001;10551;10299;399.0
1002;10299;10754;725.0
1003;10754;10299;725.0
1004;14679;13830;2540.0
1005;14771;10423;1504.0
1006;10397;14679;1892.0
1007;14057;10397;2172.0
1008;14747;15023;618.0
1009;15023;14747;618.0
1010;14057;10721;2537.0
1011;10299;11630;261.0
1012;11630;10299;261.0
1013;14107;14004;1133.0
1014;14004;14107;1133.0
1015;14057;13204;2535.0
1016;14747;12266;1874.0
1017;12266;14747;1874.0
1018;11278;14771;2442.0
1019;14771;11278;2442.0
1020;14747;10693;1978.0
1021;14747;14689;908.0
1022;14689;14747;908.0
1023;14057;13891;838.0
1024;12523;12819;234.0
1025;12819;14747;680.0
1026;10299;12523;571.0
1027;12523;14828;95.0
1028;14828;12819;183.0
1029;12819;12523;234.0
1030;14747;12819;680.0
1031;10299;13873;539.0
1032;13873;10299;539.0
1033;12523;10299;571.0
1034;14828;12523;95.0
1035;12819;14828;183.0
1036;10926;10299;160.0
1037;12523;15991;199.0
1038;14747;12523;909.0
1039;15991;10926;213.0
1040;13796;14747;672.0
1041;10299;14709;626.0
1042;14709;10299;626.0
1043;12523;14256;123.0
1044;14256;15841;31.0
1045;15841;12819;82.0
1046;10299;10926;160.0
1047;10926;15991;213.0
1048;15991;12523;199.0
1049;12819;15841;82.0
1050;14256;12523;123.0
1051;15841;14256;31.0
1052;14747;13796;672.0
1053;14747;10140;1180.0
1054;14057;12758;2607.0
1055;10299;14107;2552.0
1056;11292;14679;853.0
1057;14747;11433;1927.0
1058;12892;14252;851.0
1059;11603;12892;748.0
1060;14747;13342;1694.0
1061;14679;11278;2276.0
1062;11697;14679;2269.0
1063;14679;12982;2676.0
1064;12982;14771;2446.0
1065;12758;14057;2607.0
1066;12758;14747;2688.0
1067;14831;12758;2384.0
1068;13830;14679;2540.0
1069;12889;14004;894.0
1070;12889;10299;2304.0
1071;12982;14057;2630.0
1072;14771;12982;2446.0
1073;11278;14057;2350.0
1074;14057;12478;2454.0
1075;14057;11618;2434.0
1076;12173;13891;2603.0
1077;11433;14747;1927.0
1078;14057;15376;1119.0
1079;15376;14057;1119.0
1080;13891;12173;2603.0
1081;14107;10299;2552.0
1082;14747;12758;2688.0
1083;10821;14747;2335.0
1084;10721;14679;2588.0
1085;14679;15304;2087.0
1086;10397;14057;2172.0
1087;14679;10397;1892.0
1088;11884;14679;1027.0
1089;14679;13204;2149.0
1090;13204;14679;2149.0
1091;12758;14831;2384.0
1092;14679;12758;2556.0
1093;14252;12892;851.0
1094;14122;14747;2125.0
1095;14747;14122;2125.0
1096;14262;12478;2378.0
1097;10713;14679;749.0
1098;12264;14679;2253.0
1099;14679;12264;2253.0
1100;14679;14893;480.0
1101;12478;14262;2378.0
1102;14747;10821;2335.0
1103;14262;14057;873.0
1104;14057;14262;873.0
1105;12173;14004;2694.0
1106;14004;12173;2694.0
1107;14747;11638;748.0
1108;11638;14747;748.0
1109;14771;10721;2704.0
1110;11066;14747;2016.0
1111;14747;11066;2016.0
1112;14747;11603;234.0
1113;13851;14747;1519.0
1114;14747;13851;1519.0
1115;11603;14747;234.0
1116;12758;14679;2556.0
1117;11697;12478;1069.0
1118;14843;12478;1598.0
1119;12478;14843;1598.0
1120;10721;11697;1237.0
1121;11697;10721;1237.0
1122;12478;11697;1069.0
1123;12478;13204;944.0
1124;13204;12478;944.0
1125;12892;11697;2343.0
1126;11697;12892;2343.0
1127;12451;10721;1011.0
1128;11697;10423;1105.0
1129;10721;12478;187.0
1130;12478;12451;829.0
1131;11697;14492;680.0
1132;10721;12451;1011.0
1133;12451;12478;829.0
1134;14492;11697;680.0
1135;10721;14524;473.0
1136;14524;10721;473.0
1137;10721;14685;901.0
1138;14685;10721;901.0
1139;10721;15096;265.0
1140;12478;10397;760.0
1141;10792;12478;301.0
1142;12478;10792;301.0
1143;12478;14576;264.0
1144;12478;13495;1182.0
1145;13495;12478;1182.0
1146;12478;14570;2411.0
1147;12197;14843;1624.0
1148;14570;12478;2411.0
1149;10721;12266;1597.0
1150;12478;10721;187.0
1151;12266;10721;1597.0
1152;12478;10693;765.0
1153;10693;12478;765.0
1154;12478;14492;427.0
1155;14492;12478;427.0
1156;12478;11278;213.0
1157;13495;10721;1367.0
1158;10721;13495;1367.0
1159;10721;11433;632.0
1160;11433;10721;632.0
1161;10792;11697;1166.0
1162;12478;15096;209.0
1163;15304;10721;1185.0
1164;10721;10792;395.0
1165;10792;10721;395.0
1166;12478;10529;106.0
1167;11278;12478;213.0
1168;12478;11433;509.0
1169;10397;12478;760.0
1170;10792;12892;2218.0
1171;12892;10792;2218.0
1172;14027;10721;1197.0
1173;10721;14635;1249.0
1174;14635;10721;1249.0
1175;14685;12478;717.0
1176;12478;14685;717.0
1177;12478;11252;891.0
1178;11252;12478;891.0
1179;10721;14869;2105.0
1180;14869;10721;2105.0
1181;10721;14492;612.0
1182;10721;14027;1197.0
1183;14492;10721;612.0
1184;10721;14231;332.0
1185;11433;12478;509.0
1186;14843;12197;1624.0
1187;12478;10994;636.0
1188;10994;12478;636.0
1189;14576;12478;264.0
1190;10721;11252;1068.0
1191;11252;10721;1068.0
1192;10721;10994;818.0
1193;15096;10721;265.0
1194;10994;10721;818.0
1195;11697;10732;982.0
1196;10732;11697;982.0
1197;12197;11697;1097.0
1198;11697;12197;1097.0
1199;11697;10792;1166.0
1200;10529;12478;106.0
1201;10721;11292;1754.0
1202;11292;10721;1754.0
1203;11697;10529;1173.0
1204;10529;11697;1173.0
1205;13204;10529;1050.0
1206;13204;14524;667.0
1207;10529;13204;1050.0
1208;10721;11624;1373.0
1209;11624;10721;1373.0
1210;14231;10721;332.0
1211;10693;10721;942.0
1212;10721;10693;942.0
1213;10397;10721;946.0
1214;14524;13204;667.0
1215;14843;10721;1674.0
1216;10721;15304;1185.0
1217;10721;14843;1674.0
1218;10721;15628;1144.0
1219;15628;10721;1144.0
1220;10721;10397;946.0
1221;14122;10721;496.0
1222;10721;14122;496.0
1223;11042;10721;563.0
1224;10721;11042;563.0
1225;14027;12892;2330.0
1226;12892;14027;2330.0
1227;14307;13204;1072.0
1228;13204;12391;971.0
1229;12391;13204;971.0
1230;11618;14027;1024.0
1231;14027;14307;1148.0
1232;14027;12391;1052.0
1233;12391;14027;1052.0
1234;14635;12197;1102.0
1235;14027;11618;1024.0
1236;10792;13204;1011.0
1237;13204;10792;1011.0
1238;13204;14307;1072.0
1239;11618;13204;937.0
1240;13204;11618;937.0
1241;15096;13204;1053.0
1242;13204;15096;1053.0
1243;13204;13933;1091.0
1244;13933;13204;1091.0
1245;14524;11697;806.0
1246;11697;14524;806.0
1247;14843;13204;1188.0
1248;15304;10529;1111.0
1249;10529;14843;1666.0
1250;10529;15304;1111.0
1251;13204;10257;1073.0
1252;11697;14843;1046.0
1253;15304;14843;1237.0
1254;14635;10529;1180.0
1255;14027;12478;1028.0
1256;11697;13296;1262.0
1257;13204;14843;1188.0
1258;11697;11618;1065.0
1259;14843;11697;1046.0
1260;11697;14122;994.0
1261;11697;10994;470.0
1262;10994;11697;470.0
1263;15304;11697;197.0
1264;14843;15027;94.0
1265;15027;14843;94.0
1266;14254;13204;1178.0
1267;13204;12197;972.0
1268;10732;13204;1129.0
1269;12197;13204;972.0
1270;13204;10732;1129.0
1271;11618;14635;1068.0
1272;10257;11697;1204.0
1273;11697;10257;1204.0
1274;12478;14986;1041.0
1275;14986;12478;1041.0
1276;14254;12478;1617.0
1277;12478;14307;144.0
1278;12391;15304;1034.0
1279;15304;12391;1034.0
1280;12478;14027;1028.0
1281;14843;10529;1666.0
1282;14635;12478;1074.0
1283;11618;11697;1065.0
1284;15304;12478;1005.0
1285;12197;15304;1032.0
1286;12197;14027;1056.0
1287;14027;12197;1056.0
1288;12197;14635;1102.0
1289;14843;15304;1237.0
1290;15304;12197;1032.0
1291;14492;14843;1432.0
1292;14843;14492;1432.0
1293;12478;15304;1005.0
1294;11697;10397;581.0
1295;10397;11697;581.0
1296;14307;12478;144.0
1297;12478;14122;340.0
1298;14307;14027;1148.0
1299;12478;10732;1576.0
1300;13204;14321;1214.0
1301;14321;13204;1214.0
1302;12478;15628;972.0
1303;15628;12478;972.0
1304;11618;14843;1608.0
1305;14843;11618;1608.0
1306;10423;11697;1105.0
1307;13931;11697;781.0
1308;11697;13931;781.0
1309;12391;11697;1092.0
1310;11697;12391;1092.0
1311;14635;11618;1068.0
1312;12478;14635;1074.0
1313;13296;13204;1142.0
1314;13495;11697;673.0
1315;14843;14307;1636.0
1316;10529;14027;1133.0
1317;14027;10529;1133.0
1318;14843;15024;68.0
1319;15024;14843;68.0
1320;10732;12478;1576.0
1321;12478;14254;1617.0
1322;10721;10423;1698.0
1323;10423;10721;1698.0
1324;14307;14843;1636.0
1325;13204;13296;1142.0
1326;13296;11697;1262.0
1327;10257;13204;1073.0
1328;15096;12478;209.0
1329;14635;14307;1200.0
1330;10529;14635;1180.0
1331;13204;14254;1178.0
1332;11697;13933;1211.0
1333;13933;11697;1211.0
1334;11697;13495;673.0
1335;14122;12478;340.0
1336;11697;15304;197.0
1337;11697;14307;1188.0
1338;14122;11697;994.0
1339;14307;11697;1188.0
1340;12478;11292;1626.0
1341;11292;12478;1626.0
1342;11278;14843;1554.0
1343;12478;14869;1990.0
1344;14869;12478;1990.0
1345;12889;10721;2381.0
1346;13204;12889;2039.0
1347;12889;13204;2039.0
1348;11618;12889;2227.0
1349;12889;11618;2227.0
1350;11697;14771;2584.0
1351;14771;11697;2584.0
1352;11697;12889;2173.0
1353;14843;11278;1554.0
1354;14986;10721;1220.0
1355;10721;14986;1220.0
1356;10721;12889;2381.0
1357;10721;15024;1693.0
1358;12889;11697;2173.0
1359;10849;10721;1991.0
1360;10721;10849;1991.0
1361;14635;11433;1084.0
1362;11433;14635;1084.0
1363;11433;14679;1956.0
1364;14869;12266;1195.0
1365;14683;14869;1087.0
1366;10423;13487;1042.0
1367;12280;14869;189.0
1368;14869;10423;1086.0
1369;14771;14869;599.0
1370;14869;14771;599.0
1371;14679;11433;1956.0
1372;14869;14908;588.0
1373;14908;14869;588.0
1374;12266;14869;1195.0
1375;10713;14869;290.0
1376;14869;10713;290.0
1377;12892;11433;1979.0
1378;11433;12892;1979.0
1379;10721;13487;1124.0
1380;13487;12889;1299.0
1381;13487;10721;1124.0
1382;12889;13487;1299.0
1383;10397;12953;762.0
1384;14869;10397;1590.0
1385;12953;10397;762.0
1386;13487;14683;1097.0
1387;14869;13487;991.0
1388;13487;11433;528.0
1389;11697;13487;1487.0
1390;13487;14869;991.0
1391;13487;11292;680.0
1392;11278;13487;931.0
1393;13487;11278;931.0
1394;12953;10721;184.0
1395;12953;12266;1416.0
1396;13198;12953;1107.0
1397;12266;12953;1416.0
1398;11433;14869;1481.0
1399;13487;12953;1020.0
1400;10397;14027;545.0
1401;10397;14869;1590.0
1402;10693;12953;764.0
1403;12953;10693;764.0
1404;12892;10397;1947.0
1405;13342;14869;1247.0
1406;14908;13487;1522.0
1407;13487;10397;907.0
1408;14679;13487;1532.0
1409;11433;10397;594.0
1410;10721;12953;184.0
1411;12953;13198;1107.0
1412;12953;14986;1047.0
1413;14986;12953;1047.0
1414;14869;11697;2084.0
1415;11697;14869;2084.0
1416;15016;14869;1156.0
1417;14869;15016;1156.0
1418;14869;12954;588.0
1419;12266;12478;1417.0
1420;12266;13487;1034.0
1421;13487;12266;1034.0
1422;13486;13487;1013.0
1423;13487;13204;1310.0
1424;10397;13487;907.0
1425;14869;11433;1481.0
1426;11433;13487;528.0
1427;14831;14869;584.0
1428;14869;14831;584.0
1429;14869;10800;574.0
1430;13204;13487;1310.0
1431;13487;14679;1532.0
1432;14635;13487;1416.0
1433;13487;14635;1416.0
1434;13487;14831;1575.0
1435;13487;14908;1522.0
1436;14869;14683;1087.0
1437;13930;13487;334.0
1438;10800;14869;574.0
1439;14689;14869;615.0
1440;14869;14689;615.0
1441;14683;13487;1097.0
1442;14869;13486;436.0
1443;10423;14869;1086.0
1444;13487;10423;1042.0
1445;14869;11292;391.0
1446;11292;14869;391.0
1447;13487;13486;1013.0
1448;12478;12266;1417.0
1449;12451;12953;834.0
1450;12953;12451;834.0
1451;14057;14869;630.0
1452;14869;14057;630.0
1453;14869;12280;189.0
1454;13486;14869;436.0
1455;10397;14771;2139.0
1456;10397;13204;404.0
1457;13204;10397;404.0
1458;10299;10397;3417.0
1459;10397;10299;3417.0
1460;10397;11433;594.0
1461;10397;14843;1547.0
1462;14771;10397;2139.0
1463;10397;12173;4502.0
1464;12173;10397;4502.0
1465;13830;14869;2935.0
1466;14869;13830;2935.0
1467;14869;12758;2966.0
1468;12758;14869;2966.0
1469;12339;13487;503.0
1470;13487;12339;503.0
1471;14831;13487;1575.0
1472;13487;14893;1517.0
1473;14027;10397;545.0
1474;10397;11066;447.0
1475;10397;12889;1747.0
1476;12889;10397;1747.0
1477;11278;11433;405.0
1478;10397;10423;813.0
1479;10423;10397;813.0
1480;11618;13487;1008.0
1481;13487;11618;1008.0
1482;13487;15304;1306.0
1483;15304;13487;1306.0
1484;14893;13487;1517.0
1485;14492;13487;980.0
1486;13487;14492;980.0
1487;10529;10397;859.0
1488;10397;14100;666.0
1489;15376;10397;1541.0
1490;14869;11884;546.0
1491;13891;14869;558.0
1492;14869;13891;558.0
1493;10397;14635;515.0
1494;14635;10397;515.0
1495;10397;13495;425.0
1496;13495;10397;425.0
1497;10397;10599;134.0
1498;10599;10397;134.0
1499;10821;10397;577.0
1500;10397;10821;577.0
1501;10397;15304;406.0
1502;15304;10397;406.0
1503;12953;11292;1620.0
1504;11292;12953;1620.0
1505;10397;10792;712.0
1506;13342;10397;669.0
1507;13487;14986;1342.0
1508;14986;13487;1342.0
1509;14100;13487;981.0
1510;10397;13232;591.0
1511;14683;10397;874.0
1512;14869;14893;532.0
1513;14893;14869;532.0
1514;14869;10821;1865.0
1515;11042;14869;1565.0
1516;14576;11433;296.0
1517;11433;14683;1214.0
1518;14683;10721;1764.0
1519;10792;10397;712.0
1520;13204;14492;534.0
1521;14492;13204;534.0
1522;10397;14683;874.0
1523;12892;12266;1379.0
1524;11433;10693;456.0
1525;12266;11433;1075.0
1526;11433;11278;405.0
1527;14574;10397;357.0
1528;15096;10397;794.0
1529;12441;14869;205.0
1530;14869;12441;205.0
1531;14869;14252;521.0
1532;14252;14869;521.0
1533;14869;12892;590.0
1534;12892;14869;590.0
1535;10397;13891;1900.0
1536;13891;10397;1900.0
1537;11884;14869;546.0
1538;14869;13342;1247.0
1539;14869;11648;532.0
1540;10785;10397;961.0
1541;10397;11624;646.0
1542;11624;10397;646.0
1543;12954;14869;588.0
1544;11066;14869;1528.0
1545;14869;11042;1565.0
1546;12266;10397;689.0
1547;10397;15096;794.0
1548;10397;12266;689.0
1549;10397;12451;269.0
1550;13487;11884;1175.0
1551;10821;13487;936.0
1552;13487;10821;936.0
1553;10397;13342;669.0
1554;10397;14986;444.0
1555;14986;10397;444.0
1556;10423;13204;994.0
1557;13487;13930;334.0
1558;10397;10529;859.0
1559;12264;10397;534.0
1560;10397;10800;1941.0
1561;10800;10397;1941.0
1562;10397;11481;240.0
1563;11066;10397;447.0
1564;10397;14689;2022.0
1565;14689;10397;2022.0
1566;12892;13244;1619.0
1567;12892;13198;1363.0
1568;13198;12892;1363.0
1569;14492;15304;587.0
1570;15304;14492;587.0
1571;10821;14869;1865.0
1572;14869;11066;1528.0
1573;11292;10397;1199.0
1574;10397;11292;1199.0
1575;11433;10423;1149.0
1576;13487;11648;1025.0
1577;11648;13487;1025.0
1578;10397;14321;1027.0
1579;15380;11433;207.0
1580;11433;13495;926.0
1581;13495;11433;926.0
1582;11433;11292;1123.0
1583;11292;13487;680.0
1584;10397;12264;534.0
1585;10397;11278;547.0
1586;11278;10397;547.0
1587;11775;10397;954.0
1588;10397;10257;853.0
1589;10257;10397;853.0
1590;11433;15380;207.0
1591;14683;11433;1214.0
1592;12892;14683;1211.0
1593;10397;13930;606.0
1594;13930;10397;606.0
1595;10397;15376;1541.0
1596;10529;13487;1050.0
1597;12945;10397;304.0
1598;10397;14307;903.0
1599;11433;14122;201.0
1600;13487;10529;1050.0
1601;10627;13487;386.0
1602;14307;10397;903.0
1603;12953;11433;502.0
1604;13487;14100;981.0
1605;13487;15016;448.0
1606;12953;13487;1020.0
1607;10423;11433;1149.0
1608;11433;12266;1075.0
1609;11433;14986;1022.0
1610;14986;11433;1022.0
1611;14679;14869;626.0
1612;14869;14679;626.0
1613;13244;12892;1619.0
1614;11648;14869;532.0
1615;14869;13244;1262.0
1616;13487;10627;386.0
1617;11433;15304;983.0
1618;15304;11433;983.0
1619;11433;12339;231.0
1620;13244;14869;1262.0
1621;10397;14122;526.0
1622;10397;14576;749.0
1623;14122;10397;526.0
1624;11433;13204;957.0
1625;13204;14869;1931.0
1626;11292;11433;1123.0
1627;15016;13487;448.0
1628;10693;11433;456.0
1629;10423;12889;1090.0
1630;12889;10423;1090.0
1631;11433;11697;1127.0
1632;11697;11433;1127.0
1633;13204;11433;957.0
1634;10397;13851;761.0
1635;15096;11433;374.0
1636;11433;12953;502.0
1637;10397;14574;357.0
1638;10397;11977;774.0
1639;13204;10423;994.0
1640;11884;13487;1175.0
1641;10397;10785;961.0
1642;15016;11433;440.0
1643;11977;10397;774.0
1644;12451;10397;269.0
1645;10397;11109;1184.0
1646;11109;10397;1184.0
1647;11481;10397;240.0
1648;10397;15016;484.0
1649;15016;10397;484.0
1650;10713;13487;1142.0
1651;13487;10713;1142.0
1652;14869;13204;1931.0
1653;11433;15016;440.0
1654;12266;12892;1379.0
1655;13232;10397;591.0
1656;13487;11775;196.0
1657;12451;13487;1173.0
1658;13487;12451;1173.0
1659;11775;13487;196.0
1660;14576;10397;749.0
1661;10397;11775;954.0
1662;14683;12892;1211.0
1663;10693;13487;695.0
1664;13487;10693;695.0
1665;14321;10397;1027.0
1666;14869;10620;387.0
1667;10423;15304;928.0
1668;15304;10423;928.0
1669;10721;14683;1764.0
1670;10397;10994;259.0
1671;10397;12945;304.0
1672;10397;13931;516.0
1673;13931;10397;516.0
1674;10397;11618;746.0
1675;10994;10397;259.0
1676;10397;10408;765.0
1677;10397;13502;1352.0
1678;13502;10397;1352.0
1679;11996;10397;153.0
1680;12892;13495;1671.0
1681;13495;12892;1671.0
1682;12478;14683;1587.0
1683;14683;12478;1587.0
1684;10397;11996;153.0
1685;11193;15304;773.0
1686;15304;11193;773.0
1687;11540;10397;1282.0
1688;10397;11193;373.0
1689;11193;10397;373.0
1690;11193;13204;757.0
1691;13204;11193;757.0
1692;10408;10397;765.0
1693;11433;14576;296.0
1694;11433;12889;1749.0
1695;12889;11433;1749.0
1696;11433;15096;374.0
1697;10397;11540;1282.0
1698;12217;10397;151.0
1699;13198;14869;920.0
1700;14869;13198;920.0
1701;13244;10397;332.0
1702;14869;14570;422.0
1703;11618;10397;746.0
1704;14570;14869;422.0
1705;14635;14869;1985.0
1706;14869;14635;1985.0
1707;14869;10849;347.0
1708;13851;10397;761.0
1709;10397;13244;332.0
1710;15624;10397;250.0
1711;10397;10713;1838.0
1712;10713;10397;1838.0
1713;14869;10693;1404.0
1714;10397;11003;694.0
1715;10397;15624;250.0
1716;15412;10397;152.0
1717;10620;14869;387.0
1718;13487;13495;1040.0
1719;13495;13487;1040.0
1720;11042;10397;554.0
1721;12339;14869;1355.0
1722;12892;13487;1535.0
1723;10693;14869;1404.0
1724;13495;14869;1429.0
1725;14869;12264;1827.0
1726;13487;13198;393.0
1727;13487;11697;1487.0
1728;12264;14869;1827.0
1729;14262;14869;541.0
1730;14869;14262;541.0
1731;13487;12892;1535.0
1732;14869;13495;1429.0
1733;11003;10397;694.0
1734;10397;14685;215.0
1735;14685;10397;215.0
1736;10849;14869;347.0
1737;10397;11042;554.0
1738;14771;11433;2079.0
1739;10299;13487;2519.0
1740;13487;10299;2519.0
1741;11193;12892;1900.0
1742;13487;14843;2404.0
1743;14843;13487;2404.0
1744;14908;10397;1919.0
1745;10397;14908;1919.0
1746;12892;11193;1900.0
1747;12892;15304;2158.0
1748;10397;15024;1599.0
1749;15024;10397;1599.0
1750;12889;14869;368.0
1751;14869;12889;368.0
1752;15304;14869;1888.0
1753;11193;12889;1678.0
1754;14869;15304;1888.0
1755;11278;14869;1851.0
1756;14869;11278;1851.0
1757;15304;12892;2158.0
1758;14843;10397;1547.0
1759;11433;14771;2079.0
1760;15919;10397;589.0
1761;10397;10868;192.0
1762;10397;10849;1640.0
1763;10849;10397;1640.0
1764;10397;12094;1340.0
1765;12094;10397;1340.0
1766;15024;10721;1693.0
1767;10397;11503;1312.0
1768;11503;10397;1312.0
1769;10397;14570;1993.0
1770;14570;10397;1993.0
1771;14908;11433;1960.0
1772;10397;12197;781.0
1773;10397;15370;674.0
1774;15370;10397;674.0
1775;10397;11995;306.0
1776;11995;10397;306.0
1777;10397;12441;1572.0
1778;12441;10397;1572.0
1779;11433;14908;1960.0
1780;14100;14869;1927.0
1781;14869;12339;1355.0
1782;13487;11637;223.0
1783;13487;14262;1454.0
1784;14262;13487;1454.0
1785;11433;12173;4475.0
1786;12173;13487;3972.0
1787;11193;14635;879.0
1788;14635;11193;879.0
1789;14869;11193;1450.0
1790;14893;10397;2092.0
1791;10397;14730;321.0
1792;12992;10397;453.0
1793;10397;11986;640.0
1794;10397;14262;1840.0
1795;14262;10397;1840.0
1796;10397;13830;4431.0
1797;13830;10397;4431.0
1798;11618;14869;1969.0
1799;14869;11618;1969.0
1800;13485;13487;228.0
1801;13487;14771;1589.0
1802;12173;11433;4475.0
1803;11433;14027;1086.0
1804;14027;11433;1086.0
1805;10529;11433;549.0
1806;10397;13198;692.0
1807;13198;10397;692.0
1808;11637;10397;1123.0
1809;14492;12889;2026.0
1810;11986;10397;640.0
1811;13487;12173;3972.0
1812;11433;14492;501.0
1813;11193;13487;596.0
1814;11986;13487;408.0
1815;11193;11697;932.0
1816;11697;11193;932.0
1817;13487;13485;228.0
1818;11637;13487;223.0
1819;14831;10397;2116.0
1820;10397;14831;2116.0
1821;14869;14492;1824.0
1822;11433;10529;549.0
1823;10397;11884;1969.0
1824;11884;10397;1969.0
1825;13487;11193;596.0
1826;13487;10849;874.0
1827;10849;13487;874.0
1828;14771;13487;1589.0
1829;13487;15376;1298.0
1830;15376;13487;1298.0
1831;13487;11986;408.0
1832;12889;14492;2026.0
1833;11433;14843;1930.0
1834;14843;11433;1930.0
1835;14524;10397;481.0
1836;10397;15412;152.0
1837;10693;10397;214.0
1838;10397;10693;214.0
1839;10781;10397;448.0
1840;10208;10397;143.0
1841;10397;10208;143.0
1842;11973;10397;352.0
1843;10397;13230;620.0
1844;10397;12217;151.0
1845;10980;10397;106.0
1846;10397;12448;340.0
1847;12448;10397;340.0
1848;15249;10397;223.0
1849;10397;12278;782.0
1850;12278;10397;782.0
1851;10140;10397;1269.0
1852;14492;11433;501.0
1853;14100;11433;453.0
1854;11433;13930;235.0
1855;11433;13198;629.0
1856;13198;11433;629.0
1857;13487;10620;748.0
1858;11193;14869;1450.0
1859;10397;14193;272.0
1860;10397;10140;1269.0
1861;10397;11953;300.0
1862;11953;10397;300.0
1863;10620;13487;748.0
1864;10397;12992;453.0
1865;10397;14524;481.0
1866;10397;11423;743.0
1867;10397;13871;821.0
1868;13871;10397;821.0
1869;12339;10397;432.0
1870;10397;14893;2092.0
1871;14492;12953;431.0
1872;12953;14492;431.0
1873;13198;13487;393.0
1874;10397;14783;563.0
1875;14783;10397;563.0
1876;10397;12191;696.0
1877;12191;10397;696.0
1878;10397;11973;352.0
1879;11423;10397;743.0
1880;10397;12339;432.0
1881;13487;14027;1451.0
1882;14027;13487;1451.0
1883;13360;10397;443.0
1884;10397;13577;317.0
1885;13577;10397;317.0
1886;13230;10397;620.0
1887;12197;10397;781.0
1888;10397;13360;443.0
1889;11267;10397;432.0
1890;14122;14869;1660.0
1891;14869;14122;1660.0
1892;14492;14869;1824.0
1893;11433;13342;237.0
1894;13342;11433;237.0
1895;11433;10821;409.0
1896;14492;10397;356.0
1897;10397;11259;721.0
1898;11259;10397;721.0
1899;10868;10397;192.0
1900;10397;10980;106.0
1901;10397;10431;164.0
1902;10431;10397;164.0
1903;11433;11977;287.0
1904;11977;11433;287.0
1905;11433;11996;508.0
1906;11433;12451;813.0
1907;12451;11433;813.0
1908;10792;11433;241.0
1909;11433;14100;453.0
1910;11433;11618;488.0
1911;11618;11433;488.0
1912;11996;11433;508.0
1913;10397;11252;366.0
1914;11252;10397;366.0
1915;14193;10397;272.0
1916;10397;14492;356.0
1917;11433;13244;610.0
1918;14122;11433;201.0
1919;11066;13487;626.0
1920;13487;11066;626.0
1921;14730;10397;321.0
1922;10397;11267;432.0
1923;12323;10397;377.0
1924;13422;10397;302.0
1925;10397;13485;707.0
1926;13485;10397;707.0
1927;13930;11433;235.0
1928;10397;13422;302.0
1929;13487;14685;1092.0
1930;14685;13487;1092.0
1931;10397;10781;448.0
1932;14685;11433;705.0
1933;11433;14685;705.0
1934;11433;10792;241.0
1935;10821;11433;409.0
1936;10397;15249;223.0
1937;10397;12323;377.0
1938;14679;12889;258.0
1939;11292;13485;826.0
1940;10423;14679;1164.0
1941;10821;14843;1565.0
1942;13204;10821;787.0
1943;12451;14843;1288.0
1944;14843;12451;1288.0
1945;12264;13303;922.0
1946;13303;12264;922.0
1947;10821;13204;787.0
1948;13485;11292;826.0
1949;11292;11278;1476.0
1950;11278;11292;1476.0
1951;11292;12889;628.0
1952;14027;11042;1020.0
1953;11042;14027;1020.0
1954;12889;11292;628.0
1955;11042;11292;1201.0
1956;13204;14683;1041.0
1957;14683;13204;1041.0
1958;11292;13495;1062.0
1959;13495;11292;1062.0
1960;11292;11042;1201.0
1961;12889;14679;258.0
1962;14679;10423;1164.0
1963;12889;11540;584.0
1964;11540;12889;584.0
1965;11292;12266;861.0
1966;13204;13232;990.0
1967;15304;15016;869.0
1968;15016;15304;869.0
1969;12266;12889;1222.0
1970;12889;12266;1222.0
1971;14908;12889;226.0
1972;12889;14908;226.0
1973;12889;11042;1824.0
1974;12889;15016;1371.0
1975;15016;12889;1371.0
1976;12889;14570;345.0
1977;14570;12889;345.0
1978;10423;11292;775.0
1979;11292;14004;1036.0
1980;14004;11292;1036.0
1981;12264;15304;811.0
1982;15304;12264;811.0
1983;11292;15412;1162.0
1984;15412;11292;1162.0
1985;13204;12266;854.0
1986;12266;13204;854.0
1987;11292;15304;1506.0
1988;15304;11292;1506.0
1989;11003;11292;692.0
1990;11292;11003;692.0
1991;11042;13204;895.0
1992;13204;11042;895.0
1993;13204;15356;896.0
1994;11292;11193;1069.0
1995;11292;13204;1547.0
1996;12889;10800;223.0
1997;10800;12889;223.0
1998;13891;12889;197.0
1999;14843;10821;1565.0
2000;10821;15304;842.0
2001;13930;10821;622.0
2002;12339;14492;489.0
2003;12889;11193;1678.0
2004;11042;15304;927.0
2005;13204;12339;829.0
2006;12339;13204;829.0
2007;14635;10792;1144.0
2008;13204;11292;1547.0
2009;11193;11292;1069.0
2010;11292;15376;639.0
2011;15376;11292;639.0
2012;12266;11292;861.0
2013;11292;14908;846.0
2014;14908;11292;846.0
2015;15356;13204;896.0
2016;12264;13204;758.0
2017;13204;12264;758.0
2018;11775;11292;483.0
2019;11292;11775;483.0
2020;11292;14893;909.0
2021;14893;11292;909.0
2022;11042;12889;1824.0
2023;13232;13204;990.0
2024;13303;13232;1182.0
2025;13232;13303;1182.0
2026;15304;11042;927.0
2027;11697;11042;1062.0
2028;11042;11697;1062.0
2029;11423;11292;589.0
2030;11292;11423;589.0
2031;11292;10423;775.0
2032;14492;11042;416.0
2033;11042;14492;416.0
2034;10821;13930;622.0
2035;15304;10821;842.0
2036;14492;12339;489.0
2037;13204;13342;1066.0
2038;13342;13204;1066.0
2039;15016;11292;770.0
2040;15356;15304;955.0
2041;15304;15356;955.0
2042;13204;13495;551.0
2043;13495;13204;551.0
2044;10792;14635;1144.0
2045;12266;13232;917.0
2046;13232;12266;917.0
2047;14100;14122;268.0
2048;14122;14100;268.0
2049;13891;11292;819.0
2050;11292;14683;794.0
2051;14122;11292;1290.0
2052;11292;14122;1290.0
2053;13204;14122;834.0
2054;14122;13204;834.0
2055;12266;13891;1334.0
2056;13891;12266;1334.0
2057;14843;12264;1572.0
2058;12264;14843;1572.0
2059;12889;13891;197.0
2060;13891;14771;363.0
2061;14683;12889;1069.0
2062;12889;14683;1069.0
2063;14679;14771;447.0
2064;14683;11292;794.0
2065;14100;14986;957.0
2066;14986;14100;957.0
2067;14100;14492;337.0
2068;14492;14100;337.0
2069;13198;11292;533.0
2070;11292;13198;533.0
2071;11637;11292;627.0
2072;11292;11637;627.0
2073;12892;14893;373.0
2074;14893;12892;373.0
2075;12892;11292;862.0
2076;13204;15016;882.0
2077;15016;13204;882.0
2078;12889;14893;397.0
2079;14893;12889;397.0
2080;14843;11042;1839.0
2081;11042;14843;1839.0
2082;14193;11292;1179.0
2083;11292;14193;1179.0
2084;13204;13871;1211.0
2085;13871;13204;1211.0
2086;15919;11292;616.0
2087;11292;14771;967.0
2088;11292;15919;616.0
2089;11986;11292;1015.0
2090;11292;11986;1015.0
2091;11292;12892;862.0
2092;14771;11292;967.0
2093;11292;13851;495.0
2094;13851;11292;495.0
2095;11292;11540;563.0
2096;11540;11292;563.0
2097;13303;11193;948.0
2098;11193;13303;948.0
2099;12266;14107;1009.0
2100;14107;12266;1009.0
2101;11042;14635;1025.0
2102;14635;11042;1025.0
2103;12953;11193;585.0
2104;11193;12953;585.0
2105;11292;13891;819.0
2106;14492;11292;1436.0
2107;11292;14492;1436.0
2108;14771;14679;447.0
2109;14771;13891;363.0
2110;10693;11292;1013.0
2111;11292;10693;1013.0
2112;11292;15016;770.0
2113;15412;13204;532.0
2114;15412;10423;882.0
2115;10423;15412;882.0
2116;13204;15412;532.0
2117;14761;11721;988.0
2118;14986;11721;1075.0
2119;11721;14986;1075.0
2120;11721;14761;988.0
2121;10466;11775;1072.0
2122;11775;10466;1072.0
2123;11648;10466;1044.0
2124;10466;11648;1044.0
2125;11986;14112;1044.0
2126;14112;11986;1044.0
2127;11986;10423;1103.0
2128;10423;11986;1103.0
2129;11823;14082;986.0
2130;14082;11823;986.0
2131;14108;14082;1044.0
2132;14082;14108;1044.0
2133;14082;13230;963.0
2134;13230;14082;963.0
2135;14082;13367;1113.0
2136;13367;14082;1113.0
2137;10466;11986;1561.0
2138;10466;11884;1034.0
2139;11884;10466;1034.0
2140;12339;11697;1005.0
2141;11697;12339;1005.0
2142;12889;11986;1642.0
2143;11986;12889;1642.0
2144;14082;11986;1118.0
2145;11986;14082;1118.0
2146;11721;12889;1733.0
2147;12889;11721;1733.0
2148;10466;10627;1092.0
2149;10627;10466;1092.0
2150;10466;11003;1240.0
2151;11003;10466;1240.0
2152;12451;11986;880.0
2153;12451;10874;719.0
2154;10874;12451;719.0
2155;11986;12451;880.0
2156;14952;14082;995.0
2157;14082;14952;995.0
2158;10257;14082;1185.0
2159;14082;10257;1185.0
2160;12889;12339;1590.0
2161;14082;12339;916.0
2162;12339;14082;916.0
2163;12339;12889;1590.0
2164;10408;14112;1173.0
2165;10135;11697;1041.0
2166;10135;14112;970.0
2167;14112;10135;970.0
2168;14112;10408;1173.0
2169;15412;12191;782.0
2170;15412;12889;1739.0
2171;12889;15412;1739.0
2172;12191;15412;782.0
2173;14057;12280;539.0
2174;14057;14314;664.0
2175;12280;14057;539.0
2176;14314;14057;664.0
2177;11423;10721;1165.0
2178;10721;11423;1165.0
2179;10466;11423;1137.0
2180;11423;10466;1137.0
2181;14761;10431;465.0
2182;11697;10431;661.0
2183;10431;14761;465.0
2184;14112;11193;776.0
2185;14112;10431;519.0
2186;11193;10423;958.0
2187;10423;11193;958.0
2188;10431;14112;519.0
2189;11193;14112;776.0
2190;15412;11618;631.0
2191;11618;15412;631.0
2192;14112;15412;550.0
2193;15412;14112;550.0
2194;14696;10466;1501.0
2195;10466;14696;1501.0
2196;14252;10466;977.0
2197;10466;14252;977.0
2198;11423;14112;1126.0
2199;14112;11423;1126.0
2200;14761;15380;1127.0
2201;15380;14761;1127.0
2202;15412;14761;511.0
2203;14761;15412;511.0
2204;14761;15919;920.0
2205;15919;14761;920.0
2206;12280;10466;705.0
2207;10466;12280;705.0
2208;11603;10466;971.0
2209;10466;10620;878.0
2210;10620;10466;878.0
2211;10466;11603;971.0
2212;14986;14122;912.0
2213;14986;10874;934.0
2214;10874;14986;934.0
2215;14122;14986;912.0
2216;14986;12945;743.0
2217;12945;14986;743.0
2218;14783;14082;975.0
2219;14082;14512;1127.0
2220;14082;14783;975.0
2221;14512;14082;1127.0
2222;10466;13433;1164.0
2223;10466;14783;1066.0
2224;14783;10466;1066.0
2225;13433;10466;1164.0
2226;14108;10466;1312.0
2227;10466;14108;1312.0
2228;14082;14307;1184.0
2229;14082;11003;1170.0
2230;11003;14082;1170.0
2231;14307;14082;1184.0
2232;11618;11193;569.0
2233;11193;11618;569.0
2234;11624;11193;1013.0
2235;11193;11624;1013.0
2236;12264;14082;870.0
2237;12544;14082;588.0
2238;10676;14082;921.0
2239;14082;10676;921.0
2240;14082;12544;588.0
2241;14082;12264;870.0
2242;10431;11697;661.0
2243;14112;14122;878.0
2244;14122;14112;878.0
2245;12451;14122;694.0
2246;14122;12451;694.0
2247;14986;10257;1167.0
2248;10257;14986;1167.0
2249;10693;10408;570.0
2250;14761;10408;1141.0
2251;10408;10693;570.0
2252;10408;14761;1141.0
2253;10135;13360;914.0
2254;14761;10135;882.0
2255;13360;10135;914.0
2256;10135;14761;882.0
2257;15070;14082;1101.0
2258;14082;15380;1245.0
2259;14082;15070;1101.0
2260;15380;14082;1245.0
2261;14908;11109;815.0
2262;14908;14314;565.0
2263;10466;14314;477.0
2264;14314;14908;565.0
2265;11109;14908;815.0
2266;14314;10466;477.0
2267;14122;11624;1102.0
2268;11624;14122;1102.0
2269;14986;12339;876.0
2270;14112;12339;840.0
2271;12339;14761;807.0
2272;12339;14986;876.0
2273;12339;14112;840.0
2274;14761;12339;807.0
2275;11423;14635;1236.0
2276;14635;11423;1236.0
2277;11618;11423;1017.0
2278;11423;11618;1017.0
2279;13871;14986;1222.0
2280;14986;13871;1222.0
2281;11823;14986;948.0
2282;14986;11823;948.0
2283;11697;10135;1041.0
2284;14025;11697;1334.0
2285;11697;14025;1334.0
2286;14082;10135;1018.0
2287;10135;14082;1018.0
2288;10693;14314;1388.0
2289;14314;10693;1388.0
2290;14696;14082;1049.0
2291;14082;14696;1049.0
2292;14082;11721;1111.0
2293;11721;14112;1040.0
2294;11721;14082;1111.0
2295;14112;11721;1040.0
2296;10466;15008;1259.0
2297;10466;11637;1220.0
2298;11637;10466;1220.0
2299;15008;10466;1259.0
2300;10408;14082;1250.0
2301;14082;10408;1250.0
2302;10408;14635;1279.0
2303;14635;10408;1279.0
2304;10693;14082;692.0
2305;15295;14082;1017.0
2306;14082;15295;1017.0
2307;14082;10693;692.0
2308;14082;13495;545.0
2309;13495;14082;545.0
2310;14730;14986;765.0
2311;14986;14730;765.0
2312;14986;10676;876.0
2313;10676;14986;876.0
2314;14082;12917;890.0
2315;12917;14082;890.0
2316;14082;10431;588.0
2317;10431;10721;783.0
2318;10431;14082;588.0
2319;10721;10431;783.0
2320;10408;10466;1452.0
2321;10466;10408;1452.0
2322;10408;14986;1209.0
2323;11986;14986;1081.0
2324;14986;11986;1081.0
2325;14986;10408;1209.0
2326;10466;15919;1006.0
2327;15919;10466;1006.0
2328;10466;14512;1373.0
2329;14457;10466;873.0
2330;10466;14457;873.0
2331;14512;10466;1373.0
2332;10466;11980;905.0
2333;11980;10466;905.0
2334;11193;14082;850.0
2335;14082;11193;850.0
2336;11193;13360;789.0
2337;13360;11193;789.0
2338;10849;10466;861.0
2339;10466;10849;861.0
2340;14082;14122;941.0
2341;14027;14122;952.0
2342;14122;14027;952.0
2343;14122;14082;941.0
2344;13198;14082;1125.0
2345;14082;13198;1125.0
2346;14082;14259;1279.0
2347;14259;14082;1279.0
2348;11423;14082;1206.0
2349;11775;10693;741.0
2350;10693;11775;741.0
2351;14082;11423;1206.0
2352;15412;14082;624.0
2353;14082;15412;624.0
2354;14082;12945;781.0
2355;12945;14082;781.0
2356;14082;15096;1164.0
2357;12265;14082;1129.0
2358;14082;12265;1129.0
2359;15096;14082;1164.0
2360;13486;10466;948.0
2361;11986;10466;1561.0
2362;10466;13486;948.0
2363;14986;11193;812.0
2364;11193;14986;812.0
2365;12451;12264;631.0
2366;12264;12451;631.0
2367;12451;11193;613.0
2368;11193;12451;613.0
2369;14986;14696;1009.0
2370;15096;14986;1142.0
2371;14696;14986;1009.0
2372;14986;15096;1142.0
2373;10431;13204;488.0
2374;13204;10431;488.0
2375;10431;12264;371.0
2376;12264;10431;371.0
2377;11775;12889;1104.0
2378;11980;12889;971.0
2379;14716;12889;359.0
2380;12889;14716;359.0
2381;12889;11980;971.0
2382;12889;11775;1104.0
2383;12889;13244;1416.0
2384;13244;12889;1416.0
2385;11423;12889;1216.0
2386;12889;11423;1216.0
2387;11003;12889;1319.0
2388;12889;14783;1209.0
2389;14783;12889;1209.0
2390;12889;11003;1319.0
2391;12889;13256;1210.0
2392;13256;12889;1210.0
2393;12889;13871;1099.0
2394;13871;12889;1099.0
2395;14108;12889;1413.0
2396;12889;11638;259.0
2397;12889;13476;375.0
2398;13476;12889;375.0
2399;12889;14108;1413.0
2400;11638;12889;259.0
2401;12889;12280;539.0
2402;12280;14908;748.0
2403;12889;15370;1076.0
2404;14908;12280;748.0
2405;12280;12889;539.0
2406;15370;12889;1076.0
2407;11109;14112;1472.0
2408;14112;11109;1472.0
2409;15624;11193;600.0
2410;11193;15624;600.0
2411;11721;15624;874.0
2412;11193;14761;735.0
2413;15624;11721;874.0
2414;14761;11193;735.0
2415;14112;11624;238.0
2416;14112;12917;821.0
2417;11624;14112;238.0
2418;14112;15096;1111.0
2419;15096;14112;1111.0
2420;12917;14112;821.0
2421;11996;14112;482.0
2422;14112;14512;1049.0
2423;10685;14112;936.0
2424;14112;10685;936.0
2425;14112;11996;482.0
2426;14512;14112;1049.0
2427;12003;12889;810.0
2428;12889;10620;754.0
2429;10620;12889;754.0
2430;12889;12003;810.0
2431;12889;13486;750.0
2432;13486;12889;750.0
2433;13061;12889;1092.0
2434;14107;14716;603.0
2435;12889;13061;1092.0
2436;14716;14107;603.0
2437;15070;14761;965.0
2438;11537;14761;954.0
2439;14761;11537;954.0
2440;14761;15070;965.0
2441;14512;14761;1025.0
2442;14696;14761;936.0
2443;14761;14696;936.0
2444;14761;14512;1025.0
2445;12889;10666;954.0
2446;10666;12889;954.0
2447;14685;12917;539.0
2448;11697;14685;422.0
2449;12917;11697;961.0
2450;15919;15624;601.0
2451;10676;15624;587.0
2452;15624;10676;587.0
2453;15624;15919;601.0
2454;14524;14112;732.0
2455;14112;14783;895.0
2456;14783;14112;895.0
2457;14112;11267;831.0
2458;11267;14112;831.0
2459;14112;14524;732.0
2460;14761;11637;1508.0
2461;14761;15096;1029.0
2462;15096;14761;1029.0
2463;11637;14761;1508.0
2464;10693;11986;470.0
2465;10257;10693;825.0
2466;13577;10257;685.0
2467;10693;10257;825.0
2468;11986;10693;470.0
2469;10257;13577;685.0
2470;14685;11697;422.0
2471;14122;14685;579.0
2472;14685;14122;579.0
2473;11697;12917;961.0
2474;12917;14685;539.0
2475;10666;13796;764.0
2476;13796;10666;764.0
2477;10666;14262;1078.0
2478;14262;10666;1078.0
2479;11292;14108;793.0
2480;10693;14108;353.0
2481;14108;10693;353.0
2482;14108;11292;793.0
2483;10581;14761;1299.0
2484;14761;10581;1299.0
2485;14025;14761;1175.0
2486;14761;14025;1175.0
2487;10713;14908;688.0
2488;10713;12889;519.0
2489;14252;12889;732.0
2490;12889;10713;519.0
2491;14908;10713;688.0
2492;12889;14252;732.0
2493;14112;11775;1334.0
2494;10581;14112;1394.0
2495;14112;10581;1394.0
2496;11775;14112;1334.0
2497;15070;11697;1118.0
2498;11697;11986;1198.0
2499;11697;15070;1118.0
2500;11986;11697;1198.0
2501;14112;10257;1138.0
2502;14112;14025;1262.0
2503;14025;14112;1262.0
2504;10257;14112;1138.0
2505;11003;11697;1273.0
2506;11697;11775;1526.0
2507;11775;11697;1526.0
2508;11697;11003;1273.0
2509;14112;14108;965.0
2510;11823;14112;912.0
2511;14112;12945;707.0
2512;14108;14112;965.0
2513;14112;11823;912.0
2514;12945;14112;707.0
2515;14761;10676;835.0
2516;14574;14761;594.0
2517;14761;14574;594.0
2518;10676;14761;835.0
2519;15295;14761;895.0
2520;14761;15295;895.0
2521;11697;11996;620.0
2522;11697;12217;710.0
2523;12217;11697;710.0
2524;11996;11697;620.0
2525;11697;15412;709.0
2526;15412;11697;709.0
2527;13230;14761;827.0
2528;12917;14761;767.0
2529;14761;13230;827.0
2530;14761;12917;767.0
2531;14761;12119;780.0
2532;12119;14761;780.0
2533;14761;11003;1078.0
2534;11423;14761;1124.0
2535;14761;11423;1124.0
2536;11003;14761;1078.0
2537;13230;14112;912.0
2538;10676;16422;582.0
2539;10676;14112;841.0
2540;16422;10676;582.0
2541;14112;10676;841.0
2542;14112;13230;912.0
2543;14761;11986;1001.0
2544;12945;14761;667.0
2545;11986;14761;1001.0
2546;10980;14761;490.0
2547;14761;10980;490.0
2548;14761;12945;667.0
2549;11697;14730;895.0
2550;12544;11697;643.0
2551;14730;11697;895.0
2552;11697;12544;643.0
2553;14112;12544;528.0
2554;13871;14112;1188.0
2555;14112;12223;721.0
2556;14112;13871;1188.0
2557;12223;14112;721.0
2558;12544;14112;528.0
2559;14761;14783;914.0
2560;14783;14761;914.0
2561;12544;14761;457.0
2562;14761;12544;457.0
2563;14761;10158;829.0
2564;10158;14761;829.0
2565;14108;14761;949.0
2566;10693;14761;598.0
2567;14761;14108;949.0
2568;14761;10693;598.0
2569;14761;11823;870.0
2570;11823;14761;870.0
2571;14685;13303;440.0
2572;10620;11298;1081.0
2573;11298;10620;1081.0
2574;10140;14107;328.0
2575;14107;10140;328.0
2576;11041;14107;306.0
2577;10599;11298;597.0
2578;11298;10599;597.0
2579;10747;11298;482.0
2580;11298;11612;642.0
2581;11612;11298;642.0
2582;13422;11298;539.0
2583;11298;13422;539.0
2584;11298;10136;158.0
2585;11995;13303;710.0
2586;13930;10980;501.0
2587;14783;11298;364.0
2588;11298;11637;967.0
2589;11637;11298;967.0
2590;11049;11298;164.0
2591;11298;11049;164.0
2592;13303;11995;710.0
2593;15624;13303;499.0
2594;13303;15249;402.0
2595;15249;13303;402.0
2596;11996;13303;637.0
2597;13303;11996;637.0
2598;13342;13303;1258.0
2599;13851;13930;693.0
2600;13930;13244;491.0
2601;13244;13930;491.0
2602;13303;13342;1258.0
2603;15304;10693;612.0
2604;10693;15304;612.0
2605;13930;10713;1437.0
2606;13930;11193;264.0
2607;10140;13930;1118.0
2608;10713;13930;1437.0
2609;13851;13303;1222.0
2610;13303;15096;1217.0
2611;15096;13303;1217.0
2612;11298;15323;868.0
2613;14588;11298;435.0
2614;11298;12217;603.0
2615;12217;11298;603.0
2616;10980;11298;695.0
2617;11298;10980;695.0
2618;10279;11298;312.0
2619;10136;11298;158.0
2620;11298;10279;312.0
2621;11298;10627;977.0
2622;11066;13930;296.0
2623;11298;14108;672.0
2624;11298;12951;351.0
2625;12951;11298;351.0
2626;11298;15401;181.0
2627;15401;11298;181.0
2628;11298;11921;772.0
2629;11298;13158;309.0
2630;13158;11298;309.0
2631;11298;10408;908.0
2632;10408;11298;908.0
2633;11298;12191;247.0
2634;12191;11298;247.0
2635;11298;14783;364.0
2636;10627;11298;977.0
2637;11298;10868;922.0
2638;12992;13930;552.0
2639;13303;14193;530.0
2640;14193;13303;530.0
2641;13303;13851;1222.0
2642;13303;15412;724.0
2643;15412;13303;724.0
2644;11540;14107;347.0
2645;14107;11540;347.0
2646;14107;14698;509.0
2647;14698;14107;509.0
2648;14107;11041;306.0
2649;13303;14685;440.0
2650;15919;13303;1099.0
2651;10685;11298;690.0
2652;11298;10685;690.0
2653;11298;11140;355.0
2654;13486;11298;1320.0
2655;11298;10781;383.0
2656;10155;11298;90.0
2657;11298;10155;90.0
2658;10781;11298;383.0
2659;13303;11423;1327.0
2660;13930;11042;316.0
2661;11042;13930;316.0
2662;12197;13930;738.0
2663;13930;14986;1050.0
2664;14986;13930;1050.0
2665;13930;10140;1118.0
2666;15323;11298;868.0
2667;13198;11278;949.0
2668;11278;12992;888.0
2669;11278;11423;897.0
2670;11423;11278;897.0
2671;10713;14107;735.0
2672;14107;10713;735.0
2673;13930;11995;589.0
2674;13930;12884;179.0
2675;11995;13930;589.0
2676;11066;13303;990.0
2677;10685;13930;116.0
2678;13930;10685;116.0
2679;13930;11066;296.0
2680;14783;13930;438.0
2681;14457;11298;835.0
2682;11298;13377;293.0
2683;10868;11298;922.0
2684;11298;14588;435.0
2685;14108;11298;672.0
2686;11298;12896;282.0
2687;11298;10747;482.0
2688;11298;11778;227.0
2689;13290;11298;431.0
2690;11778;11298;227.0
2691;15919;11278;963.0
2692;10792;11278;296.0
2693;11278;10792;296.0
2694;10800;14107;369.0
2695;14107;10800;369.0
2696;13303;10599;661.0
2697;11624;13303;126.0
2698;11278;11624;1023.0
2699;11066;11278;323.0
2700;11278;11995;248.0
2701;11995;11278;248.0
2702;11953;13303;294.0
2703;13930;15919;522.0
2704;11423;13930;299.0
2705;13290;13930;501.0
2706;13930;13290;501.0
2707;13930;13931;717.0
2708;13931;13930;717.0
2709;11775;14107;1081.0
2710;10599;13303;661.0
2711;11298;13290;431.0
2712;11298;10185;285.0
2713;11921;11298;772.0
2714;12094;13930;1009.0
2715;13930;12094;1009.0
2716;12278;13930;588.0
2717;13930;11423;299.0
2718;13871;13930;416.0
2719;13930;13871;416.0
2720;14783;11057;708.0
2721;11298;11067;692.0
2722;11298;14814;190.0
2723;14814;11298;190.0
2724;13930;13230;594.0
2725;14108;13930;130.0
2726;10469;13930;122.0
2727;13930;10469;122.0
2728;13230;13930;594.0
2729;10268;13930;234.0
2730;13930;10268;234.0
2731;13303;15624;499.0
2732;11423;13303;1327.0
2733;13303;11624;126.0
2734;12992;11278;888.0
2735;13930;15380;224.0
2736;11003;11278;801.0
2737;11278;11003;801.0
2738;14107;11637;1225.0
2739;11637;14107;1225.0
2740;11298;11823;859.0
2741;11823;11298;859.0
2742;11278;15919;963.0
2743;13930;14492;646.0
2744;10599;13930;584.0
2745;13486;13930;1332.0
2746;13930;13486;1332.0
2747;13303;11953;294.0
2748;11298;11953;900.0
2749;13930;11540;1236.0
2750;15380;13930;224.0
2751;13930;15096;607.0
2752;15096;13930;607.0
2753;11298;13061;396.0
2754;13061;11298;396.0
2755;13377;11298;293.0
2756;11298;11481;685.0
2757;11298;12206;461.0
2758;12206;11298;461.0
2759;12896;11298;282.0
2760;13930;12992;552.0
2761;13930;10408;160.0
2762;10408;13930;160.0
2763;13930;14108;130.0
2764;11203;13930;213.0
2765;13930;11203;213.0
2766;11278;11066;323.0
2767;11057;14783;708.0
2768;11953;11298;900.0
2769;11298;11973;500.0
2770;11973;11298;500.0
2771;13303;15919;1099.0
2772;11140;11298;355.0
2773;10434;13930;632.0
2774;13930;10434;632.0
2775;13930;15624;796.0
2776;15624;13930;796.0
2777;10620;14107;873.0
2778;14107;11775;1081.0
2779;11481;11298;685.0
2780;13303;12197;1118.0
2781;11057;12124;206.0
2782;12124;11057;206.0
2783;10408;11057;742.0
2784;11111;11298;490.0
2785;11298;11111;490.0
2786;11003;14107;1252.0
2787;14107;15023;699.0
2788;15023;14107;699.0
2789;14107;11003;1252.0
2790;12992;11057;640.0
2791;11057;11995;84.0
2792;11298;14457;835.0
2793;13303;10431;677.0
2794;14986;13303;178.0
2795;14107;10620;873.0
2796;13930;12451;864.0
2797;10980;13930;501.0
2798;15249;11298;767.0
2799;13930;10599;584.0
2800;13930;14576;528.0
2801;14576;13930;528.0
2802;14107;14489;893.0
2803;14489;14107;893.0
2804;13930;12217;510.0
2805;11193;13930;264.0
2806;13342;13930;67.0
2807;13930;13342;67.0
2808;13930;14193;794.0
2809;14193;13930;794.0
2810;13930;15370;585.0
2811;15370;13930;585.0
2812;11298;15249;767.0
2813;11067;11298;692.0
2814;12197;13303;1118.0
2815;13303;14986;178.0
2816;10185;11298;285.0
2817;11057;12992;640.0
2818;15919;11057;754.0
2819;10431;13303;677.0
2820;11057;15919;754.0
2821;13930;13485;108.0
2822;15919;13930;522.0
2823;11057;10408;742.0
2824;11995;11057;84.0
2825;11540;13930;1236.0
2826;13930;12197;738.0
2827;15016;10721;1047.0
2828;13485;13930;108.0
2829;10721;15016;1047.0
2830;10721;11193;752.0
2831;11278;13198;949.0
2832;11624;11278;1023.0
2833;11298;13486;1320.0
2834;14107;12992;1136.0
2835;12992;14107;1136.0
2836;10994;13930;760.0
2837;13930;10994;760.0
2838;11193;10721;752.0
2839;11996;13930;577.0
2840;13930;11996;577.0
2841;13930;14952;174.0
2842;14952;13930;174.0
2843;12451;13930;864.0
2844;10431;13930;536.0
2845;13930;10431;536.0
2846;11003;13930;196.0
2847;13930;11003;196.0
2848;14524;13930;642.0
2849;11067;13930;135.0
2850;13930;11067;135.0
2851;12945;13930;323.0
2852;13930;14524;642.0
2853;13076;13930;215.0
2854;13930;13076;215.0
2855;13930;14783;438.0
2856;13930;11111;315.0
2857;13930;14633;268.0
2858;14633;13930;268.0
2859;12884;13930;179.0
2860;13930;13459;303.0
2861;10693;13930;409.0
2862;13930;10693;409.0
2863;11624;13930;1251.0
2864;13930;11624;1251.0
2865;11637;13930;557.0
2866;11612;13930;272.0
2867;10627;13930;715.0
2868;13930;10627;715.0
2869;12217;13930;510.0
2870;13930;13367;139.0
2871;13930;12278;588.0
2872;13930;15016;258.0
2873;15016;13930;258.0
2874;13459;13930;303.0
2875;13930;11637;557.0
2876;13930;11612;272.0
2877;11298;11982;134.0
2878;11982;11298;134.0
2879;11298;12915;295.0
2880;12915;11298;295.0
2881;11298;11905;140.0
2882;13367;13930;139.0
2883;11111;13930;315.0
2884;11267;13930;240.0
2885;11977;13930;173.0
2886;13930;11977;173.0
2887;15376;13930;1437.0
2888;11298;14960;113.0
2889;14960;11298;113.0
2890;11905;11298;140.0
2891;13930;12945;323.0
2892;14683;11697;1145.0
2893;12889;15304;1984.0
2894;11697;10693;793.0
2895;10693;11697;793.0
2896;11697;15027;1140.0
2897;15027;11697;1140.0
2898;13204;13931;655.0
2899;13931;13204;655.0
2900;11618;12339;645.0
2901;12339;11618;645.0
2902;13198;13204;1072.0
2903;11697;13204;177.0
2904;13204;13198;1072.0
2905;13204;12898;823.0
2906;12898;13204;823.0
2907;14635;10158;982.0
2908;10158;13204;852.0
2909;15304;12889;1984.0
2910;11066;12953;479.0
2911;13204;10158;852.0
2912;13204;13244;684.0
2913;13244;13204;684.0
2914;10158;14027;936.0
2915;14027;10158;936.0
2916;10158;14635;982.0
2917;13204;11697;177.0
2918;13577;11618;550.0
2919;13204;11066;802.0
2920;12953;11066;479.0
2921;11066;11697;973.0
2922;11697;11066;973.0
2923;11066;13204;802.0
2924;11697;10158;977.0
2925;12266;11697;966.0
2926;11697;14193;525.0
2927;14193;11697;525.0
2928;10158;11697;977.0
2929;11697;14683;1145.0
2930;12266;15304;787.0
2931;15304;12266;787.0
2932;13495;15304;487.0
2933;15304;13495;487.0
2934;11697;10821;925.0
2935;13204;14576;1033.0
2936;14576;13204;1033.0
2937;13204;10693;616.0
2938;11697;12266;966.0
2939;11697;13198;1242.0
2940;13198;11697;1242.0
2941;10821;11697;925.0
2942;11618;10994;628.0
2943;10994;11618;628.0
2944;11618;10423;1504.0
2945;10423;11618;1504.0
2946;12266;11618;1400.0
2947;10821;12266;1235.0
2948;12266;10821;1235.0
2949;14843;14683;2181.0
2950;14683;14843;2181.0
2951;11697;13577;529.0
2952;13577;12953;563.0
2953;11618;12266;1400.0
2954;10693;13204;616.0
2955;12953;13577;563.0
2956;13577;11697;529.0
2957;11697;11624;145.0
2958;11624;11697;145.0
2959;13495;10821;998.0
2960;10821;13495;998.0
2961;11697;15024;1107.0
2962;15024;11697;1107.0
2963;10158;15304;914.0
2964;15304;10158;914.0
2965;15024;13204;1246.0
2966;13204;15024;1246.0
2967;11618;14685;708.0
2968;14685;11618;708.0
2969;11618;14492;416.0
2970;14492;11618;416.0
2971;11618;13577;550.0
2972;13296;11057;738.0
2973;11057;12197;564.0
2974;12197;11057;564.0
2975;11057;12945;281.0
2976;12945;11057;281.0
2977;15074;11298;225.0
2978;11298;12891;140.0
2979;12891;11298;140.0
2980;11278;15412;437.0
2981;15412;13930;475.0
2982;10599;11278;653.0
2983;11298;15074;225.0
2984;10874;11057;394.0
2985;10785;11278;437.0
2986;11278;10785;437.0
2987;11278;12217;613.0
2988;13342;11278;634.0
2989;14100;15016;814.0
2990;15016;14100;814.0
2991;11278;11193;411.0
2992;11057;13296;738.0
2993;11278;11986;524.0
2994;11267;11278;391.0
2995;11986;11278;524.0
2996;12217;11278;613.0
2997;10868;11278;408.0
2998;11278;10868;408.0
2999;10257;11278;318.0
3000;11278;12197;234.0
3001;11278;11481;769.0
3002;11481;11278;769.0
3003;15412;11057;176.0
3004;11057;13360;490.0
3005;13360;11057;490.0
3006;12197;11278;234.0
3007;11278;11996;396.0
3008;13930;11267;240.0
3009;11057;11146;221.0
3010;11146;11057;221.0
3011;10874;13930;344.0
3012;13930;15412;475.0
3013;15412;11278;437.0
3014;11298;13277;622.0
3015;13277;11298;622.0
3016;11278;12323;320.0
3017;12323;11278;320.0
3018;11278;11267;391.0
3019;11193;11278;411.0
3020;10529;11278;313.0
3021;11278;10529;313.0
3022;11278;14685;519.0
3023;13930;10874;344.0
3024;14100;11267;477.0
3025;11267;14100;477.0
3026;10785;14100;335.0
3027;14100;10785;335.0
3028;11278;15096;298.0
3029;15096;11278;298.0
3030;13198;14100;1038.0
3031;14100;13198;1038.0
3032;11057;11267;370.0
3033;11057;12264;322.0
3034;12264;11057;322.0
3035;11193;14100;507.0
3036;14100;11193;507.0
3037;14685;11278;519.0
3038;11042;11278;310.0
3039;11278;11042;310.0
3040;11278;10257;318.0
3041;11298;13367;691.0
3042;13367;11298;691.0
3043;11298;14696;846.0
3044;14696;11298;846.0
3045;10208;11057;140.0
3046;11057;10208;140.0
3047;11057;11996;75.0
3048;11481;11057;437.0
3049;10599;11057;350.0
3050;11057;10599;350.0
3051;11996;11057;75.0
3052;11278;13296;406.0
3053;13296;11278;406.0
3054;11278;15016;719.0
3055;11278;13577;372.0
3056;13577;11278;372.0
3057;11298;12448;408.0
3058;11267;11298;861.0
3059;10693;14100;675.0
3060;14100;14321;364.0
3061;11057;10874;394.0
3062;12217;11057;333.0
3063;13495;14100;1089.0
3064;14100;13495;1089.0
3065;14307;11278;356.0
3066;11278;14100;120.0
3067;14100;13931;212.0
3068;10135;11057;481.0
3069;11057;10135;481.0
3070;11057;11973;577.0
3071;11973;11057;577.0
3072;11298;11267;861.0
3073;11267;11057;370.0
3074;11057;14108;607.0
3075;10994;11278;444.0
3076;11278;10994;444.0
3077;14100;10599;772.0
3078;15919;14100;1067.0
3079;10599;14100;772.0
3080;14100;11996;515.0
3081;14685;14100;630.0
3082;10994;14100;550.0
3083;14100;10994;550.0
3084;14100;10693;675.0
3085;12339;14100;588.0
3086;14100;12339;588.0
3087;11057;15412;176.0
3088;10581;11278;590.0
3089;11278;14576;296.0
3090;14576;11278;296.0
3091;11278;10693;562.0
3092;15016;11278;719.0
3093;10693;11278;562.0
3094;11278;14307;356.0
3095;10431;11057;91.0
3096;11057;10431;91.0
3097;11057;10785;761.0
3098;11057;10781;675.0
3099;14696;11057;534.0
3100;14100;14685;630.0
3101;13931;14100;212.0
3102;11057;11617;222.0
3103;11617;11057;222.0
3104;11057;11481;437.0
3105;14321;14100;364.0
3106;11042;14100;363.0
3107;14100;11042;363.0
3108;11057;10434;509.0
3109;15412;14100;555.0
3110;10781;11057;675.0
3111;10434;11057;509.0
3112;11057;14696;534.0
3113;11057;11252;416.0
3114;11252;11057;416.0
3115;12951;11057;729.0
3116;11066;14100;407.0
3117;14100;11066;407.0
3118;14193;11278;816.0
3119;10208;11298;874.0
3120;11298;10208;874.0
3121;11996;14100;515.0
3122;14100;15919;1067.0
3123;11278;10599;653.0
3124;12448;11298;408.0
3125;14100;11278;120.0
3126;10529;14100;195.0
3127;14100;14524;198.0
3128;11278;10581;590.0
3129;10431;11278;384.0
3130;11278;10431;384.0
3131;13931;11278;142.0
3132;11278;14193;816.0
3133;14100;15412;555.0
3134;14524;14100;198.0
3135;14108;11057;607.0
3136;11278;13931;142.0
3137;11057;12951;729.0
3138;11996;11278;396.0
3139;14100;10529;195.0
3140;10785;11057;761.0
3141;11278;13342;634.0
3142;11278;13485;707.0
3143;13485;11278;707.0
3144;11278;15249;716.0
3145;15249;11278;716.0
3146;11278;12448;860.0
3147;11292;11921;212.0
3148;11292;12003;623.0
3149;12012;11292;152.0
3150;11921;11292;212.0
3151;10372;14771;848.0
3152;11292;10561;845.0
3153;10561;14771;238.0
3154;14771;10372;848.0
3155;11884;14771;733.0
3156;14771;14570;192.0
3157;14570;14771;192.0
3158;14771;14489;462.0
3159;11648;14771;844.0
3160;14771;11648;844.0
3161;10868;13930;666.0
3162;10372;12266;913.0
3163;12266;10372;913.0
3164;12003;11292;623.0
3165;11292;13871;472.0
3166;11292;13486;679.0
3167;13486;11292;679.0
3168;10713;11292;649.0
3169;11292;10372;125.0
3170;14771;10713;522.0
3171;12892;10372;737.0
3172;13930;10372;1013.0
3173;10372;13930;1013.0
3174;10372;11292;125.0
3175;12278;11292;420.0
3176;11292;12278;420.0
3177;11292;10713;649.0
3178;10599;11292;1083.0
3179;11995;11292;1370.0
3180;11292;10599;1083.0
3181;14771;10561;238.0
3182;10561;11292;845.0
3183;11603;14771;451.0
3184;11292;14814;792.0
3185;11292;14487;932.0
3186;14487;14771;199.0
3187;12441;11292;406.0
3188;14771;14252;620.0
3189;11292;12441;406.0
3190;12280;11292;458.0
3191;14908;14771;372.0
3192;14698;14771;191.0
3193;14771;14908;372.0
3194;13502;14771;791.0
3195;14771;13502;791.0
3196;11540;12266;667.0
3197;11996;12266;837.0
3198;12266;11540;667.0
3199;12266;13158;429.0
3200;11292;12217;1048.0
3201;12217;11292;1048.0
3202;11292;10408;883.0
3203;11638;14771;158.0
3204;14262;11292;776.0
3205;14771;11638;158.0
3206;11292;11638;844.0
3207;10800;14771;326.0
3208;12094;14771;838.0
3209;14771;12094;838.0
3210;14771;14262;421.0
3211;10713;14771;522.0
3212;14771;13264;329.0
3213;13264;14771;329.0
3214;11292;14783;637.0
3215;14783;11292;637.0
3216;11292;13476;959.0
3217;14771;10800;326.0
3218;14771;13964;412.0
3219;13964;14771;412.0
3220;11109;13930;911.0
3221;11292;12945;1086.0
3222;14252;11292;853.0
3223;14262;14771;421.0
3224;12266;13851;395.0
3225;11292;12280;458.0
3226;12266;11109;809.0
3227;12992;12266;374.0
3228;11292;12992;771.0
3229;14814;12266;192.0
3230;12266;15370;429.0
3231;13930;13851;693.0
3232;13264;11292;964.0
3233;11638;11292;844.0
3234;10157;14771;250.0
3235;14771;10157;250.0
3236;11292;10157;1026.0
3237;13502;13930;1081.0
3238;13930;13502;1081.0
3239;13930;14457;780.0
3240;14457;11292;301.0
3241;14574;13930;530.0
3242;11292;13029;423.0
3243;14771;14698;191.0
3244;14893;14771;86.0
3245;13158;12266;429.0
3246;12892;14262;110.0
3247;14570;12892;390.0
3248;14771;14487;199.0
3249;15016;14771;1735.0
3250;14487;11292;932.0
3251;13871;13487;282.0
3252;13487;10408;236.0
3253;10397;11637;1123.0
3254;10397;12951;503.0
3255;12951;10397;503.0
3256;14696;10397;566.0
3257;11823;10397;508.0
3258;12992;11292;771.0
3259;11292;14262;776.0
3260;10257;13930;723.0
3261;13930;10257;723.0
3262;10140;12266;744.0
3263;10423;12266;140.0
3264;11292;12156;594.0
3265;12266;10423;140.0
3266;12266;12992;374.0
3267;12945;11292;1086.0
3268;13851;12266;395.0
3269;12266;14814;192.0
3270;13930;11109;911.0
3271;14696;13487;411.0
3272;10408;13487;236.0
3273;13487;11977;252.0
3274;12343;13487;255.0
3275;13487;12343;255.0
3276;14831;12889;386.0
3277;12889;14831;386.0
3278;10666;14747;93.0
3279;14747;10666;93.0
3280;12441;14747;621.0
3281;14747;12441;621.0
3282;14908;15376;416.0
3283;15376;14908;416.0
3284;10800;10713;656.0
3285;10713;10800;656.0
3286;10849;14679;956.0
3287;14679;10849;956.0
3288;11603;14679;850.0
3289;14679;11603;850.0
3290;11638;14679;314.0
3291;14679;11638;314.0
3292;14831;12892;308.0
3293;10713;14831;523.0
3294;11603;14057;105.0
3295;14057;11603;105.0
3296;14057;14893;479.0
3297;15023;14057;489.0
3298;14679;15023;508.0
3299;14831;14679;417.0
3300;10800;15023;387.0
3301;11603;10800;732.0
3302;14908;15023;433.0
3303;15023;14908;433.0
3304;15023;10800;387.0
3305;14262;15023;478.0
3306;15023;14262;478.0
3307;10800;14252;833.0
3308;14057;15023;489.0
3309;15023;14679;508.0
3310;11433;12884;74.0
3311;13871;11433;650.0
3312;14747;12280;566.0
3313;12280;14747;566.0
3314;11638;14057;626.0
3315;14057;11638;626.0
3316;11648;14057;437.0
3317;14747;11648;379.0
3318;13476;14679;375.0
3319;14570;14679;488.0
3320;12892;14831;308.0
3321;14679;14831;417.0
3322;14679;14698;263.0
3323;14698;14679;263.0
3324;12892;15023;399.0
3325;14771;14893;86.0
3326;10408;11292;883.0
3327;12156;11292;594.0
3328;12266;11996;837.0
3329;15370;11292;541.0
3330;14252;14771;620.0
3331;14683;14771;1482.0
3332;14771;14683;1482.0
3333;10693;12266;657.0
3334;12266;13244;468.0
3335;13476;11292;959.0
3336;14771;13476;77.0
3337;14771;11603;451.0
3338;13244;12266;468.0
3339;14698;11292;931.0
3340;11292;11109;73.0
3341;11292;13502;197.0
3342;13871;14771;1433.0
3343;13502;11292;197.0
3344;15569;12266;123.0
3345;12266;14877;621.0
3346;14109;12266;372.0
3347;12266;14109;372.0
3348;11109;11292;73.0
3349;11292;14812;359.0
3350;11292;12896;456.0
3351;13029;11292;423.0
3352;12896;11292;456.0
3353;12892;14570;390.0
3354;14869;15370;926.0
3355;10423;14262;1132.0
3356;10693;10423;756.0
3357;10423;13256;279.0
3358;13256;10423;279.0
3359;13487;13342;297.0
3360;11898;13487;284.0
3361;13487;11898;284.0
3362;13851;13487;694.0
3363;13433;13487;449.0
3364;13487;13433;449.0
3365;13232;13487;349.0
3366;13487;13232;349.0
3367;13487;13244;700.0
3368;13871;14869;840.0
3369;13264;14869;575.0
3370;14869;13264;575.0
3371;14869;13871;840.0
3372;12892;15376;451.0
3373;15376;14869;600.0
3374;14794;14107;262.0
3375;10561;14107;425.0
3376;14107;10561;425.0
3377;14794;11298;976.0
3378;11298;14794;976.0
3379;11298;11980;562.0
3380;11980;11298;562.0
3381;14869;13851;866.0
3382;12003;14869;463.0
3383;13851;14869;866.0
3384;10423;13244;559.0
3385;10423;10693;756.0
3386;14869;11603;618.0
3387;14262;10423;1132.0
3388;12892;14679;109.0
3389;13487;13871;282.0
3390;13487;14252;1254.0
3391;14869;11109;411.0
3392;14113;14869;149.0
3393;14869;14113;149.0
3394;11109;14869;411.0
3395;10397;14814;552.0
3396;14814;10397;552.0
3397;10397;15919;589.0
3398;10397;11823;508.0
3399;15919;13487;596.0
3400;14869;15041;222.0
3401;15041;14869;222.0
3402;14869;15376;600.0
3403;15376;12892;451.0
3404;14679;12892;109.0
3405;10372;10397;1304.0
3406;10397;10372;1304.0
3407;10372;12892;737.0
3408;11638;14869;501.0
3409;14869;11638;501.0
3410;12156;14869;402.0
3411;14869;12156;402.0
3412;14747;13127;262.0
3413;13487;15919;596.0
3414;11823;13487;488.0
3415;10140;12892;677.0
3416;13127;14869;461.0
3417;14869;13127;461.0
3418;10140;14869;493.0
3419;14869;10140;493.0
3420;12441;12892;784.0
3421;12892;12441;784.0
3422;15389;14869;175.0
3423;11503;12892;748.0
3424;12892;11503;748.0
3425;12892;10140;677.0
3426;14747;15041;475.0
3427;15041;14747;475.0
3428;13127;14747;262.0
3429;14747;13264;352.0
3430;13796;14869;588.0
3431;13264;14747;352.0
3432;14252;13487;1254.0
3433;13342;13487;297.0
3434;11977;13487;252.0
3435;11603;14869;618.0
3436;14869;12003;463.0
3437;14869;15389;175.0
3438;12992;14869;1156.0
3439;14869;12992;1156.0
3440;14489;14869;525.0
3441;14869;14489;525.0
3442;14869;13796;588.0
3443;13487;11823;488.0
3444;11503;13487;788.0
3445;13487;11503;788.0
3446;10423;13495;445.0
3447;13495;10423;445.0
3448;13487;13851;694.0
3449;12264;13487;907.0
3450;15370;14869;926.0
3451;13244;13487;700.0
3452;10849;12892;902.0
3453;12892;10849;902.0
3454;11884;12892;945.0
3455;12892;11884;945.0
3456;10423;12451;953.0
3457;12451;10423;953.0
3458;12339;10423;919.0
3459;14869;15919;1004.0
3460;15919;14869;1004.0
3461;14869;14794;272.0
3462;10423;12339;919.0
3463;13244;10423;559.0
3464;11921;14869;217.0
3465;14869;11921;217.0
3466;11525;14869;200.0
3467;14869;11525;200.0
3468;10918;14869;221.0
3469;14869;10918;221.0
3470;14679;14570;488.0
3471;14487;14747;479.0
3472;14747;14487;479.0
3473;11648;14747;379.0
3474;14057;11648;437.0
3475;14252;10800;833.0
3476;15023;12892;399.0
3477;14831;10713;523.0
3478;14489;10800;709.0
3479;10800;14489;709.0
3480;10800;11603;732.0
3481;10713;11884;287.0
3482;14831;14057;569.0
3483;14679;13476;375.0
3484;14057;14831;569.0
3485;14893;14057;479.0
3486;11884;10713;287.0
3487;14696;13930;84.0
3488;13930;14696;84.0
3489;12511;11292;582.0
3490;11292;11865;313.0
3491;11711;11292;289.0
3492;11292;12511;582.0
3493;11292;12899;227.0
3494;14794;12892;349.0
3495;14794;11292;517.0
3496;11292;14794;517.0
3497;12892;14794;349.0
3498;14534;11292;296.0
3499;13184;13930;222.0
3500;13930;13184;222.0
3501;13930;11721;223.0
3502;13211;13930;288.0
3503;13930;11471;269.0
3504;13930;13211;288.0
3505;11823;13930;157.0
3506;13930;11823;157.0
3507;12519;11292;573.0
3508;11292;14534;296.0
3509;11292;10558;150.0
3510;10558;11292;150.0
3511;11292;12519;573.0
3512;14877;11292;383.0
3513;11292;10627;516.0
3514;12266;13241;422.0
3515;12266;15569;123.0
3516;14107;16218;160.0
3517;12892;13871;1330.0
3518;13871;12892;1330.0
3519;12892;13851;1187.0
3520;13851;12892;1187.0
3521;11540;12892;715.0
3522;13241;12266;422.0
3523;14252;14107;962.0
3524;12892;15919;1371.0
3525;15919;12892;1371.0
3526;15016;12892;1592.0
3527;16218;14107;160.0
3528;14107;14252;962.0
3529;11921;14107;438.0
3530;14107;11921;438.0
3531;11423;12892;1447.0
3532;12892;11423;1447.0
3533;12892;15016;1592.0
3534;12892;15370;1283.0
3535;15370;12892;1283.0
3536;16869;11292;582.0
3537;10627;11292;516.0
3538;11292;16869;582.0
3539;10620;11292;455.0
3540;11292;13158;563.0
3541;11292;10620;455.0
3542;13158;11292;563.0
3543;11292;14674;303.0
3544;11292;14457;301.0
3545;14674;11292;303.0
3546;11292;14685;1414.0
3547;11292;15370;541.0
3548;14685;11292;1414.0
3549;15376;14771;751.0
3550;14771;13198;1499.0
3551;13198;14771;1499.0
3552;14771;10140;896.0
3553;13930;11146;416.0
3554;14489;14771;462.0
3555;13930;14574;530.0
3556;13930;10868;666.0
3557;13930;14674;1072.0
3558;14674;12892;710.0
3559;13930;15041;1341.0
3560;15041;13930;1341.0
3561;13487;16869;553.0
3562;16869;13487;553.0
3563;12129;13487;174.0
3564;13487;12129;174.0
3565;10631;13487;199.0
3566;13487;10631;199.0
3567;10409;13487;193.0
3568;10739;13487;114.0
3569;13487;10739;114.0
3570;10157;11292;1026.0
3571;15411;11298;102.0
3572;12892;13476;266.0
3573;14262;12892;110.0
3574;15041;14771;587.0
3575;10617;11292;760.0
3576;14771;10617;221.0
3577;13367;11292;751.0
3578;11413;11292;251.0
3579;11292;11503;120.0
3580;11503;11292;120.0
3581;11292;11413;251.0
3582;11638;12892;209.0
3583;11298;16218;1022.0
3584;11298;14674;551.0
3585;14674;11298;551.0
3586;11298;15411;102.0
3587;12892;11638;209.0
3588;11292;13367;751.0
3589;15041;12892;696.0
3590;13487;12264;907.0
3591;11057;14814;764.0
3592;14814;11057;764.0
3593;11109;12266;809.0
3594;11292;13264;964.0
3595;14771;15016;1735.0
3596;14771;11503;847.0
3597;10617;14771;221.0
3598;11292;10617;760.0
3599;11292;15041;557.0
3600;11996;11292;1278.0
3601;11292;11996;1278.0
3602;12266;10693;657.0
3603;15370;12266;429.0
3604;13476;12892;266.0
3605;12892;14698;155.0
3606;14689;12892;89.0
3607;12892;14689;89.0
3608;14457;13930;780.0
3609;11111;11292;671.0
3610;14674;13930;1072.0
3611;12892;14674;710.0
3612;12278;12266;542.0
3613;14689;14771;262.0
3614;14814;11292;792.0
3615;11867;11298;404.0
3616;11298;11413;674.0
3617;11413;11298;674.0
3618;14698;12892;155.0
3619;14794;14869;272.0
3620;13487;14520;190.0
3621;10141;13487;257.0
3622;13487;10141;257.0
3623;14520;13487;190.0
3624;11433;14696;157.0
3625;11995;11433;460.0
3626;11433;11995;460.0
3627;13930;12878;119.0
3628;12878;13930;119.0
3629;11042;11433;95.0
3630;11433;11042;95.0
3631;11433;11823;128.0
3632;11823;11433;128.0
3633;11721;13930;223.0
3634;13930;13282;449.0
3635;11986;11433;120.0
3636;10785;11433;537.0
3637;11433;10785;537.0
3638;11292;11233;90.0
3639;11292;15048;466.0
3640;14237;11292;558.0
3641;15048;11292;466.0
3642;11066;11433;155.0
3643;11433;11537;331.0
3644;10333;11433;198.0
3645;11433;10333;198.0
3646;11298;11867;404.0
3647;13476;14107;598.0
3648;14107;13476;598.0
3649;11503;14107;513.0
3650;14107;11503;513.0
3651;14696;11433;157.0
3652;12335;13487;257.0
3653;11433;12335;344.0
3654;14107;11695;119.0
3655;11695;14107;119.0
3656;11433;11013;285.0
3657;13459;11433;349.0
3658;13459;13487;300.0
3659;13487;13459;300.0
3660;11433;14150;243.0
3661;14150;11433;243.0
3662;11298;10372;701.0
3663;11013;11433;285.0
3664;13487;11013;434.0
3665;11013;13487;434.0
3666;10728;11298;270.0
3667;11298;10728;270.0
3668;11587;13487;304.0
3669;13487;11587;304.0
3670;11433;11066;155.0
3671;11433;13184;98.0
3672;13184;11433;98.0
3673;12339;11433;231.0
3674;13487;10409;193.0
3675;11413;14107;352.0
3676;14107;11413;352.0
3677;13264;14107;855.0
3678;16218;11298;1022.0
3679;10372;10423;812.0
3680;10372;14107;491.0
3681;10469;11433;113.0
3682;11433;10469;113.0
3683;11587;11433;306.0
3684;11433;13459;349.0
3685;13930;13029;466.0
3686;11433;11587;306.0
3687;13487;12335;257.0
3688;12335;11433;344.0
3689;14107;14674;370.0
3690;14674;14107;370.0
3691;14842;11298;229.0
3692;10423;10372;812.0
3693;14314;14107;468.0
3694;11298;14314;958.0
3695;11298;14842;229.0
3696;10372;11298;701.0
3697;14314;11298;958.0
3698;15041;14107;705.0
3699;14107;15041;705.0
3700;11292;10140;349.0
3701;10140;11292;349.0
3702;11298;12012;678.0
3703;12012;11298;678.0
3704;11298;12280;1095.0
3705;12280;11298;1095.0
3706;13930;11337;397.0
3707;11775;13930;462.0
3708;14107;13158;581.0
3709;12896;14107;588.0
3710;11298;11695;853.0
3711;11695;11298;853.0
3712;14107;15370;935.0
3713;15370;14107;935.0
3714;12278;14107;870.0
3715;13930;11775;462.0
3716;14107;10372;491.0
3717;12892;11540;715.0
3718;12280;14107;696.0
3719;14107;12278;870.0
3720;14107;14314;468.0
3721;14107;13264;855.0
3722;10990;13930;566.0
3723;13930;10990;566.0
3724;11337;13930;397.0
3725;10779;14869;357.0
3726;14869;10779;357.0
3727;13158;14107;581.0
3728;14107;12280;696.0
3729;11146;13930;416.0
3730;11537;11433;331.0
3731;11292;11122;230.0
3732;13871;11292;472.0
3733;15041;11292;557.0
3734;11292;14698;931.0
3735;13029;13930;466.0
3736;13930;14730;286.0
3737;14730;13930;286.0
3738;11292;13433;604.0
3739;10397;14696;566.0
3740;11433;11986;120.0
3741;10994;11433;667.0
3742;11433;10994;667.0
3743;10257;11433;489.0
3744;12264;11433;383.0
3745;11433;10408;296.0
3746;10397;11146;363.0
3747;11146;10397;363.0
3748;11298;12007;491.0
3749;12007;11298;491.0
3750;12884;11433;74.0
3751;11433;13871;650.0
3752;11292;12012;152.0
3753;11292;11111;671.0
3754;13487;14696;411.0
3755;10397;11308;170.0
3756;11308;10397;170.0
3757;14107;14794;262.0
3758;14107;14905;494.0
3759;14905;14107;494.0
3760;14307;11433;615.0
3761;14730;11433;306.0
3762;11433;14730;306.0
3763;11433;12945;296.0
3764;13244;11433;610.0
3765;11433;13230;371.0
3766;10577;11433;378.0
3767;11433;10577;378.0
3768;11433;12264;383.0
3769;10408;11433;296.0
3770;11433;14307;615.0
3771;12945;11433;296.0
3772;11433;10257;489.0
3773;11433;13485;311.0
3774;13485;11433;311.0
3775;13230;11433;371.0
3776;11292;11884;836.0
3777;11884;11292;836.0
3778;12892;15041;696.0
3779;14489;12892;726.0
3780;10529;13930;783.0
3781;13930;10529;783.0
3782;10140;14771;896.0
3783;11292;11995;1370.0
3784;14771;15041;587.0
3785;14771;11884;733.0
3786;12094;12892;763.0
3787;12892;12094;763.0
3788;11292;14252;853.0
3789;14771;15376;751.0
3790;12892;14489;726.0
3791;12892;14487;501.0
3792;14487;12892;501.0
3793;14107;12896;588.0
3794;11503;14771;847.0
3795;13476;14771;77.0
3796;14771;13871;1433.0
3797;11292;10431;1248.0
3798;10431;11292;1248.0
3799;11292;11468;305.0
3800;12255;11292;298.0
3801;12264;13282;140.0
3802;12559;12264;119.0
3803;13282;13930;449.0
3804;12892;10157;577.0
3805;10157;12892;577.0
3806;12892;13502;666.0
3807;13502;12892;666.0
3808;11433;10599;625.0
3809;10599;11433;625.0
3810;11468;11292;305.0
3811;13930;14711;528.0
3812;14711;13930;528.0
3813;13930;12559;487.0
3814;12888;11292;113.0
3815;10779;11292;578.0
3816;14543;11292;260.0
3817;11292;11315;488.0
3818;11292;14543;260.0
3819;11292;12888;113.0
3820;11283;11292;292.0
3821;11292;11283;292.0
3822;12177;11292;501.0
3823;11122;11292;230.0
3824;11233;11292;90.0
3825;12899;11292;227.0
3826;13433;11292;604.0
3827;14877;12266;621.0
3828;12266;12177;501.0
3829;11865;11292;313.0
3830;11076;13930;360.0
3831;14771;14689;262.0
3832;12266;12896;457.0
3833;12896;12266;457.0
3834;11447;11292;638.0
3835;11292;11447;638.0
3836;13930;14877;559.0
3837;11292;12255;298.0
3838;14812;11292;359.0
3839;11292;12902;280.0
3840;14120;11292;385.0
3841;12902;11292;280.0
3842;11292;14237;558.0
3843;10279;11292;359.0
3844;11292;10279;359.0
3845;12266;12278;542.0
3846;12177;12266;501.0
3847;11292;14120;385.0
3848;11097;11292;391.0
3849;13930;11288;156.0
3850;11288;13930;156.0
3851;11471;13930;269.0
3852;13930;11076;360.0
3853;10409;11292;519.0
3854;11292;10409;519.0
3855;13930;11725;324.0
3856;11725;13930;324.0
3857;14877;13930;559.0
3858;11292;11097;391.0
3859;11315;11292;488.0
3860;11292;10779;578.0
3861;12511;13930;484.0
3862;12264;12559;119.0
3863;12559;13930;487.0
3864;13282;12264;140.0
3865;13930;12511;484.0
3866;11292;11711;289.0
3867;11292;12177;501.0
3868;13930;15048;436.0
3869;11292;14877;383.0
3870;12892;14237;346.0
3871;14237;12892;346.0
3872;15048;13930;436.0
3873;11292;12451;1446.0
3874;13930;14893;1781.0
3875;11292;12982;3414.0
3876;12982;11292;3414.0
3877;11292;11603;996.0
3878;10529;11292;1671.0
3879;12266;13495;305.0
3880;13495;14771;1911.0
3881;11292;11648;752.0
3882;13244;11292;872.0
3883;11292;15096;1492.0
3884;11648;11292;752.0
3885;11292;11618;1605.0
3886;12264;14683;1362.0
3887;14683;12264;1362.0
3888;12339;11292;976.0
3889;12266;14908;1346.0
3890;11042;12266;1091.0
3891;14908;12266;1346.0
3892;14908;11618;2433.0
3893;12892;12264;2288.0
3894;12264;12892;2288.0
3895;13930;13830;4184.0
3896;13830;13930;4184.0
3897;11618;11292;1605.0
3898;12266;14492;1042.0
3899;14492;12266;1042.0
3900;14689;11292;916.0
3901;12264;10721;412.0
3902;12266;12451;816.0
3903;11697;11292;1703.0
3904;12264;11292;1452.0
3905;11292;12264;1452.0
3906;12264;13930;588.0
3907;13930;12264;588.0
3908;13930;11648;1352.0
3909;11648;13930;1352.0
3910;12266;11278;1208.0
3911;12266;14683;191.0
3912;11503;12266;934.0
3913;12266;11503;934.0
3914;13891;13930;1700.0
3915;13930;13891;1700.0
3916;13930;14570;1671.0
3917;11618;13495;1167.0
3918;13495;12266;305.0
3919;14321;11618;284.0
3920;12441;11618;1874.0
3921;11618;12441;1874.0
3922;14771;12266;1635.0
3923;12266;14771;1635.0
3924;14683;12266;191.0
3925;15024;12264;1606.0
3926;11618;15024;1634.0
3927;12266;13256;316.0
3928;12892;11042;2052.0
3929;12264;14057;2327.0
3930;10299;11292;2405.0
3931;11042;12892;2052.0
3932;10299;13930;2846.0
3933;13930;10299;2846.0
3934;11618;10693;748.0
3935;10693;11618;748.0
3936;13495;11618;1167.0
3937;12264;10423;1297.0
3938;12266;11066;986.0
3939;11066;12266;986.0
3940;14893;11618;2500.0
3941;11618;14893;2500.0
3942;14771;12339;1943.0
3943;14492;14771;2400.0
3944;14771;14492;2400.0
3945;11042;11618;404.0
3946;11618;15304;997.0
3947;15304;11618;997.0
3948;12266;11042;1091.0
3949;12264;11618;212.0
3950;11618;12094;1728.0
3951;12094;11618;1728.0
3952;11618;10849;1882.0
3953;10849;11618;1882.0
3954;14771;14635;2481.0
3955;14679;12266;1303.0
3956;12264;13931;158.0
3957;11292;10299;2405.0
3958;14107;12264;1956.0
3959;11042;14771;2161.0
3960;11292;10849;524.0
3961;12264;14771;2418.0
3962;10732;11618;1585.0
3963;14986;11618;1034.0
3964;11618;14986;1034.0
3965;12264;10529;325.0
3966;12266;14843;2007.0
3967;13871;12266;781.0
3968;14771;12264;2418.0
3969;12264;12266;1190.0
3970;12266;12264;1190.0
3971;14635;12264;891.0
3972;12264;14635;891.0
3973;14635;11292;1607.0
3974;12266;12441;1265.0
3975;12441;12266;1265.0
3976;14570;13930;1671.0
3977;12266;14570;1530.0
3978;13930;14831;1829.0
3979;11292;12173;3365.0
3980;14771;12758;2368.0
3981;12758;14771;2368.0
3982;12173;12016;3801.0
3983;12173;11292;3365.0
3984;12758;11292;3329.0
3985;11292;12758;3329.0
3986;12266;12173;3904.0
3987;12016;12173;3801.0
3988;11618;12264;212.0
3989;11624;11618;1196.0
3990;11618;11624;1196.0
3991;11618;11042;404.0
3992;14193;12266;489.0
3993;12264;14107;1956.0
3994;11618;14908;2433.0
3995;14027;12264;859.0
3996;12264;14027;859.0
3997;13931;11292;1553.0
3998;11292;13931;1553.0
3999;11292;14570;804.0
4000;11292;11697;1703.0
4001;11292;14635;1607.0
4002;14771;15304;2393.0
4003;14771;10821;2457.0
4004;15304;14771;2393.0
4005;11618;12451;820.0
4006;12264;15024;1606.0
4007;15024;11618;1634.0
4008;10423;12264;1297.0
4009;13485;11618;799.0
4010;10821;12892;2329.0
4011;14122;14771;2254.0
4012;11292;14843;2733.0
4013;12264;13495;955.0
4014;12266;13871;781.0
4015;12266;14679;1303.0
4016;12266;12339;844.0
4017;12339;12266;844.0
4018;11292;14489;898.0
4019;12451;11292;1446.0
4020;11292;14524;1481.0
4021;14524;11292;1481.0
4022;14843;12266;2007.0
4023;12266;14027;956.0
4024;11193;12266;871.0
4025;11292;12339;976.0
4026;12264;11697;901.0
4027;11697;12264;901.0
4028;11292;11066;1154.0
4029;10693;14771;1969.0
4030;14771;10693;1969.0
4031;14893;13930;1781.0
4032;14771;13495;1911.0
4033;11618;14683;1569.0
4034;13931;12264;158.0
4035;11618;13485;799.0
4036;11618;10721;200.0
4037;10721;11618;200.0
4038;10785;13930;763.0
4039;10721;12264;412.0
4040;14831;13930;1829.0
4041;11292;14831;948.0
4042;14843;11292;2733.0
4043;12264;12889;2065.0
4044;12889;12264;2065.0
4045;12266;14122;1117.0
4046;13256;12266;316.0
4047;13930;14685;773.0
4048;14685;13930;773.0
4049;14570;12266;1530.0
4050;14262;12264;2188.0
4051;12264;14262;2188.0
4052;11618;14262;2358.0
4053;14262;11618;2358.0
4054;11278;12266;1208.0
4055;11292;13244;872.0
4056;13930;10785;763.0
4057;11292;10994;1449.0
4058;11603;11292;996.0
4059;10994;11292;1449.0
4060;12266;13198;643.0
4061;11292;14986;1531.0
4062;14986;11292;1531.0
4063;14730;11292;1024.0
4064;12266;10140;744.0
4065;14771;14122;2254.0
4066;10821;14771;2457.0
4067;10800;11292;850.0
4068;14489;11292;898.0
4069;12451;12266;816.0
4070;14122;12266;1117.0
4071;12266;15016;667.0
4072;11292;14730;1024.0
4073;12339;14771;1943.0
4074;14057;12264;2327.0
4075;11292;14689;916.0
4076;10821;11292;1491.0
4077;11618;10732;1585.0
4078;12451;11618;820.0
4079;13495;12264;955.0
4080;14893;12264;2357.0
4081;12264;14893;2357.0
4082;12892;10821;2329.0
4083;12264;12173;4816.0
4084;12173;11618;4962.0
4085;11503;11618;1725.0
4086;11618;11503;1725.0
4087;14635;12266;861.0
4088;12266;11193;871.0
4089;10529;12264;325.0
4090;12264;14492;225.0
4091;14635;14771;2481.0
4092;12266;14635;861.0
4093;11292;14027;1679.0
4094;11292;10529;1671.0
4095;14683;11618;1569.0
4096;12173;12264;4816.0
4097;11618;12173;4962.0
4098;11292;10821;1491.0
4099;15096;11292;1492.0
4100;12266;14893;1609.0
4101;14027;11292;1679.0
4102;11066;11292;1154.0
4103;14771;11042;2161.0
4104;12892;14635;2238.0
4105;14635;12892;2238.0
4106;12016;14955;129.0
4107;14955;12016;129.0
4108;14492;12264;225.0
4109;14570;11292;804.0
4110;10849;11292;524.0
4111;14027;12266;956.0
4112;13830;11292;3302.0
4113;11292;13830;3302.0
4114;12173;12266;3904.0
4115;14893;12266;1609.0
4116;13930;11638;1730.0
4117;11638;13930;1730.0
4118;13931;12266;1201.0
4119;11292;13342;896.0
4120;14771;12441;737.0
4121;12441;14771;737.0
4122;12266;10849;1385.0
4123;10849;12266;1385.0
4124;12266;13931;1201.0
4125;14831;11292;948.0
4126;12094;11292;141.0
4127;13342;11292;896.0
4128;13198;12266;643.0
4129;11292;10800;850.0
4130;10849;14771;807.0
4131;14771;10849;807.0
4132;11042;12264;287.0
4133;12264;11042;287.0
4134;15016;12266;667.0
4135;12266;14193;489.0
4136;12094;12266;985.0
4137;12266;12094;985.0
4138;11292;12094;141.0
4139;15016;11618;872.0
4140;11292;11267;1085.0
4141;11267;11292;1085.0
4142;13502;11618;1795.0
4143;11618;13502;1795.0
4144;12892;13796;337.0
4145;13796;12892;337.0
4146;12758;12889;2718.0
4147;10821;12889;2106.0
4148;13232;10423;972.0
4149;10423;10821;1342.0
4150;12889;11259;1067.0
4151;11259;10423;189.0
4152;11292;11259;651.0
4153;10821;14576;277.0
4154;13198;10821;966.0
4155;15016;11042;487.0
4156;12889;12982;2817.0
4157;13204;12191;849.0
4158;14107;11109;551.0
4159;14908;14893;404.0
4160;10800;14831;296.0
4161;12191;13232;937.0
4162;11884;12889;806.0
4163;12889;12191;1235.0
4164;13232;14576;523.0
4165;10693;11259;623.0
4166;13204;11259;973.0
4167;11259;10994;977.0
4168;10994;10693;439.0
4169;12451;15016;753.0
4170;15016;10821;738.0
4171;10821;14986;880.0
4172;14986;11066;869.0
4173;13342;15016;317.0
4174;13851;11278;1158.0
4175;14831;12954;324.0
4176;14908;14831;342.0
4177;12954;14893;387.0
4178;14893;10800;358.0
4179;12889;10140;486.0
4180;14831;13891;333.0
4181;13891;14893;390.0
4182;11259;12191;239.0
4183;11540;14683;496.0
4184;12191;13158;441.0
4185;13158;12191;441.0
4186;11259;11540;562.0
4187;12191;11259;239.0
4188;11259;13158;319.0
4189;11259;15016;546.0
4190;13158;11259;319.0
4191;13495;11259;437.0
4192;14831;11603;471.0
4193;12889;15376;364.0
4194;14730;12889;1624.0
4195;14893;13891;390.0
4196;10800;14893;358.0
4197;15376;12889;364.0
4198;13891;10693;1751.0
4199;10821;10693;587.0
4200;15016;14492;668.0
4201;10693;11042;448.0
4202;11042;10821;314.0
4203;13198;10140;718.0
4204;15016;13198;237.0
4205;14100;13232;668.0
4206;13232;14100;668.0
4207;13871;13232;423.0
4208;10821;14524;120.0
4209;12278;15016;392.0
4210;12889;12278;986.0
4211;12339;15304;837.0
4212;14679;12339;1782.0
4213;12191;14986;789.0
4214;15016;12953;888.0
4215;12953;13232;725.0
4216;14831;14908;342.0
4217;11259;14683;247.0
4218;14683;12191;192.0
4219;12191;14869;1214.0
4220;14576;10821;277.0
4221;13342;10821;641.0
4222;10821;12191;1246.0
4223;12191;10423;148.0
4224;11140;12191;187.0
4225;10140;10423;619.0
4226;10423;12206;273.0
4227;12206;11259;458.0
4228;12191;11140;187.0
4229;12191;14683;192.0
4230;11066;11259;919.0
4231;12191;11066;1000.0
4232;11259;10800;1243.0
4233;11259;10599;587.0
4234;10599;12191;570.0
4235;11278;12191;1218.0
4236;13796;12954;353.0
4237;12954;10693;1785.0
4238;14524;10693;527.0
4239;12451;10821;663.0
4240;14122;13232;402.0
4241;13232;13871;423.0
4242;11278;11259;1184.0
4243;10693;13342;475.0
4244;13342;10693;475.0
4245;11481;10693;401.0
4246;10693;14635;722.0
4247;14635;13204;133.0
4248;11259;14679;1182.0
4249;14683;11259;247.0
4250;12191;14107;1020.0
4251;14492;10821;256.0
4252;11540;11259;562.0
4253;10821;15016;738.0
4254;15016;12278;392.0
4255;13796;12889;407.0
4256;10693;14908;1772.0
4257;14908;13796;371.0
4258;12191;10693;670.0
4259;10693;10792;633.0
4260;10792;10821;281.0
4261;10693;14122;462.0
4262;10821;10529;283.0
4263;14122;10693;462.0
4264;10800;15016;1583.0
4265;14831;10800;296.0
4266;14679;10140;628.0
4267;10713;13796;512.0
4268;13796;10800;325.0
4269;11042;10693;448.0
4270;13495;13232;825.0
4271;10693;14193;391.0
4272;10800;14570;374.0
4273;12954;11292;854.0
4274;13296;10821;377.0
4275;10821;13296;377.0
4276;13204;14986;104.0
4277;14986;10821;880.0
4278;10821;12451;663.0
4279;12889;14689;289.0
4280;14689;12889;289.0
4281;12896;11259;293.0
4282;11259;14107;879.0
4283;10140;12889;486.0
4284;12339;14635;945.0
4285;11066;13232;283.0
4286;14635;11066;930.0
4287;13232;10792;468.0
4288;10800;13232;1740.0
4289;11884;13796;723.0
4290;13796;14107;646.0
4291;14893;11884;649.0
4292;14679;13796;446.0
4293;13232;14492;632.0
4294;11109;13232;917.0
4295;14679;11109;816.0
4296;13796;13891;362.0
4297;15016;15370;351.0
4298;15370;11259;237.0
4299;13198;10423;650.0
4300;10423;11540;528.0
4301;14122;15304;873.0
4302;11259;12206;458.0
4303;10279;11259;323.0
4304;10423;10279;419.0
4305;10423;12191;148.0
4306;12206;10423;273.0
4307;12191;14492;1050.0
4308;13198;12191;666.0
4309;10529;10821;283.0
4310;11259;13495;437.0
4311;12191;12889;1235.0
4312;13232;12191;937.0
4313;11986;13232;137.0
4314;10693;14730;151.0
4315;14730;10821;495.0
4316;10821;10721;369.0
4317;10693;10994;439.0
4318;14893;12954;387.0
4319;12339;10821;516.0
4320;12954;14107;355.0
4321;14262;14893;439.0
4322;11259;13198;461.0
4323;13198;15016;237.0
4324;11109;12889;604.0
4325;10279;10423;419.0
4326;12889;10279;759.0
4327;13232;10693;395.0
4328;10693;14492;442.0
4329;11259;10140;580.0
4330;15016;13495;604.0
4331;10821;13342;641.0
4332;14986;13204;104.0
4333;13198;13342;436.0
4334;13495;13198;690.0
4335;10800;13796;325.0
4336;14107;11259;879.0
4337;13796;14908;371.0
4338;10599;10693;177.0
4339;10821;10599;682.0
4340;13232;11193;249.0
4341;11259;10821;1209.0
4342;11259;11278;1184.0
4343;10821;12339;516.0
4344;12191;13851;419.0
4345;11292;12191;883.0
4346;10693;14683;822.0
4347;14986;10693;648.0
4348;10821;11066;337.0
4349;14683;10821;1407.0
4350;10693;11481;401.0
4351;14635;12339;945.0
4352;11292;13796;957.0
4353;10821;12448;888.0
4354;12448;12191;359.0
4355;13204;14635;133.0
4356;10599;13204;479.0
4357;10140;10800;672.0
4358;10721;10821;369.0
4359;10693;10140;1123.0
4360;10821;13931;159.0
4361;13931;10693;585.0
4362;11259;12896;293.0
4363;11259;15370;237.0
4364;15370;12191;453.0
4365;12191;13495;303.0
4366;13232;14730;271.0
4367;10821;13577;399.0
4368;11259;10721;1554.0
4369;13577;13232;738.0
4370;14730;11259;725.0
4371;11540;13232;1237.0
4372;13232;11042;307.0
4373;13232;10800;1740.0
4374;15016;13232;251.0
4375;13796;14262;418.0
4376;14262;12889;173.0
4377;13342;13198;436.0
4378;10821;14492;256.0
4379;10821;14730;495.0
4380;13851;14683;407.0
4381;12191;11540;677.0
4382;14683;13851;407.0
4383;13244;12191;484.0
4384;10800;11259;1243.0
4385;12191;10800;1389.0
4386;14831;14570;188.0
4387;13198;13232;404.0
4388;13232;14524;629.0
4389;10792;15304;1053.0
4390;10821;14307;327.0
4391;10257;10821;288.0
4392;15304;10257;1130.0
4393;14908;11259;1216.0
4394;13796;14679;446.0
4395;14893;14908;404.0
4396;12889;13796;407.0
4397;13891;14831;333.0
4398;13796;10140;889.0
4399;15016;10800;1583.0
4400;10140;14679;628.0
4401;10800;10140;672.0
4402;10140;13198;718.0
4403;11259;12892;1246.0
4404;12889;12992;1294.0
4405;12992;11259;296.0
4406;10423;11259;189.0
4407;10800;10423;1241.0
4408;11259;11292;651.0
4409;10821;10257;288.0
4410;12391;10821;220.0
4411;10821;12391;220.0
4412;12191;12448;359.0
4413;12448;10821;888.0
4414;12889;12954;231.0
4415;12954;14831;324.0
4416;12339;13232;162.0
4417;13342;14635;1183.0
4418;14679;13342;1739.0
4419;11109;14679;816.0
4420;13232;11109;917.0
4421;13232;14683;1036.0
4422;11259;14908;1216.0
4423;14683;11540;496.0
4424;13796;14689;263.0
4425;12954;12889;231.0
4426;14689;13796;263.0
4427;14307;10821;327.0
4428;10800;12191;1389.0
4429;12191;12339;861.0
4430;11066;15304;829.0
4431;11697;12191;957.0
4432;12889;11066;1771.0
4433;13198;10693;491.0
4434;10693;15624;389.0
4435;14262;13796;418.0
4436;14831;14262;390.0
4437;14107;13232;1444.0
4438;14570;14831;188.0
4439;11603;13796;445.0
4440;12889;11603;700.0
4441;12954;14570;402.0
4442;11884;14831;742.0
4443;10423;14831;1476.0
4444;10713;14893;437.0
4445;14893;12191;1624.0
4446;12191;13796;1642.0
4447;14893;10713;437.0
4448;11292;13232;895.0
4449;13232;11278;601.0
4450;10693;15016;272.0
4451;12191;13244;484.0
4452;13244;10821;787.0
4453;13495;12191;303.0
4454;10140;12954;664.0
4455;12954;13796;353.0
4456;14730;13232;271.0
4457;15016;12992;296.0
4458;13851;12889;986.0
4459;13232;14122;402.0
4460;13232;12953;725.0
4461;10693;14986;648.0
4462;14986;12191;789.0
4463;10693;13577;471.0
4464;13577;10821;399.0
4465;11042;15016;487.0
4466;11540;14679;636.0
4467;14107;12191;1020.0
4468;12889;13342;1524.0
4469;13342;12889;1524.0
4470;14683;10693;822.0
4471;10994;11259;977.0
4472;10821;14685;548.0
4473;10994;10821;472.0
4474;13232;10994;745.0
4475;10140;11259;580.0
4476;11259;10279;323.0
4477;14122;10821;210.0
4478;14635;14122;966.0
4479;14122;14635;966.0
4480;14107;12954;355.0
4481;10423;11066;1073.0
4482;13158;10423;294.0
4483;14685;10693;417.0
4484;12191;15304;781.0
4485;12191;15370;453.0
4486;15370;10423;426.0
4487;10693;13232;395.0
4488;11603;14893;384.0
4489;14893;14262;439.0
4490;10693;13198;491.0
4491;13495;10693;471.0
4492;11193;13232;249.0
4493;13232;11259;793.0
4494;13232;11066;283.0
4495;14492;13232;632.0
4496;10423;10800;1241.0
4497;12191;15016;687.0
4498;10140;10693;1123.0
4499;12953;11259;1381.0
4500;11423;15016;259.0
4501;15016;14122;554.0
4502;14122;12191;1131.0
4503;13232;10599;570.0
4504;12191;12954;1374.0
4505;10693;15370;515.0
4506;11259;11481;674.0
4507;15370;15016;351.0
4508;15016;10693;272.0
4509;15304;11259;917.0
4510;11066;14986;869.0
4511;12191;11292;883.0
4512;10693;13495;471.0
4513;13577;10693;471.0
4514;11109;11259;602.0
4515;10693;13244;200.0
4516;11259;11109;602.0
4517;13244;11259;423.0
4518;10792;14107;1912.0
4519;10821;10792;281.0
4520;14635;10693;722.0
4521;14683;14679;1129.0
4522;13796;14057;543.0
4523;12448;10693;327.0
4524;10693;12448;327.0
4525;13198;11259;461.0
4526;14193;11259;592.0
4527;11066;15016;409.0
4528;13342;14679;1739.0
4529;15016;13342;317.0
4530;12191;12206;277.0
4531;12206;12191;277.0
4532;14107;10599;1455.0
4533;10599;11259;587.0
4534;10693;10800;1791.0
4535;13232;15370;583.0
4536;15624;10693;389.0
4537;10821;13232;611.0
4538;10800;10693;1791.0
4539;11259;11057;926.0
4540;15304;13198;1048.0
4541;13198;13495;690.0
4542;13244;13232;480.0
4543;13232;15016;251.0
4544;13232;14307;842.0
4545;13232;13931;704.0
4546;11259;13232;793.0
4547;10423;13158;294.0
4548;11481;10423;710.0
4549;14492;12191;1050.0
4550;10423;11481;710.0
4551;11481;12191;570.0
4552;12191;13204;849.0
4553;10693;14307;906.0
4554;14492;15016;668.0
4555;14492;10693;442.0
4556;12191;12892;1390.0
4557;10423;15370;426.0
4558;13232;14107;1444.0
4559;11057;13232;584.0
4560;14107;14730;1506.0
4561;12889;14262;173.0
4562;13204;14027;141.0
4563;11433;13232;228.0
4564;13232;14986;1035.0
4565;13232;11433;228.0
4566;11259;12953;1381.0
4567;13232;14685;758.0
4568;11066;14635;930.0
4569;14635;13342;1183.0
4570;14893;10821;2395.0
4571;11109;14107;551.0
4572;13796;11603;445.0
4573;14107;13796;646.0
4574;11603;14831;471.0
4575;13232;13198;404.0
4576;12953;15016;888.0
4577;11278;13232;601.0
4578;12278;12889;986.0
4579;14057;13796;543.0
4580;10423;15016;721.0
4581;14908;10423;1209.0
4582;15304;10792;1053.0
4583;11540;12191;677.0
4584;11278;13871;1012.0
4585;13931;10821;159.0
4586;10693;10821;587.0
4587;10693;12451;483.0
4588;14679;15376;367.0
4589;15304;11066;829.0
4590;12191;11996;845.0
4591;11996;12191;845.0
4592;11259;12339;755.0
4593;11066;12191;1000.0
4594;13891;13796;362.0
4595;14908;10693;1772.0
4596;11259;13204;973.0
4597;15376;14679;367.0
4598;14307;15304;1136.0
4599;15304;10599;459.0
4600;10599;15304;459.0
4601;13198;13796;1489.0
4602;14679;14683;1129.0
4603;10257;11292;1610.0
4604;15016;11697;1057.0
4605;13232;13296;838.0
4606;13495;14679;1600.0
4607;12889;13232;1521.0
4608;12889;13495;1500.0
4609;13796;11292;957.0
4610;11292;12954;854.0
4611;11259;13871;586.0
4612;10821;14683;1407.0
4613;10821;13198;966.0
4614;14027;10821;883.0
4615;11259;15624;630.0
4616;13891;10821;2283.0
4617;13232;13891;1706.0
4618;14683;15016;786.0
4619;14027;13204;141.0
4620;13232;15304;997.0
4621;13871;11278;1012.0
4622;11259;13891;1200.0
4623;14524;10821;120.0
4624;13495;12889;1500.0
4625;10821;14679;2295.0
4626;13232;11057;584.0
4627;15016;10423;721.0
4628;14771;13232;1855.0
4629;12339;11259;755.0
4630;14893;10423;1481.0
4631;10821;11042;314.0
4632;11042;13232;307.0
4633;13232;11292;895.0
4634;10821;14107;1999.0
4635;10423;13891;1196.0
4636;11259;15304;917.0
4637;14679;13232;1728.0
4638;13232;11697;1167.0
4639;11259;12889;1067.0
4640;12889;10821;2106.0
4641;13871;12191;804.0
4642;13303;11259;1109.0
4643;10821;10140;1670.0
4644;13232;10821;611.0
4645;14831;10423;1476.0
4646;11259;14685;915.0
4647;14685;11259;915.0
4648;13342;11259;850.0
4649;10529;13232;776.0
4650;12191;12953;1428.0
4651;13931;13232;704.0
4652;14730;13204;719.0
4653;11259;13303;1109.0
4654;14869;11259;999.0
4655;15304;14307;1136.0
4656;11697;15016;1057.0
4657;13232;14893;1790.0
4658;13204;13851;1069.0
4659;15304;12339;837.0
4660;14122;12889;1910.0
4661;15304;14683;972.0
4662;10821;14122;210.0
4663;15016;11259;546.0
4664;11259;14730;725.0
4665;14122;15016;554.0
4666;14685;10821;548.0
4667;14730;12191;803.0
4668;10721;13232;861.0
4669;13232;14057;1751.0
4670;13232;13495;825.0
4671;12191;10821;1246.0
4672;12889;10693;1587.0
4673;12191;14122;1131.0
4674;10423;13198;650.0
4675;13198;12339;451.0
4676;12191;14831;1621.0
4677;14570;12954;402.0
4678;12954;10423;1226.0
4679;14679;10693;1751.0
4680;11697;13342;1243.0
4681;12889;11109;604.0
4682;13796;13232;1844.0
4683;10693;11996;265.0
4684;11996;10821;426.0
4685;14057;13232;1751.0
4686;13232;15376;1440.0
4687;10821;10994;472.0
4688;10821;11259;1209.0
4689;12339;13198;451.0
4690;11884;14893;649.0
4691;13796;10713;512.0
4692;12889;14122;1910.0
4693;15016;12451;753.0
4694;14679;10821;2295.0
4695;15016;11423;259.0
4696;10693;13891;1751.0
4697;11066;12889;1771.0
4698;14869;13232;1259.0
4699;14635;10821;919.0
4700;10821;10423;1342.0
4701;10423;13851;358.0
4702;14492;10423;1162.0
4703;14321;10821;452.0
4704;13232;10257;717.0
4705;11259;14122;1060.0
4706;12954;11259;1232.0
4707;10423;13232;972.0
4708;14107;10821;1999.0
4709;12892;12191;1390.0
4710;13232;12892;1751.0
4711;12191;11697;957.0
4712;13232;10140;1121.0
4713;14307;13232;842.0
4714;14869;12191;1214.0
4715;13232;14771;1855.0
4716;12892;11259;1246.0
4717;11603;12889;700.0
4718;15016;12191;687.0
4719;13303;12191;955.0
4720;14831;10693;1947.0
4721;10693;12191;670.0
4722;13871;10693;612.0
4723;10693;13871;612.0
4724;12889;13851;986.0
4725;14683;13198;706.0
4726;10693;12889;1587.0
4727;13871;15016;342.0
4728;10279;12889;759.0
4729;10693;14027;757.0
4730;15016;14635;979.0
4731;15016;14893;1679.0
4732;13232;10529;776.0
4733;15376;13232;1440.0
4734;11697;13232;1167.0
4735;10423;14122;1210.0
4736;11193;10821;430.0
4737;15304;13342;1075.0
4738;12191;14679;1313.0
4739;10423;14492;1162.0
4740;10721;11259;1554.0
4741;11259;10693;623.0
4742;11066;10821;337.0
4743;10821;14027;883.0
4744;11259;14193;592.0
4745;14193;10693;391.0
4746;15304;13232;997.0
4747;14635;15016;979.0
4748;13851;13204;1069.0
4749;13342;11697;1243.0
4750;10693;10529;852.0
4751;10693;14831;1947.0
4752;13891;10423;1196.0
4753;14986;15016;903.0
4754;11259;12954;1232.0
4755;11292;10792;1359.0
4756;11259;12451;906.0
4757;13851;13232;691.0
4758;10693;11066;338.0
4759;15016;14679;1557.0
4760;11540;10423;528.0
4761;11259;14869;999.0
4762;10792;10693;633.0
4763;14193;12191;488.0
4764;11259;14492;1052.0
4765;15624;11259;630.0
4766;12191;13303;955.0
4767;12451;12191;815.0
4768;10423;10140;619.0
4769;13232;13244;480.0
4770;14893;10693;1917.0
4771;14679;12191;1313.0
4772;12191;13198;666.0
4773;15304;14122;873.0
4774;13851;12191;419.0
4775;10599;13232;570.0
4776;14635;13232;1105.0
4777;14262;14831;390.0
4778;10821;14893;2395.0
4779;14893;15016;1679.0
4780;12892;13232;1751.0
4781;14307;10693;906.0
4782;12953;12191;1428.0
4783;14492;11259;1052.0
4784;13204;11986;1024.0
4785;14679;11259;1182.0
4786;11259;13244;423.0
4787;13244;10693;200.0
4788;13930;11259;798.0
4789;13232;13851;691.0
4790;12889;12758;2718.0
4791;12191;15624;527.0
4792;10140;12191;759.0
4793;15624;12191;527.0
4794;10821;13244;787.0
4795;12191;13891;1345.0
4796;14683;15304;972.0
4797;11259;14831;1450.0
4798;13871;11259;586.0
4799;12191;13871;804.0
4800;10140;13796;889.0
4801;12191;10140;759.0
4802;14679;11066;1964.0
4803;13204;14730;719.0
4804;14730;14107;1506.0
4805;14683;13495;495.0
4806;13232;14869;1259.0
4807;10792;13232;468.0
4808;14107;10792;1912.0
4809;10994;12191;928.0
4810;13296;13232;838.0
4811;15370;13232;583.0
4812;13232;14635;1105.0
4813;13232;14679;1728.0
4814;11986;10821;528.0
4815;10821;11986;528.0
4816;13198;14635;1155.0
4817;14893;13198;1442.0
4818;10599;10821;682.0
4819;13204;10599;479.0
4820;12954;12191;1374.0
4821;14893;11259;1442.0
4822;12191;14893;1624.0
4823;13796;13198;1489.0
4824;10599;14107;1455.0
4825;10821;11193;430.0
4826;12982;12889;2817.0
4827;14679;15016;1557.0
4828;13232;14831;1838.0
4829;14831;12191;1621.0
4830;10693;14679;1751.0
4831;15016;13871;342.0
4832;10423;14570;1405.0
4833;15304;12191;781.0
4834;10257;15304;1130.0
4835;11292;14307;1737.0
4836;10140;13232;1121.0
4837;12191;12451;815.0
4838;13232;11540;1237.0
4839;13232;13577;738.0
4840;13891;12191;1345.0
4841;13232;13796;1844.0
4842;10423;13796;1497.0
4843;13342;10423;1032.0
4844;14893;14689;310.0
4845;11278;10423;1315.0
4846;12191;14193;488.0
4847;12451;11259;906.0
4848;13232;12451;848.0
4849;14893;13232;1790.0
4850;13232;12889;1521.0
4851;10693;13851;616.0
4852;13851;10693;616.0
4853;13851;15016;462.0
4854;14831;11884;742.0
4855;10821;12954;2318.0
4856;12889;10792;1986.0
4857;13158;12889;795.0
4858;15016;14986;903.0
4859;11278;13851;1158.0
4860;10693;12954;1785.0
4861;12191;11278;1218.0
4862;13198;15304;1048.0
4863;10821;14321;452.0
4864;13891;11259;1200.0
4865;12889;11884;806.0
4866;12451;10693;483.0
4867;11259;12992;296.0
4868;15376;12191;946.0
4869;10693;10599;177.0
4870;12889;14576;2040.0
4871;14576;13232;523.0
4872;12191;10994;928.0
4873;15016;14683;786.0
4874;13232;12339;162.0
4875;10693;13931;585.0
4876;12889;10599;1618.0
4877;10599;12889;1618.0
4878;10693;14893;1917.0
4879;14730;10693;151.0
4880;12339;14679;1782.0
4881;14831;13232;1838.0
4882;14570;10423;1405.0
4883;14893;13204;2408.0
4884;11259;14893;1442.0
4885;15016;13851;462.0
4886;13891;13232;1706.0
4887;14683;13232;1036.0
4888;11986;13204;1024.0
4889;13232;11986;137.0
4890;13198;14893;1442.0
4891;12191;14730;803.0
4892;13495;15016;604.0
4893;14730;15304;727.0
4894;15376;11259;824.0
4895;10693;14524;527.0
4896;11066;10693;338.0
4897;14524;13232;629.0
4898;14679;13198;1334.0
4899;11259;11066;919.0
4900;11066;14679;1964.0
4901;11259;13930;798.0
4902;11259;13796;1468.0
4903;10423;11278;1315.0
4904;14679;13495;1600.0
4905;10821;14635;919.0
4906;10821;13891;2283.0
4907;14986;13232;1035.0
4908;12954;13232;1741.0
4909;13232;10721;861.0
4910;10423;12954;1226.0
4911;14122;10423;1210.0
4912;14307;11292;1737.0
4913;11259;14100;1295.0
4914;10257;13232;717.0
4915;10792;12889;1986.0
4916;12889;10257;2237.0
4917;10792;11292;1359.0
4918;10257;12889;2237.0
4919;11292;10257;1610.0
4920;13198;14679;1334.0
4921;11057;11259;926.0
4922;10693;14685;417.0
4923;10994;13232;745.0
4924;12339;10693;249.0
4925;14122;11259;1060.0
4926;13796;11884;723.0
4927;10423;13342;1032.0
4928;14100;11259;1295.0
4929;13796;10423;1497.0
4930;13796;12191;1642.0
4931;12191;15376;946.0
4932;12992;15016;296.0
4933;14576;12889;2040.0
4934;13204;14893;2408.0
4935;14831;11259;1450.0
4936;11697;11259;1108.0
4937;11259;11697;1108.0
4938;12889;14730;1624.0
4939;12992;12889;1294.0
4940;14027;10693;757.0
4941;13495;14683;495.0
4942;13232;14747;1733.0
4943;12451;13232;848.0
4944;13851;10423;358.0
4945;10423;14893;1481.0
4946;10693;11193;230.0
4947;15016;11066;409.0
4948;12191;10599;570.0
4949;15370;10693;515.0
4950;11481;11259;674.0
4951;12896;12889;775.0
4952;12889;13158;795.0
4953;12889;12896;775.0
4954;14679;11540;636.0
4955;12954;10821;2318.0
4956;13198;14683;706.0
4957;14635;13198;1155.0
4958;12954;10140;664.0
4959;13232;12954;1741.0
4960;14685;13232;758.0
4961;11193;10693;230.0
4962;10821;11996;426.0
4963;11996;10693;265.0
4964;11259;13342;850.0
4965;12896;10423;341.0
4966;11259;15376;824.0
4967;13342;15304;1075.0
4968;10423;12896;341.0
4969;15304;14730;727.0
4970;12191;11481;570.0
4971;10140;10821;1670.0
4972;10529;10693;852.0
4973;14570;10800;374.0
4974;10849;12889;701.0
4975;12889;10849;701.0
4976;14893;11603;384.0
4977;14689;14893;310.0
4978;10423;14908;1209.0
4979;11066;10423;1073.0
4980;10693;12339;249.0
4981;12339;12191;861.0
4982;14747;13232;1733.0
4983;13796;11259;1468.0
4984;10721;11066;640.0
4985;11066;10721;640.0
4986;12953;15370;1231.0
4987;11624;12953;1207.0
4988;12953;11624;1207.0
4989;14122;11278;204.0
4990;11278;14122;204.0
4991;12953;14122;335.0
4992;12992;12953;1085.0
4993;12339;13930;177.0
4994;13930;12339;177.0
4995;13931;12478;290.0
4996;12478;13931;290.0
4997;12478;11193;589.0
4998;11193;12478;589.0
4999;10721;12339;818.0
5000;12339;10721;818.0
5001;12953;11278;214.0
5002;12953;14574;405.0
5003;14574;12953;405.0
5004;11278;13244;762.0
5005;12339;11278;500.0
5006;11278;12339;500.0
5007;13244;11278;762.0
5008;14100;13244;875.0
5009;11278;12953;214.0
5010;12953;14524;291.0
5011;14524;12953;291.0
5012;10792;12953;292.0
5013;12339;12953;660.0
5014;10721;13342;860.0
5015;12478;14321;273.0
5016;14321;12478;273.0
5017;12478;14524;288.0
5018;14524;12478;288.0
5019;11042;12953;419.0
5020;10994;12953;641.0
5021;12953;10994;641.0
5022;12953;11042;419.0
5023;12953;14321;269.0
5024;12953;10792;292.0
5025;12953;14685;722.0
5026;13931;12953;296.0
5027;12953;14730;659.0
5028;12953;12339;660.0
5029;14730;12953;659.0
5030;14321;12953;269.0
5031;14685;12953;722.0
5032;14122;12953;335.0
5033;12953;13485;812.0
5034;11066;12478;483.0
5035;12478;11066;483.0
5036;11433;14524;455.0
5037;14524;11433;455.0
5038;14321;11433;668.0
5039;13342;10721;860.0
5040;12953;11986;618.0
5041;11433;14321;668.0
5042;10721;14730;829.0
5043;14730;10721;829.0
5044;11986;12953;618.0
5045;12953;13342;738.0
5046;13342;12953;738.0
5047;11995;12953;461.0
5048;12953;11995;461.0
5049;13485;12953;812.0
5050;12953;13851;1341.0
5051;15370;12953;1231.0
5052;12953;13244;963.0
5053;13244;12953;963.0
5054;13244;14100;875.0
5055;11278;15370;1050.0
5056;15370;11278;1050.0
5057;13851;12953;1341.0
5058;12953;12992;1085.0
5059;14122;14492;328.0
5060;14492;14122;328.0
5061;12953;15919;1147.0
5062;12953;13931;296.0
5063;14730;11278;474.0
5064;10431;12953;599.0
5065;12953;10431;599.0
5066;12339;12478;665.0
5067;12478;12339;665.0
5068;10990;12953;305.0
5069;11278;14730;474.0
5070;12264;14122;182.0
5071;12264;11066;299.0
5072;14122;12264;182.0
5073;13931;11618;284.0
5074;15096;11618;194.0
5075;11618;15096;194.0
5076;11996;12953;610.0
5077;15919;12953;1147.0
5078;11618;14524;277.0
5079;12264;10693;542.0
5080;11193;12264;388.0
5081;12264;10994;442.0
5082;12264;12339;476.0
5083;11481;13930;810.0
5084;13930;11481;810.0
5085;11618;11066;463.0
5086;14100;12264;135.0
5087;12264;14100;135.0
5088;12264;14321;493.0
5089;14730;11618;642.0
5090;14321;13930;900.0
5091;12323;11618;488.0
5092;11618;12323;488.0
5093;13342;11618;725.0
5094;11618;13342;725.0
5095;11618;15016;872.0
5096;11618;14730;642.0
5097;10785;11618;266.0
5098;11066;12264;299.0
5099;12264;10785;441.0
5100;10431;11618;583.0
5101;11618;10431;583.0
5102;11618;11986;605.0
5103;11618;11278;199.0
5104;10792;11618;282.0
5105;10792;12264;283.0
5106;12264;10792;283.0
5107;11996;11618;594.0
5108;11618;11996;594.0
5109;10994;12264;442.0
5110;10693;12264;542.0
5111;11066;11618;463.0
5112;11618;14576;246.0
5113;11618;10792;282.0
5114;11618;10785;266.0
5115;12339;12264;476.0
5116;12264;12953;228.0
5117;12953;12264;228.0
5118;11278;11618;199.0
5119;11618;13931;284.0
5120;12264;11624;1024.0
5121;14122;11618;319.0
5122;11624;12264;1024.0
5123;11986;11618;605.0
5124;11618;14122;319.0
5125;11618;14321;284.0
5126;13930;14321;900.0
5127;10721;13198;1256.0
5128;13198;10721;1256.0
5129;12945;11278;414.0
5130;11042;12478;425.0
5131;12478;11042;425.0
5132;12323;12953;500.0
5133;12953;12323;500.0
5134;10868;12953;617.0
5135;12953;10868;617.0
5136;12953;10990;305.0
5137;12953;11996;610.0
5138;12953;15096;198.0
5139;15096;12953;198.0
5140;12945;12953;604.0
5141;12953;12945;604.0
5142;11278;12945;414.0
5143;14683;11278;1380.0
5144;11278;14683;1380.0
5145;14004;12892;984.0
5146;12892;14004;984.0
5147;14057;14570;444.0
5148;14570;14057;444.0
5149;13495;14057;2051.0
5150;14057;13495;2051.0
5151;14307;14635;1200.0
5152;12391;14635;1101.0
5153;14635;12391;1101.0
5154;11433;13931;529.0
5155;13931;11433;529.0
5156;13232;11298;797.0
5157;11298;13232;797.0
5158;15412;11624;787.0
5159;11624;15412;787.0
5160;10466;10713;749.0
5161;10713;10466;749.0
5162;14574;14986;701.0
5163;14986;14574;701.0
5164;11537;14082;1089.0
5165;14082;11537;1089.0
5166;11423;16422;844.0
5167;16422;11423;844.0
5168;15412;14986;586.0
5169;14986;15412;586.0
5170;10408;12889;1510.0
5171;12889;10408;1510.0
5172;12889;11637;1205.0
5173;11637;12889;1205.0
5174;12889;14814;1243.0
5175;14814;12889;1243.0
5176;14112;11995;587.0
5177;11995;14112;587.0
5178;11423;10693;530.0
5179;10693;11423;530.0
5180;14761;12278;1117.0
5181;12278;14761;1117.0
5182;13433;12889;1098.0
5183;12889;13433;1098.0
5184;14112;14730;729.0
5185;14730;14112;729.0
5186;11697;14696;1134.0
5187;14696;11697;1134.0
5188;14761;13871;1195.0
5189;13871;14761;1195.0
5190;14112;11003;1090.0
5191;11003;14112;1090.0
5192;10874;14112;899.0
5193;14112;10874;899.0
5194;13244;14761;671.0
5195;14761;13244;671.0
5196;13577;10721;738.0
5197;10721;13577;738.0
5198;13204;14193;381.0
5199;14193;13204;381.0
5200;11278;10781;985.0
5201;11278;10208;468.0
5202;11278;11146;249.0
5203;11278;12278;1110.0
5204;12278;11278;1110.0
5205;10874;11278;274.0
5206;11278;10874;274.0
5207;11146;11278;249.0
5208;10781;11278;985.0
5209;11278;12884;479.0
5210;12884;11278;479.0
5211;10980;11278;523.0
5212;10208;11278;468.0
5213;11057;11641;118.0
5214;11641;11057;118.0
5215;10581;14100;473.0
5216;10868;11057;88.0
5217;14100;14307;237.0
5218;14100;10581;473.0
5219;11278;13277;693.0
5220;13277;11278;693.0
5221;11057;10868;88.0
5222;14307;14100;237.0
5223;13367;11057;673.0
5224;11057;13367;673.0
5225;12945;14100;520.0
5226;14100;12945;520.0
5227;11278;10980;523.0
5228;12448;11278;860.0
5229;10599;12266;562.0
5230;12266;10599;562.0
5231;10781;12266;253.0
5232;12266;15919;438.0
5233;15919;12266;438.0
5234;12266;10781;253.0
5235;12441;14679;828.0
5236;12889;14698;314.0
5237;15023;12889;454.0
5238;14698;12889;314.0
5239;12889;15023;454.0
5240;13476;14747;750.0
5241;14747;13476;750.0
5242;14679;12441;828.0
5243;11337;13487;144.0
5244;13487;11337;144.0
5245;13264;14057;222.0
5246;14057;13264;222.0
5247;12003;14747;512.0
5248;14747;12003;512.0
5249;14679;11503;745.0
5250;11503;14679;745.0
5251;10135;13930;654.0
5252;13930;10135;654.0
5253;12266;12951;201.0
5254;11481;12266;572.0
5255;12266;11481;572.0
5256;12266;11140;201.0
5257;12951;12266;201.0
5258;10279;12266;518.0
5259;11140;12266;201.0
5260;12266;10279;518.0
5261;11423;12266;802.0
5262;12266;11423;802.0
5263;10994;12266;925.0
5264;12266;10994;925.0
5265;12266;15376;937.0
5266;15376;12266;937.0
5267;14635;11259;1005.0
5268;11259;14986;934.0
5269;11259;14635;1005.0
5270;14986;11259;934.0
5271;14100;14730;577.0
5272;12953;11423;1031.0
5273;12323;14100;414.0
5274;14100;12323;414.0
5275;14730;14100;577.0
5276;11423;12953;1031.0
5277;14576;11618;246.0
5278;14524;11618;277.0
5279;12264;14524;100.0
5280;14576;12264;287.0
5281;14524;12264;100.0
5282;12094;11697;1843.0
5283;11697;12094;1843.0
5284;10994;13487;1087.0
5285;13487;10994;1087.0
5286;10408;13204;1162.0
5287;13204;10408;1162.0
5288;13487;14633;76.0
5289;14633;13487;76.0
5290;13487;11003;220.0
5291;13487;14730;604.0
5292;14730;13487;604.0
5293;11003;13487;220.0
5294;12094;11259;779.0
5295;11259;12094;779.0
5296;10397;10990;457.0
5297;10990;10397;457.0
5298;12266;10792;1281.0
5299;14893;12982;2508.0
5300;12982;14893;2508.0
5301;14831;12982;2465.0
5302;10299;12758;2875.0
5303;13296;14635;1271.0
5304;14635;13296;1271.0
5305;10397;15027;1638.0
5306;15027;10397;1638.0
5307;13871;14082;1269.0
5308;14082;13871;1269.0
5309;14730;14082;806.0
5310;14082;14730;806.0
5311;14082;13232;1076.0
5312;13232;14082;1076.0
5313;11697;15096;1197.0
5314;15096;11697;1197.0
5315;13367;14761;1018.0
5316;14761;13367;1018.0
5317;14761;13256;1059.0
5318;13256;14761;1059.0
5319;13577;14100;474.0
5320;14100;13577;474.0
5321;10693;10849;1435.0
5322;12264;15096;295.0
5323;12758;10299;2875.0
5324;11618;13232;711.0
5325;13232;11618;711.0
5326;13204;13577;388.0
5327;13577;13204;388.0
5328;10721;12094;1871.0
5329;12094;10721;1871.0
5330;11433;12217;554.0
5331;12217;11433;554.0
5332;10299;10165;1192.0
5333;10165;10299;1192.0
5334;12094;13487;774.0
5335;13487;12094;774.0
5336;10466;13367;1287.0
5337;13367;10466;1287.0
5338;11898;10466;1260.0
5339;10466;11898;1260.0
5340;14100;10158;45.0
5341;12094;14679;769.0
5342;14679;12094;769.0
5343;12094;14747;891.0
5344;14747;12094;891.0
5345;14747;11503;940.0
5346;11503;14747;940.0
5347;12264;14576;287.0
5348;15096;12264;295.0
5349;11298;15096;1336.0
5350;11298;10257;1434.0
5351;12982;14831;2465.0
5352;13933;14635;1220.0
5353;14635;13933;1220.0
5354;10849;12478;1902.0
5355;12478;10849;1902.0
5356;12478;13487;1029.0
5357;13487;12478;1029.0
5358;13487;14122;726.0
5359;14122;13487;726.0
5360;12206;13487;1310.0
5361;13487;12206;1310.0
5362;13487;15624;1058.0
5363;15624;13487;1058.0
5364;12441;13487;872.0
5365;13487;12441;872.0
5366;11433;11193;229.0
5367;11193;11433;229.0
5368;11433;14057;1953.0
5369;14057;11433;1953.0
5370;11433;13577;636.0
5371;13577;11433;636.0
5372;11140;11292;930.0
5373;11292;11140;930.0
5374;11042;10423;1174.0
5375;10423;11042;1174.0
5376;14635;11986;1147.0
5377;11986;14635;1147.0
5378;15412;10721;830.0
5379;10721;15412;830.0
5380;14107;15412;1599.0
5381;15412;14107;1599.0
5382;11775;14761;1334.0
5383;14761;11775;1334.0
5384;14108;14986;1001.0
5385;14986;14108;1001.0
5386;10874;14082;965.0
5387;14082;10874;965.0
5388;14122;14761;810.0
5389;14761;14122;810.0
5390;13360;14122;854.0
5391;14122;13360;854.0
5392;12917;14986;856.0
5393;14986;12917;856.0
5394;12339;12451;687.0
5395;12451;12339;687.0
5396;14314;12191;1181.0
5397;12191;14314;1181.0
5398;14986;12264;849.0
5399;12264;14986;849.0
5400;11193;14027;892.0
5401;14027;11193;892.0
5402;14027;10431;620.0
5403;10431;14027;620.0
5404;10693;14112;612.0
5405;15624;11618;988.0
5406;11618;15624;988.0
5407;15919;12889;1163.0
5408;12889;15919;1163.0
5409;10666;10466;1208.0
5410;10466;10666;1208.0
5411;14761;10685;917.0
5412;10685;14761;917.0
5413;14112;10693;612.0
5414;11612;14761;734.0
5415;14761;11612;734.0
5416;13367;14112;1033.0
5417;14112;13367;1033.0
5418;11697;12945;865.0
5419;11697;13244;851.0
5420;13244;11697;851.0
5421;12945;11697;865.0
5422;14696;14112;973.0
5423;14112;14696;973.0
5424;14761;11027;727.0
5425;11027;14761;727.0
5426;12223;14761;665.0
5427;14761;12223;665.0
5428;10874;14761;837.0
5429;14761;10874;837.0
5430;11057;12217;333.0
5431;14057;10849;554.0
5432;10849;14057;554.0
5433;10397;11612;350.0
5434;11612;10397;350.0
5435;11259;11042;1015.0
5436;13244;12478;964.0
5437;12478;13244;964.0
5438;11721;12451;867.0
5439;12451;11721;867.0
5440;14986;11423;1160.0
5441;11423;14986;1160.0
5442;14027;11986;1158.0
5443;11986;14027;1158.0
5444;11267;14082;904.0
5445;14082;11267;904.0
5446;14082;14576;1143.0
5447;14576;14082;1143.0
5448;11775;14082;1415.0
5449;14082;11775;1415.0
5450;11193;16422;627.0
5451;16422;11193;627.0
5452;15412;12451;390.0
5453;12451;15412;390.0
5454;14908;11423;1428.0
5455;11423;14908;1428.0
5456;11637;14112;1519.0
5457;14112;11637;1519.0
5458;15412;12264;420.0
5459;12264;15412;420.0
5460;14314;10423;1051.0
5461;10423;14314;1051.0
5462;13264;14908;659.0
5463;12889;13264;600.0
5464;10466;12003;978.0
5465;12003;10466;978.0
5466;14082;10980;591.0
5467;10980;14082;591.0
5468;12889;10431;1824.0
5469;10431;12889;1824.0
5470;11996;14986;517.0
5471;14986;11996;517.0
5472;13264;12889;600.0
5473;14908;13264;659.0
5474;13577;10135;518.0
5475;14986;10135;1000.0
5476;10135;14986;1000.0
5477;15070;13577;601.0
5478;10135;13577;518.0
5479;13577;15070;601.0
5480;14082;15008;1447.0
5481;15008;14082;1447.0
5482;12339;11624;1078.0
5483;11624;12339;1078.0
5484;11423;10423;813.0
5485;10423;11423;813.0
5486;11996;14761;426.0
5487;14761;11996;426.0
5488;10135;14635;1038.0
5489;14635;10135;1038.0
5490;13204;10135;906.0
5491;10135;13204;906.0
5492;11721;10466;1650.0
5493;10466;11721;1650.0
5494;10466;13871;1026.0
5495;13871;10466;1026.0
5496;10408;11697;1338.0
5497;10408;16422;964.0
5498;11697;10408;1338.0
5499;16422;10408;964.0
5500;14986;14512;1085.0
5501;14512;14986;1085.0
5502;14986;15295;981.0
5503;15295;14986;981.0
5504;10431;11624;751.0
5505;11624;10431;751.0
5506;13230;14986;942.0
5507;14986;13230;942.0
5508;10581;14082;1433.0
5509;14082;10581;1433.0
5510;11423;11697;1316.0
5511;11697;11423;1316.0
5512;11109;10466;543.0
5513;10466;11109;543.0
5514;12278;10466;855.0
5515;10466;12278;855.0
5516;14986;11003;1125.0
5517;11003;14986;1125.0
5518;14986;10431;554.0
5519;10431;14986;554.0
5520;11193;14685;515.0
5521;11193;13495;701.0
5522;13495;11193;701.0
5523;11898;12889;1230.0
5524;12889;11898;1230.0
5525;12889;10980;1682.0
5526;10980;12889;1682.0
5527;12889;14512;1455.0
5528;14512;12889;1455.0
5529;14696;12889;1594.0
5530;12889;14696;1594.0
5531;11648;12889;846.0
5532;12889;11648;846.0
5533;12889;12945;1686.0
5534;12945;12889;1686.0
5535;12889;14905;310.0
5536;14905;12889;310.0
5537;14112;11537;1035.0
5538;13198;14112;1045.0
5539;14112;13198;1045.0
5540;11537;14112;1035.0
5541;14112;15380;1172.0
5542;15380;14112;1172.0
5543;14112;13244;653.0
5544;14112;14574;668.0
5545;14574;14112;668.0
5546;13244;14112;653.0
5547;12889;10627;1048.0
5548;10627;12889;1048.0
5549;14457;12889;843.0
5550;12889;14457;843.0
5551;14761;10257;1049.0
5552;10257;14761;1049.0
5553;11624;14761;292.0
5554;14761;11624;292.0
5555;10874;11697;1026.0
5556;14685;10874;606.0
5557;10868;14761;356.0
5558;14761;10868;356.0
5559;10693;11637;910.0
5560;11637;10693;910.0
5561;10874;14685;606.0
5562;11697;10874;1026.0
5563;14685;11193;515.0
5564;13367;12889;1376.0
5565;12889;13367;1376.0
5566;14112;15295;945.0
5567;15295;14112;945.0
5568;12223;11697;859.0
5569;11697;12223;859.0
5570;11697;15919;1092.0
5571;11697;11823;1067.0
5572;11823;11697;1067.0
5573;15919;11697;1092.0
5574;15070;14112;1055.0
5575;14112;15070;1055.0
5576;11697;10868;545.0
5577;10868;11697;545.0
5578;14761;14259;1144.0
5579;14259;14761;1144.0
5580;12119;14112;861.0
5581;12265;14112;1069.0
5582;14112;12119;861.0
5583;14112;12265;1069.0
5584;14761;15370;995.0
5585;14761;14730;698.0
5586;14730;14761;698.0
5587;15323;14761;535.0
5588;14761;15323;535.0
5589;15370;14761;995.0
5590;14112;10980;513.0
5591;10980;14112;513.0
5592;11057;15249;386.0
5593;15249;11057;386.0
5594;12892;10599;1815.0
5595;13303;11603;2704.0
5596;14057;14100;2406.0
5597;14100;14057;2406.0
5598;13303;12896;1399.0
5599;14747;14635;2623.0
5600;11042;13487;622.0
5601;13487;11042;622.0
5602;11603;14908;776.0
5603;14908;11603;776.0
5604;13930;12012;1031.0
5605;11057;10372;1451.0
5606;10372;11057;1451.0
5607;12892;11648;1015.0
5608;11259;10792;1206.0
5609;11259;14057;1626.0
5610;13871;10423;772.0
5611;10792;11259;1206.0
5612;13502;11259;733.0
5613;11259;13502;733.0
5614;13296;15304;1204.0
5615;14683;11109;732.0
5616;12191;12896;474.0
5617;11259;14570;1356.0
5618;11109;12191;829.0
5619;14679;13871;1313.0
5620;13232;14262;1657.0
5621;14262;13232;1657.0
5622;10423;13871;772.0
5623;10821;11109;1503.0
5624;11109;10821;1503.0
5625;14893;15376;751.0
5626;13931;11259;1203.0
5627;11259;13931;1203.0
5628;12191;11109;829.0
5629;11109;14683;732.0
5630;14057;11259;1626.0
5631;11697;12896;1398.0
5632;14570;11259;1356.0
5633;15376;14893;751.0
5634;12896;13303;1399.0
5635;13871;14679;1313.0
5636;15304;13296;1204.0
5637;12896;12191;474.0
5638;10721;13244;1139.0
5639;13244;10721;1139.0
5640;12953;10785;258.0
5641;14100;14711;153.0
5642;14711;14100;153.0
5643;14534;11122;102.0
5644;13230;13204;851.0
5645;13204;13230;851.0
5646;11057;14262;2020.0
5647;14262;11057;2020.0
5648;13930;15027;2158.0
5649;15027;13930;2158.0
5650;11298;15024;2225.0
5651;15024;11298;2225.0
5652;14057;11697;2694.0
5653;11697;14057;2694.0
5654;14057;15304;2497.0
5655;15304;14057;2497.0
5656;10299;13830;2797.0
5657;13830;10299;2797.0
5658;14635;14747;2623.0
5659;14869;12953;1983.0
5660;12953;14869;1983.0
5661;10849;12953;1894.0
5662;12953;10849;1894.0
5663;14843;12953;1608.0
5664;12953;14843;1608.0
5665;11042;14986;967.0
5666;14986;11042;967.0
5667;14492;10792;487.0
5668;10792;14492;487.0
5669;11721;10693;497.0
5670;10693;11721;497.0
5671;10466;11193;1553.0
5672;11193;10466;1553.0
5673;12451;13230;724.0
5674;13230;12451;724.0
5675;14761;11267;785.0
5676;11267;14761;785.0
5677;14761;14524;643.0
5678;14524;14761;643.0
5679;14986;10423;936.0
5680;10423;14986;936.0
5681;14761;14314;1898.0
5682;14314;14761;1898.0
5683;11823;10466;1546.0
5684;10466;11823;1546.0
5685;10994;11193;497.0
5686;11193;10994;497.0
5687;10721;11986;740.0
5688;11986;10721;740.0
5689;14112;11612;752.0
5690;11612;14112;752.0
5691;10666;12892;1047.0
5692;12892;10666;1047.0
5693;13232;15624;782.0
5694;15624;13232;782.0
5695;15624;14730;532.0
5696;14730;15624;532.0
5697;12264;14685;516.0
5698;14685;12264;516.0
5699;10135;10693;684.0
5700;10693;10135;684.0
5701;14761;12992;765.0
5702;12992;14761;765.0
5703;12945;13303;880.0
5704;13303;12945;880.0
5705;13303;13485;1300.0
5706;13485;13303;1300.0
5707;14783;13303;1102.0
5708;13303;14783;1102.0
5709;13303;12217;722.0
5710;12217;13303;722.0
5711;12278;13303;1295.0
5712;13303;12278;1295.0
5713;14771;13486;769.0
5714;13486;14771;769.0
5715;13487;13931;1045.0
5716;13931;13487;1045.0
5717;12012;13930;1031.0
5718;11648;12892;1015.0
5719;12266;15024;2070.0
5720;15024;12266;2070.0
5721;12094;12264;1581.0
5722;12264;12094;1581.0
5723;12264;11503;1572.0
5724;11503;12264;1572.0
5725;10849;12264;1773.0
5726;12264;10849;1773.0
5727;12264;12441;1750.0
5728;12441;12264;1750.0
5729;13930;12758;4213.0
5730;12758;13930;4213.0
5731;13830;11618;4903.0
5732;11618;13830;4903.0
5733;14843;10423;2146.0
5734;12191;14685;853.0
5735;12191;11057;920.0
5736;11481;15016;634.0
5737;15016;14193;598.0
5738;14193;15016;598.0
5739;14635;12191;852.0
5740;12191;10279;537.0
5741;10849;10693;1435.0
5742;11540;13204;1516.0
5743;13871;15304;1190.0
5744;11057;12191;920.0
5745;10693;14843;1753.0
5746;13204;12448;588.0
5747;13198;14492;904.0
5748;13204;11540;1516.0
5749;14843;12191;1997.0
5750;15016;14843;2024.0
5751;10279;12191;537.0
5752;12191;14635;852.0
5753;15016;11481;634.0
5754;14843;10693;1753.0
5755;14576;15304;1079.0
5756;15304;14576;1079.0
5757;15304;13871;1190.0
5758;14843;15016;2024.0
5759;14986;10792;1093.0
5760;14843;13232;2057.0
5761;10423;14843;2146.0
5762;13244;15304;655.0
5763;15304;13244;655.0
5764;13232;14843;2057.0
5765;14492;13198;904.0
5766;12448;13204;588.0
5767;10693;12094;1153.0
5768;12094;10693;1153.0
5769;13204;10140;1553.0
5770;14685;12191;853.0
5771;13204;15370;1006.0
5772;15370;13204;1006.0
5773;12191;14843;1997.0
5774;10792;14986;1093.0
5775;10140;13204;1553.0
5776;14576;13303;1203.0
5777;13303;12992;941.0
5778;12992;13303;941.0
5779;13303;10792;1185.0
5780;13303;14576;1203.0
5781;13303;10257;1225.0
5782;11003;13303;1286.0
5783;15370;13303;1168.0
5784;13303;11003;1286.0
5785;10792;13303;1185.0
5786;13303;15370;1168.0
5787;10257;13303;1225.0
5788;10785;12953;258.0
5789;13303;13230;1013.0
5790;13230;13303;1013.0
5791;12323;13930;760.0
5792;13930;12323;760.0
5793;10397;10731;238.0
5794;10731;10397;238.0
5795;11697;13871;1383.0
5796;13871;11697;1383.0
5797;13502;12266;927.0
5798;12266;13502;927.0
5799;10397;15323;227.0
5800;15323;10397;227.0
5801;10792;12266;1281.0
5802;10397;13795;399.0
5803;13204;11423;1141.0
5804;11423;13204;1141.0
5805;16422;10693;406.0
5806;10693;16422;406.0
5807;10693;13230;608.0
5808;15096;10693;741.0
5809;13230;10693;608.0
5810;10693;15096;741.0
5811;12264;14711;132.0
5812;14711;12264;132.0
